order_id,line_no,full_date,year,month,product_name,category,store_name,province,region,quantity,unit_price,amount
E00001,1,2026-08-14,2026,2026-08,Tea,Drink,Bangsaen,Chonburi,East,3,50,150
E00002,1,2026-10-02,2026,2026-10,Cookie,Snack,Siam,Bangkok,Central,5,80,400
E00002,2,2026-10-02,2026,2026-10,Tea,Drink,Siam,Bangkok,Central,2,50,100
E00002,3,2026-10-02,2026,2026-10,Sandwich,Food,Siam,Bangkok,Central,5,100,500
E00003,1,2026-10-05,2026,2026-10,Cookie,Snack,Nimman,Chiang Mai,North,2,80,160
E00004,1,2026-10-14,2026,2026-10,Cookie,Snack,Muang Rayong,Rayong,East,4,80,320
E00004,2,2026-10-14,2026,2026-10,Brownie,Snack,Muang Rayong,Rayong,East,2,90,180
E00005,1,2026-08-13,2026,2026-08,Tea,Drink,Ari,Bangkok,Central,5,50,250
E00006,1,2026-08-21,2026,2026-08,Sandwich,Food,Ari,Bangkok,Central,4,100,400
E00006,2,2026-08-21,2026,2026-08,Cocoa,Drink,Ari,Bangkok,Central,1,60,60
E00006,3,2026-08-21,2026,2026-08,Coffee,Drink,Ari,Bangkok,Central,4,65,260
E00007,1,2026-10-22,2026,2026-10,Sandwich,Food,Pattaya,Chonburi,East,5,100,500
E00007,2,2026-10-22,2026,2026-10,Cookie,Snack,Pattaya,Chonburi,East,1,80,80
E00008,1,2026-10-14,2026,2026-10,Cookie,Snack,Siam,Bangkok,Central,2,80,160
E00009,1,2026-09-27,2026,2026-09,Tea,Drink,Nimman,Chiang Mai,North,5,50,250
E00010,1,2026-09-15,2026,2026-09,Brownie,Snack,Ari,Bangkok,Central,3,90,270
E00010,2,2026-09-15,2026,2026-09,Tea,Drink,Ari,Bangkok,Central,2,50,100
E00011,1,2026-08-05,2026,2026-08,Sandwich,Food,Siam,Bangkok,Central,2,100,200
E00011,2,2026-08-05,2026,2026-08,Brownie,Snack,Siam,Bangkok,Central,3,90,270
E00011,3,2026-08-05,2026,2026-08,Cookie,Snack,Siam,Bangkok,Central,2,80,160
E00012,1,2026-08-22,2026,2026-08,Coffee,Drink,Nimman,Chiang Mai,North,3,65,195
E00013,1,2026-09-06,2026,2026-09,Cookie,Snack,Siam,Bangkok,Central,4,80,320
E00013,2,2026-09-06,2026,2026-09,Coffee,Drink,Siam,Bangkok,Central,4,65,260
E00014,1,2026-10-14,2026,2026-10,Tea,Drink,Ari,Bangkok,Central,3,50,150
E00014,2,2026-10-14,2026,2026-10,Brownie,Snack,Ari,Bangkok,Central,2,90,180
E00014,3,2026-10-14,2026,2026-10,Sandwich,Food,Ari,Bangkok,Central,2,100,200
E00015,1,2026-10-25,2026,2026-10,Brownie,Snack,Muang Rayong,Rayong,East,3,90,270
E00015,2,2026-10-25,2026,2026-10,Sandwich,Food,Muang Rayong,Rayong,East,5,100,500
E00015,3,2026-10-25,2026,2026-10,Tea,Drink,Muang Rayong,Rayong,East,1,50,50
E00016,1,2026-09-09,2026,2026-09,Cocoa,Drink,Nimman,Chiang Mai,North,5,60,300
E00016,2,2026-09-09,2026,2026-09,Sandwich,Food,Nimman,Chiang Mai,North,5,100,500
E00016,3,2026-09-09,2026,2026-09,Tea,Drink,Nimman,Chiang Mai,North,2,50,100
E00017,1,2026-09-22,2026,2026-09,Cookie,Snack,Pattaya,Chonburi,East,1,80,80
E00017,2,2026-09-22,2026,2026-09,Brownie,Snack,Pattaya,Chonburi,East,2,90,180
E00017,3,2026-09-22,2026,2026-09,Tea,Drink,Pattaya,Chonburi,East,2,50,100
E00018,1,2026-08-23,2026,2026-08,Tea,Drink,Muang Rayong,Rayong,East,5,50,250
E00019,1,2026-10-09,2026,2026-10,Tea,Drink,Pattaya,Chonburi,East,3,50,150
E00019,2,2026-10-09,2026,2026-10,Brownie,Snack,Pattaya,Chonburi,East,5,90,450
E00019,3,2026-10-09,2026,2026-10,Coffee,Drink,Pattaya,Chonburi,East,1,65,65
E00020,1,2026-09-15,2026,2026-09,Cocoa,Drink,Siam,Bangkok,Central,3,60,180
E00021,1,2026-09-17,2026,2026-09,Tea,Drink,Ari,Bangkok,Central,2,50,100
E00022,1,2026-10-05,2026,2026-10,Cookie,Snack,Ari,Bangkok,Central,5,80,400
E00022,2,2026-10-05,2026,2026-10,Cocoa,Drink,Ari,Bangkok,Central,4,60,240
E00022,3,2026-10-05,2026,2026-10,Sandwich,Food,Ari,Bangkok,Central,3,100,300
E00023,1,2026-09-04,2026,2026-09,Brownie,Snack,Bangsaen,Chonburi,East,4,90,360
E00023,2,2026-09-04,2026,2026-09,Coffee,Drink,Bangsaen,Chonburi,East,5,65,325
E00024,1,2026-08-24,2026,2026-08,Sandwich,Food,Nimman,Chiang Mai,North,2,100,200
E00024,2,2026-08-24,2026,2026-08,Cookie,Snack,Nimman,Chiang Mai,North,5,80,400
E00024,3,2026-08-24,2026,2026-08,Coffee,Drink,Nimman,Chiang Mai,North,3,65,195
E00025,1,2026-09-30,2026,2026-09,Brownie,Snack,Muang Rayong,Rayong,East,3,90,270
E00026,1,2026-10-07,2026,2026-10,Tea,Drink,Muang Rayong,Rayong,East,5,50,250
E00026,2,2026-10-07,2026,2026-10,Coffee,Drink,Muang Rayong,Rayong,East,4,65,260
E00027,1,2026-09-18,2026,2026-09,Brownie,Snack,Muang Rayong,Rayong,East,5,90,450
E00028,1,2026-09-09,2026,2026-09,Coffee,Drink,Pattaya,Chonburi,East,5,65,325
E00028,2,2026-09-09,2026,2026-09,Sandwich,Food,Pattaya,Chonburi,East,4,100,400
E00028,3,2026-09-09,2026,2026-09,Cocoa,Drink,Pattaya,Chonburi,East,4,60,240
E00029,1,2026-10-13,2026,2026-10,Cocoa,Drink,Muang Rayong,Rayong,East,5,60,300
E00030,1,2026-09-09,2026,2026-09,Tea,Drink,Siam,Bangkok,Central,4,50,200
E00030,2,2026-09-09,2026,2026-09,Brownie,Snack,Siam,Bangkok,Central,1,90,90
E00031,1,2026-08-21,2026,2026-08,Brownie,Snack,Muang Rayong,Rayong,East,2,90,180
E00031,2,2026-08-21,2026,2026-08,Tea,Drink,Muang Rayong,Rayong,East,2,50,100
E00031,3,2026-08-21,2026,2026-08,Sandwich,Food,Muang Rayong,Rayong,East,4,100,400
E00032,1,2026-10-15,2026,2026-10,Cookie,Snack,Pattaya,Chonburi,East,1,80,80
E00033,1,2026-08-02,2026,2026-08,Sandwich,Food,Pattaya,Chonburi,East,1,100,100
E00034,1,2026-08-12,2026,2026-08,Cookie,Snack,Bangsaen,Chonburi,East,4,80,320
E00034,2,2026-08-12,2026,2026-08,Tea,Drink,Bangsaen,Chonburi,East,4,50,200
E00035,1,2026-08-15,2026,2026-08,Sandwich,Food,Ari,Bangkok,Central,5,100,500
E00035,2,2026-08-15,2026,2026-08,Brownie,Snack,Ari,Bangkok,Central,5,90,450
E00035,3,2026-08-15,2026,2026-08,Tea,Drink,Ari,Bangkok,Central,5,50,250
E00036,1,2026-09-02,2026,2026-09,Brownie,Snack,Nimman,Chiang Mai,North,3,90,270
E00036,2,2026-09-02,2026,2026-09,Coffee,Drink,Nimman,Chiang Mai,North,4,65,260
E00036,3,2026-09-02,2026,2026-09,Cocoa,Drink,Nimman,Chiang Mai,North,3,60,180
E00037,1,2026-10-07,2026,2026-10,Sandwich,Food,Pattaya,Chonburi,East,2,100,200
E00037,2,2026-10-07,2026,2026-10,Cookie,Snack,Pattaya,Chonburi,East,4,80,320
E00038,1,2026-10-08,2026,2026-10,Cocoa,Drink,Siam,Bangkok,Central,5,60,300
E00039,1,2026-10-31,2026,2026-10,Cookie,Snack,Bangsaen,Chonburi,East,2,80,160
E00039,2,2026-10-31,2026,2026-10,Sandwich,Food,Bangsaen,Chonburi,East,4,100,400
E00040,1,2026-10-22,2026,2026-10,Cookie,Snack,Siam,Bangkok,Central,3,80,240
E00041,1,2026-08-18,2026,2026-08,Coffee,Drink,Siam,Bangkok,Central,2,65,130
E00041,2,2026-08-18,2026,2026-08,Cookie,Snack,Siam,Bangkok,Central,2,80,160
E00041,3,2026-08-18,2026,2026-08,Cocoa,Drink,Siam,Bangkok,Central,3,60,180
E00042,1,2026-10-26,2026,2026-10,Tea,Drink,Muang Rayong,Rayong,East,1,50,50
E00043,1,2026-08-02,2026,2026-08,Cookie,Snack,Bangsaen,Chonburi,East,1,80,80
E00043,2,2026-08-02,2026,2026-08,Coffee,Drink,Bangsaen,Chonburi,East,4,65,260
E00044,1,2026-09-28,2026,2026-09,Coffee,Drink,Siam,Bangkok,Central,4,65,260
E00044,2,2026-09-28,2026,2026-09,Brownie,Snack,Siam,Bangkok,Central,5,90,450
E00045,1,2026-09-21,2026,2026-09,Brownie,Snack,Siam,Bangkok,Central,3,90,270
E00045,2,2026-09-21,2026,2026-09,Cookie,Snack,Siam,Bangkok,Central,2,80,160
E00046,1,2026-08-04,2026,2026-08,Cocoa,Drink,Nimman,Chiang Mai,North,3,60,180
E00046,2,2026-08-04,2026,2026-08,Tea,Drink,Nimman,Chiang Mai,North,1,50,50
E00047,1,2026-10-29,2026,2026-10,Coffee,Drink,Ari,Bangkok,Central,2,65,130
E00047,2,2026-10-29,2026,2026-10,Sandwich,Food,Ari,Bangkok,Central,2,100,200
E00048,1,2026-09-28,2026,2026-09,Cookie,Snack,Nimman,Chiang Mai,North,5,80,400
E00049,1,2026-10-26,2026,2026-10,Cocoa,Drink,Bangsaen,Chonburi,East,4,60,240
E00049,2,2026-10-26,2026,2026-10,Cookie,Snack,Bangsaen,Chonburi,East,1,80,80
E00049,3,2026-10-26,2026,2026-10,Tea,Drink,Bangsaen,Chonburi,East,2,50,100
E00050,1,2026-10-20,2026,2026-10,Brownie,Snack,Pattaya,Chonburi,East,2,90,180
E00051,1,2026-09-03,2026,2026-09,Cocoa,Drink,Pattaya,Chonburi,East,4,60,240
E00051,2,2026-09-03,2026,2026-09,Cookie,Snack,Pattaya,Chonburi,East,3,80,240
E00052,1,2026-09-17,2026,2026-09,Cocoa,Drink,Pattaya,Chonburi,East,4,60,240
E00052,2,2026-09-17,2026,2026-09,Brownie,Snack,Pattaya,Chonburi,East,2,90,180
E00052,3,2026-09-17,2026,2026-09,Coffee,Drink,Pattaya,Chonburi,East,1,65,65
E00053,1,2026-10-26,2026,2026-10,Brownie,Snack,Muang Rayong,Rayong,East,4,90,360
E00053,2,2026-10-26,2026,2026-10,Sandwich,Food,Muang Rayong,Rayong,East,3,100,300
E00053,3,2026-10-26,2026,2026-10,Coffee,Drink,Muang Rayong,Rayong,East,3,65,195
E00054,1,2026-09-27,2026,2026-09,Tea,Drink,Muang Rayong,Rayong,East,5,50,250
E00054,2,2026-09-27,2026,2026-09,Brownie,Snack,Muang Rayong,Rayong,East,5,90,450
E00055,1,2026-09-03,2026,2026-09,Coffee,Drink,Ari,Bangkok,Central,2,65,130
E00056,1,2026-10-19,2026,2026-10,Cocoa,Drink,Ari,Bangkok,Central,2,60,120
E00057,1,2026-09-13,2026,2026-09,Brownie,Snack,Ari,Bangkok,Central,2,90,180
E00058,1,2026-08-24,2026,2026-08,Brownie,Snack,Muang Rayong,Rayong,East,3,90,270
E00058,2,2026-08-24,2026,2026-08,Tea,Drink,Muang Rayong,Rayong,East,5,50,250
E00059,1,2026-09-11,2026,2026-09,Cookie,Snack,Ari,Bangkok,Central,5,80,400
E00060,1,2026-09-05,2026,2026-09,Brownie,Snack,Muang Rayong,Rayong,East,1,90,90
E00060,2,2026-09-05,2026,2026-09,Coffee,Drink,Muang Rayong,Rayong,East,4,65,260
E00061,1,2026-10-25,2026,2026-10,Cocoa,Drink,Bangsaen,Chonburi,East,3,60,180
E00061,2,2026-10-25,2026,2026-10,Coffee,Drink,Bangsaen,Chonburi,East,2,65,130
E00062,1,2026-10-02,2026,2026-10,Cookie,Snack,Muang Rayong,Rayong,East,2,80,160
E00062,2,2026-10-02,2026,2026-10,Brownie,Snack,Muang Rayong,Rayong,East,1,90,90
E00062,3,2026-10-02,2026,2026-10,Tea,Drink,Muang Rayong,Rayong,East,5,50,250
E00063,1,2026-09-20,2026,2026-09,Coffee,Drink,Nimman,Chiang Mai,North,5,65,325
E00064,1,2026-09-04,2026,2026-09,Cookie,Snack,Nimman,Chiang Mai,North,5,80,400
E00064,2,2026-09-04,2026,2026-09,Sandwich,Food,Nimman,Chiang Mai,North,2,100,200
E00064,3,2026-09-04,2026,2026-09,Brownie,Snack,Nimman,Chiang Mai,North,2,90,180
E00065,1,2026-10-22,2026,2026-10,Cookie,Snack,Pattaya,Chonburi,East,5,80,400
E00065,2,2026-10-22,2026,2026-10,Coffee,Drink,Pattaya,Chonburi,East,5,65,325
E00066,1,2026-10-05,2026,2026-10,Sandwich,Food,Bangsaen,Chonburi,East,2,100,200
E00067,1,2026-10-01,2026,2026-10,Brownie,Snack,Siam,Bangkok,Central,5,90,450
E00067,2,2026-10-01,2026,2026-10,Tea,Drink,Siam,Bangkok,Central,5,50,250
E00067,3,2026-10-01,2026,2026-10,Coffee,Drink,Siam,Bangkok,Central,2,65,130
E00068,1,2026-09-16,2026,2026-09,Cocoa,Drink,Nimman,Chiang Mai,North,4,60,240
E00069,1,2026-08-20,2026,2026-08,Cocoa,Drink,Siam,Bangkok,Central,2,60,120
E00069,2,2026-08-20,2026,2026-08,Tea,Drink,Siam,Bangkok,Central,3,50,150
E00070,1,2026-10-15,2026,2026-10,Cocoa,Drink,Pattaya,Chonburi,East,3,60,180
E00070,2,2026-10-15,2026,2026-10,Coffee,Drink,Pattaya,Chonburi,East,4,65,260
E00070,3,2026-10-15,2026,2026-10,Cookie,Snack,Pattaya,Chonburi,East,3,80,240
E00071,1,2026-08-15,2026,2026-08,Tea,Drink,Nimman,Chiang Mai,North,4,50,200
E00071,2,2026-08-15,2026,2026-08,Cocoa,Drink,Nimman,Chiang Mai,North,3,60,180
E00072,1,2026-08-10,2026,2026-08,Tea,Drink,Pattaya,Chonburi,East,4,50,200
E00072,2,2026-08-10,2026,2026-08,Sandwich,Food,Pattaya,Chonburi,East,3,100,300
E00072,3,2026-08-10,2026,2026-08,Coffee,Drink,Pattaya,Chonburi,East,2,65,130
E00073,1,2026-08-05,2026,2026-08,Tea,Drink,Siam,Bangkok,Central,1,50,50
E00073,2,2026-08-05,2026,2026-08,Coffee,Drink,Siam,Bangkok,Central,4,65,260
E00073,3,2026-08-05,2026,2026-08,Cookie,Snack,Siam,Bangkok,Central,5,80,400
E00074,1,2026-08-29,2026,2026-08,Tea,Drink,Muang Rayong,Rayong,East,4,50,200
E00074,2,2026-08-29,2026,2026-08,Sandwich,Food,Muang Rayong,Rayong,East,2,100,200
E00074,3,2026-08-29,2026,2026-08,Cookie,Snack,Muang Rayong,Rayong,East,5,80,400
E00075,1,2026-09-25,2026,2026-09,Tea,Drink,Ari,Bangkok,Central,3,50,150
E00076,1,2026-08-03,2026,2026-08,Cookie,Snack,Bangsaen,Chonburi,East,1,80,80
E00076,2,2026-08-03,2026,2026-08,Tea,Drink,Bangsaen,Chonburi,East,4,50,200
E00077,1,2026-09-16,2026,2026-09,Coffee,Drink,Pattaya,Chonburi,East,2,65,130
E00077,2,2026-09-16,2026,2026-09,Cocoa,Drink,Pattaya,Chonburi,East,5,60,300
E00078,1,2026-10-28,2026,2026-10,Tea,Drink,Bangsaen,Chonburi,East,5,50,250
E00078,2,2026-10-28,2026,2026-10,Sandwich,Food,Bangsaen,Chonburi,East,3,100,300
E00079,1,2026-10-03,2026,2026-10,Brownie,Snack,Siam,Bangkok,Central,5,90,450
E00079,2,2026-10-03,2026,2026-10,Cookie,Snack,Siam,Bangkok,Central,5,80,400
E00080,1,2026-08-22,2026,2026-08,Cookie,Snack,Muang Rayong,Rayong,East,5,80,400
E00080,2,2026-08-22,2026,2026-08,Cocoa,Drink,Muang Rayong,Rayong,East,3,60,180
E00081,1,2026-08-18,2026,2026-08,Brownie,Snack,Pattaya,Chonburi,East,5,90,450
E00082,1,2026-10-23,2026,2026-10,Coffee,Drink,Pattaya,Chonburi,East,5,65,325
E00083,1,2026-10-31,2026,2026-10,Cookie,Snack,Ari,Bangkok,Central,1,80,80
E00083,2,2026-10-31,2026,2026-10,Brownie,Snack,Ari,Bangkok,Central,1,90,90
E00083,3,2026-10-31,2026,2026-10,Sandwich,Food,Ari,Bangkok,Central,5,100,500
E00084,1,2026-08-26,2026,2026-08,Cocoa,Drink,Siam,Bangkok,Central,4,60,240
E00084,2,2026-08-26,2026,2026-08,Tea,Drink,Siam,Bangkok,Central,3,50,150
E00085,1,2026-08-02,2026,2026-08,Tea,Drink,Pattaya,Chonburi,East,5,50,250
E00085,2,2026-08-02,2026,2026-08,Sandwich,Food,Pattaya,Chonburi,East,2,100,200
E00085,3,2026-08-02,2026,2026-08,Cocoa,Drink,Pattaya,Chonburi,East,1,60,60
E00086,1,2026-09-04,2026,2026-09,Brownie,Snack,Pattaya,Chonburi,East,2,90,180
E00086,2,2026-09-04,2026,2026-09,Sandwich,Food,Pattaya,Chonburi,East,5,100,500
E00086,3,2026-09-04,2026,2026-09,Cookie,Snack,Pattaya,Chonburi,East,2,80,160
E00087,1,2026-08-05,2026,2026-08,Cocoa,Drink,Nimman,Chiang Mai,North,3,60,180
E00087,2,2026-08-05,2026,2026-08,Coffee,Drink,Nimman,Chiang Mai,North,2,65,130
E00087,3,2026-08-05,2026,2026-08,Brownie,Snack,Nimman,Chiang Mai,North,5,90,450
E00088,1,2026-09-30,2026,2026-09,Sandwich,Food,Ari,Bangkok,Central,4,100,400
E00088,2,2026-09-30,2026,2026-09,Cookie,Snack,Ari,Bangkok,Central,1,80,80
E00089,1,2026-09-21,2026,2026-09,Coffee,Drink,Siam,Bangkok,Central,5,65,325
E00090,1,2026-09-14,2026,2026-09,Coffee,Drink,Muang Rayong,Rayong,East,1,65,65
E00090,2,2026-09-14,2026,2026-09,Cookie,Snack,Muang Rayong,Rayong,East,5,80,400
E00090,3,2026-09-14,2026,2026-09,Cocoa,Drink,Muang Rayong,Rayong,East,4,60,240
E00091,1,2026-10-29,2026,2026-10,Brownie,Snack,Bangsaen,Chonburi,East,4,90,360
E00092,1,2026-09-06,2026,2026-09,Cocoa,Drink,Nimman,Chiang Mai,North,3,60,180
E00092,2,2026-09-06,2026,2026-09,Sandwich,Food,Nimman,Chiang Mai,North,3,100,300
E00092,3,2026-09-06,2026,2026-09,Coffee,Drink,Nimman,Chiang Mai,North,1,65,65
E00093,1,2026-10-09,2026,2026-10,Sandwich,Food,Siam,Bangkok,Central,2,100,200
E00094,1,2026-08-07,2026,2026-08,Cookie,Snack,Siam,Bangkok,Central,2,80,160
E00095,1,2026-09-03,2026,2026-09,Brownie,Snack,Muang Rayong,Rayong,East,4,90,360
E00095,2,2026-09-03,2026,2026-09,Tea,Drink,Muang Rayong,Rayong,East,3,50,150
E00096,1,2026-09-02,2026,2026-09,Tea,Drink,Nimman,Chiang Mai,North,2,50,100
E00096,2,2026-09-02,2026,2026-09,Cocoa,Drink,Nimman,Chiang Mai,North,2,60,120
E00096,3,2026-09-02,2026,2026-09,Brownie,Snack,Nimman,Chiang Mai,North,4,90,360
E00097,1,2026-08-05,2026,2026-08,Brownie,Snack,Pattaya,Chonburi,East,2,90,180
E00097,2,2026-08-05,2026,2026-08,Cocoa,Drink,Pattaya,Chonburi,East,1,60,60
E00098,1,2026-08-25,2026,2026-08,Cocoa,Drink,Nimman,Chiang Mai,North,4,60,240
E00098,2,2026-08-25,2026,2026-08,Sandwich,Food,Nimman,Chiang Mai,North,5,100,500
E00098,3,2026-08-25,2026,2026-08,Brownie,Snack,Nimman,Chiang Mai,North,3,90,270
E00099,1,2026-09-28,2026,2026-09,Cookie,Snack,Muang Rayong,Rayong,East,1,80,80
E00100,1,2026-10-10,2026,2026-10,Cookie,Snack,Muang Rayong,Rayong,East,5,80,400
E00101,1,2026-09-22,2026,2026-09,Cocoa,Drink,Nimman,Chiang Mai,North,4,60,240
E00102,1,2026-08-01,2026,2026-08,Sandwich,Food,Nimman,Chiang Mai,North,3,100,300
E00102,2,2026-08-01,2026,2026-08,Coffee,Drink,Nimman,Chiang Mai,North,5,65,325
E00102,3,2026-08-01,2026,2026-08,Brownie,Snack,Nimman,Chiang Mai,North,4,90,360
E00103,1,2026-10-18,2026,2026-10,Cookie,Snack,Siam,Bangkok,Central,3,80,240
E00104,1,2026-10-15,2026,2026-10,Tea,Drink,Muang Rayong,Rayong,East,1,50,50
E00104,2,2026-10-15,2026,2026-10,Cocoa,Drink,Muang Rayong,Rayong,East,1,60,60
E00104,3,2026-10-15,2026,2026-10,Sandwich,Food,Muang Rayong,Rayong,East,3,100,300
E00105,1,2026-08-05,2026,2026-08,Cookie,Snack,Muang Rayong,Rayong,East,3,80,240
E00105,2,2026-08-05,2026,2026-08,Coffee,Drink,Muang Rayong,Rayong,East,2,65,130
E00105,3,2026-08-05,2026,2026-08,Brownie,Snack,Muang Rayong,Rayong,East,5,90,450
E00106,1,2026-08-14,2026,2026-08,Cookie,Snack,Bangsaen,Chonburi,East,2,80,160
E00106,2,2026-08-14,2026,2026-08,Coffee,Drink,Bangsaen,Chonburi,East,4,65,260
E00106,3,2026-08-14,2026,2026-08,Tea,Drink,Bangsaen,Chonburi,East,2,50,100
E00107,1,2026-08-09,2026,2026-08,Coffee,Drink,Siam,Bangkok,Central,5,65,325
E00107,2,2026-08-09,2026,2026-08,Brownie,Snack,Siam,Bangkok,Central,4,90,360
E00107,3,2026-08-09,2026,2026-08,Sandwich,Food,Siam,Bangkok,Central,3,100,300
E00108,1,2026-10-16,2026,2026-10,Cocoa,Drink,Siam,Bangkok,Central,1,60,60
E00109,1,2026-09-09,2026,2026-09,Tea,Drink,Siam,Bangkok,Central,1,50,50
E00109,2,2026-09-09,2026,2026-09,Sandwich,Food,Siam,Bangkok,Central,3,100,300
E00109,3,2026-09-09,2026,2026-09,Brownie,Snack,Siam,Bangkok,Central,5,90,450
E00110,1,2026-10-11,2026,2026-10,Cocoa,Drink,Bangsaen,Chonburi,East,2,60,120
E00111,1,2026-08-25,2026,2026-08,Coffee,Drink,Siam,Bangkok,Central,2,65,130
E00111,2,2026-08-25,2026,2026-08,Cocoa,Drink,Siam,Bangkok,Central,5,60,300
E00111,3,2026-08-25,2026,2026-08,Cookie,Snack,Siam,Bangkok,Central,5,80,400
E00112,1,2026-09-05,2026,2026-09,Coffee,Drink,Pattaya,Chonburi,East,5,65,325
E00112,2,2026-09-05,2026,2026-09,Tea,Drink,Pattaya,Chonburi,East,2,50,100
E00113,1,2026-10-04,2026,2026-10,Sandwich,Food,Siam,Bangkok,Central,5,100,500
E00114,1,2026-09-16,2026,2026-09,Tea,Drink,Nimman,Chiang Mai,North,3,50,150
E00114,2,2026-09-16,2026,2026-09,Brownie,Snack,Nimman,Chiang Mai,North,1,90,90
E00114,3,2026-09-16,2026,2026-09,Cookie,Snack,Nimman,Chiang Mai,North,4,80,320
E00115,1,2026-08-26,2026,2026-08,Coffee,Drink,Ari,Bangkok,Central,1,65,65
E00116,1,2026-08-16,2026,2026-08,Coffee,Drink,Nimman,Chiang Mai,North,1,65,65
E00116,2,2026-08-16,2026,2026-08,Sandwich,Food,Nimman,Chiang Mai,North,5,100,500
E00117,1,2026-08-31,2026,2026-08,Cookie,Snack,Nimman,Chiang Mai,North,5,80,400
E00117,2,2026-08-31,2026,2026-08,Coffee,Drink,Nimman,Chiang Mai,North,5,65,325
E00117,3,2026-08-31,2026,2026-08,Brownie,Snack,Nimman,Chiang Mai,North,2,90,180
E00118,1,2026-10-31,2026,2026-10,Brownie,Snack,Ari,Bangkok,Central,1,90,90
E00119,1,2026-08-26,2026,2026-08,Cookie,Snack,Muang Rayong,Rayong,East,3,80,240
E00119,2,2026-08-26,2026,2026-08,Sandwich,Food,Muang Rayong,Rayong,East,4,100,400
E00119,3,2026-08-26,2026,2026-08,Tea,Drink,Muang Rayong,Rayong,East,3,50,150
E00120,1,2026-10-22,2026,2026-10,Brownie,Snack,Bangsaen,Chonburi,East,5,90,450
E00120,2,2026-10-22,2026,2026-10,Coffee,Drink,Bangsaen,Chonburi,East,5,65,325
E00121,1,2026-08-12,2026,2026-08,Cocoa,Drink,Bangsaen,Chonburi,East,3,60,180
E00122,1,2026-09-21,2026,2026-09,Cocoa,Drink,Ari,Bangkok,Central,3,60,180
E00122,2,2026-09-21,2026,2026-09,Coffee,Drink,Ari,Bangkok,Central,3,65,195
E00122,3,2026-09-21,2026,2026-09,Sandwich,Food,Ari,Bangkok,Central,2,100,200
E00123,1,2026-09-30,2026,2026-09,Coffee,Drink,Muang Rayong,Rayong,East,2,65,130
E00123,2,2026-09-30,2026,2026-09,Tea,Drink,Muang Rayong,Rayong,East,3,50,150
E00123,3,2026-09-30,2026,2026-09,Sandwich,Food,Muang Rayong,Rayong,East,1,100,100
E00124,1,2026-09-26,2026,2026-09,Cocoa,Drink,Pattaya,Chonburi,East,1,60,60
E00124,2,2026-09-26,2026,2026-09,Cookie,Snack,Pattaya,Chonburi,East,4,80,320
E00125,1,2026-10-08,2026,2026-10,Cookie,Snack,Pattaya,Chonburi,East,2,80,160
E00125,2,2026-10-08,2026,2026-10,Tea,Drink,Pattaya,Chonburi,East,3,50,150
E00126,1,2026-10-13,2026,2026-10,Coffee,Drink,Nimman,Chiang Mai,North,2,65,130
E00127,1,2026-08-30,2026,2026-08,Sandwich,Food,Muang Rayong,Rayong,East,4,100,400
E00128,1,2026-10-02,2026,2026-10,Coffee,Drink,Nimman,Chiang Mai,North,2,65,130
E00128,2,2026-10-02,2026,2026-10,Tea,Drink,Nimman,Chiang Mai,North,4,50,200
E00128,3,2026-10-02,2026,2026-10,Cookie,Snack,Nimman,Chiang Mai,North,3,80,240
E00129,1,2026-09-30,2026,2026-09,Coffee,Drink,Bangsaen,Chonburi,East,4,65,260
E00129,2,2026-09-30,2026,2026-09,Cocoa,Drink,Bangsaen,Chonburi,East,5,60,300
E00130,1,2026-08-03,2026,2026-08,Cookie,Snack,Pattaya,Chonburi,East,1,80,80
E00131,1,2026-09-04,2026,2026-09,Tea,Drink,Siam,Bangkok,Central,1,50,50
E00131,2,2026-09-04,2026,2026-09,Cocoa,Drink,Siam,Bangkok,Central,4,60,240
E00131,3,2026-09-04,2026,2026-09,Brownie,Snack,Siam,Bangkok,Central,4,90,360
E00132,1,2026-10-30,2026,2026-10,Coffee,Drink,Siam,Bangkok,Central,3,65,195
E00132,2,2026-10-30,2026,2026-10,Cookie,Snack,Siam,Bangkok,Central,1,80,80
E00132,3,2026-10-30,2026,2026-10,Sandwich,Food,Siam,Bangkok,Central,1,100,100
E00133,1,2026-09-28,2026,2026-09,Coffee,Drink,Nimman,Chiang Mai,North,5,65,325
E00133,2,2026-09-28,2026,2026-09,Brownie,Snack,Nimman,Chiang Mai,North,1,90,90
E00134,1,2026-10-19,2026,2026-10,Cocoa,Drink,Siam,Bangkok,Central,3,60,180
E00134,2,2026-10-19,2026,2026-10,Brownie,Snack,Siam,Bangkok,Central,1,90,90
E00135,1,2026-10-03,2026,2026-10,Sandwich,Food,Ari,Bangkok,Central,4,100,400
E00135,2,2026-10-03,2026,2026-10,Cocoa,Drink,Ari,Bangkok,Central,3,60,180
E00136,1,2026-10-19,2026,2026-10,Tea,Drink,Pattaya,Chonburi,East,2,50,100
E00137,1,2026-08-12,2026,2026-08,Sandwich,Food,Pattaya,Chonburi,East,4,100,400
E00138,1,2026-08-04,2026,2026-08,Sandwich,Food,Nimman,Chiang Mai,North,4,100,400
E00138,2,2026-08-04,2026,2026-08,Cocoa,Drink,Nimman,Chiang Mai,North,1,60,60
E00139,1,2026-10-23,2026,2026-10,Coffee,Drink,Bangsaen,Chonburi,East,3,65,195
E00139,2,2026-10-23,2026,2026-10,Sandwich,Food,Bangsaen,Chonburi,East,3,100,300
E00140,1,2026-10-02,2026,2026-10,Tea,Drink,Muang Rayong,Rayong,East,4,50,200
E00140,2,2026-10-02,2026,2026-10,Cocoa,Drink,Muang Rayong,Rayong,East,4,60,240
E00141,1,2026-09-23,2026,2026-09,Coffee,Drink,Nimman,Chiang Mai,North,5,65,325
E00141,2,2026-09-23,2026,2026-09,Brownie,Snack,Nimman,Chiang Mai,North,4,90,360
E00141,3,2026-09-23,2026,2026-09,Cocoa,Drink,Nimman,Chiang Mai,North,1,60,60
E00142,1,2026-08-02,2026,2026-08,Cookie,Snack,Siam,Bangkok,Central,5,80,400
E00143,1,2026-08-20,2026,2026-08,Cocoa,Drink,Ari,Bangkok,Central,2,60,120
E00143,2,2026-08-20,2026,2026-08,Cookie,Snack,Ari,Bangkok,Central,5,80,400
E00144,1,2026-09-06,2026,2026-09,Sandwich,Food,Siam,Bangkok,Central,3,100,300
E00145,1,2026-10-10,2026,2026-10,Cocoa,Drink,Bangsaen,Chonburi,East,4,60,240
E00146,1,2026-08-12,2026,2026-08,Brownie,Snack,Pattaya,Chonburi,East,1,90,90
E00146,2,2026-08-12,2026,2026-08,Coffee,Drink,Pattaya,Chonburi,East,5,65,325
E00147,1,2026-08-25,2026,2026-08,Cookie,Snack,Bangsaen,Chonburi,East,2,80,160
E00147,2,2026-08-25,2026,2026-08,Cocoa,Drink,Bangsaen,Chonburi,East,1,60,60
E00147,3,2026-08-25,2026,2026-08,Tea,Drink,Bangsaen,Chonburi,East,5,50,250
E00148,1,2026-09-09,2026,2026-09,Sandwich,Food,Bangsaen,Chonburi,East,1,100,100
E00148,2,2026-09-09,2026,2026-09,Tea,Drink,Bangsaen,Chonburi,East,1,50,50
E00148,3,2026-09-09,2026,2026-09,Coffee,Drink,Bangsaen,Chonburi,East,4,65,260
E00149,1,2026-09-07,2026,2026-09,Cocoa,Drink,Nimman,Chiang Mai,North,4,60,240
E00149,2,2026-09-07,2026,2026-09,Sandwich,Food,Nimman,Chiang Mai,North,4,100,400
E00150,1,2026-10-09,2026,2026-10,Tea,Drink,Muang Rayong,Rayong,East,4,50,200
E00151,1,2026-08-03,2026,2026-08,Brownie,Snack,Muang Rayong,Rayong,East,5,90,450
E00152,1,2026-09-23,2026,2026-09,Tea,Drink,Muang Rayong,Rayong,East,1,50,50
E00152,2,2026-09-23,2026,2026-09,Cookie,Snack,Muang Rayong,Rayong,East,3,80,240
E00152,3,2026-09-23,2026,2026-09,Cocoa,Drink,Muang Rayong,Rayong,East,3,60,180
E00153,1,2026-09-11,2026,2026-09,Cocoa,Drink,Siam,Bangkok,Central,3,60,180
E00153,2,2026-09-11,2026,2026-09,Cookie,Snack,Siam,Bangkok,Central,3,80,240
E00153,3,2026-09-11,2026,2026-09,Brownie,Snack,Siam,Bangkok,Central,2,90,180
E00154,1,2026-10-17,2026,2026-10,Cookie,Snack,Nimman,Chiang Mai,North,5,80,400
E00154,2,2026-10-17,2026,2026-10,Cocoa,Drink,Nimman,Chiang Mai,North,2,60,120
E00154,3,2026-10-17,2026,2026-10,Brownie,Snack,Nimman,Chiang Mai,North,5,90,450
E00155,1,2026-10-15,2026,2026-10,Sandwich,Food,Pattaya,Chonburi,East,2,100,200
E00155,2,2026-10-15,2026,2026-10,Brownie,Snack,Pattaya,Chonburi,East,4,90,360
E00155,3,2026-10-15,2026,2026-10,Cocoa,Drink,Pattaya,Chonburi,East,3,60,180
E00156,1,2026-10-24,2026,2026-10,Coffee,Drink,Bangsaen,Chonburi,East,2,65,130
E00157,1,2026-10-27,2026,2026-10,Sandwich,Food,Siam,Bangkok,Central,1,100,100
E00157,2,2026-10-27,2026,2026-10,Cookie,Snack,Siam,Bangkok,Central,2,80,160
E00157,3,2026-10-27,2026,2026-10,Coffee,Drink,Siam,Bangkok,Central,2,65,130
E00158,1,2026-09-11,2026,2026-09,Cocoa,Drink,Ari,Bangkok,Central,3,60,180
E00158,2,2026-09-11,2026,2026-09,Brownie,Snack,Ari,Bangkok,Central,3,90,270
E00159,1,2026-09-20,2026,2026-09,Brownie,Snack,Ari,Bangkok,Central,5,90,450
E00159,2,2026-09-20,2026,2026-09,Cookie,Snack,Ari,Bangkok,Central,3,80,240
E00159,3,2026-09-20,2026,2026-09,Cocoa,Drink,Ari,Bangkok,Central,3,60,180
E00160,1,2026-08-18,2026,2026-08,Coffee,Drink,Nimman,Chiang Mai,North,2,65,130
E00160,2,2026-08-18,2026,2026-08,Cocoa,Drink,Nimman,Chiang Mai,North,2,60,120
E00161,1,2026-10-28,2026,2026-10,Sandwich,Food,Ari,Bangkok,Central,5,100,500
E00162,1,2026-08-31,2026,2026-08,Cookie,Snack,Bangsaen,Chonburi,East,2,80,160
E00162,2,2026-08-31,2026,2026-08,Brownie,Snack,Bangsaen,Chonburi,East,5,90,450
E00163,1,2026-08-03,2026,2026-08,Sandwich,Food,Muang Rayong,Rayong,East,3,100,300
E00164,1,2026-10-15,2026,2026-10,Brownie,Snack,Bangsaen,Chonburi,East,5,90,450
E00164,2,2026-10-15,2026,2026-10,Cocoa,Drink,Bangsaen,Chonburi,East,4,60,240
E00165,1,2026-10-28,2026,2026-10,Sandwich,Food,Pattaya,Chonburi,East,5,100,500
E00166,1,2026-10-20,2026,2026-10,Cocoa,Drink,Muang Rayong,Rayong,East,1,60,60
E00166,2,2026-10-20,2026,2026-10,Coffee,Drink,Muang Rayong,Rayong,East,5,65,325
E00167,1,2026-10-02,2026,2026-10,Coffee,Drink,Pattaya,Chonburi,East,2,65,130
E00167,2,2026-10-02,2026,2026-10,Brownie,Snack,Pattaya,Chonburi,East,4,90,360
E00168,1,2026-10-16,2026,2026-10,Cookie,Snack,Siam,Bangkok,Central,4,80,320
E00169,1,2026-10-26,2026,2026-10,Brownie,Snack,Ari,Bangkok,Central,3,90,270
E00169,2,2026-10-26,2026,2026-10,Coffee,Drink,Ari,Bangkok,Central,5,65,325
E00170,1,2026-09-03,2026,2026-09,Coffee,Drink,Ari,Bangkok,Central,2,65,130
E00170,2,2026-09-03,2026,2026-09,Tea,Drink,Ari,Bangkok,Central,3,50,150
E00171,1,2026-10-17,2026,2026-10,Cookie,Snack,Pattaya,Chonburi,East,1,80,80
E00171,2,2026-10-17,2026,2026-10,Tea,Drink,Pattaya,Chonburi,East,5,50,250
E00171,3,2026-10-17,2026,2026-10,Brownie,Snack,Pattaya,Chonburi,East,1,90,90
E00172,1,2026-10-29,2026,2026-10,Cocoa,Drink,Pattaya,Chonburi,East,1,60,60
E00173,1,2026-08-10,2026,2026-08,Cookie,Snack,Nimman,Chiang Mai,North,3,80,240
E00173,2,2026-08-10,2026,2026-08,Cocoa,Drink,Nimman,Chiang Mai,North,1,60,60
E00173,3,2026-08-10,2026,2026-08,Brownie,Snack,Nimman,Chiang Mai,North,1,90,90
E00174,1,2026-08-20,2026,2026-08,Cocoa,Drink,Ari,Bangkok,Central,2,60,120
E00175,1,2026-08-07,2026,2026-08,Cocoa,Drink,Ari,Bangkok,Central,3,60,180
E00175,2,2026-08-07,2026,2026-08,Brownie,Snack,Ari,Bangkok,Central,5,90,450
E00176,1,2026-10-23,2026,2026-10,Tea,Drink,Bangsaen,Chonburi,East,3,50,150
E00176,2,2026-10-23,2026,2026-10,Cookie,Snack,Bangsaen,Chonburi,East,2,80,160
E00176,3,2026-10-23,2026,2026-10,Brownie,Snack,Bangsaen,Chonburi,East,4,90,360
E00177,1,2026-08-12,2026,2026-08,Sandwich,Food,Muang Rayong,Rayong,East,2,100,200
E00177,2,2026-08-12,2026,2026-08,Coffee,Drink,Muang Rayong,Rayong,East,3,65,195
E00177,3,2026-08-12,2026,2026-08,Tea,Drink,Muang Rayong,Rayong,East,5,50,250
E00178,1,2026-10-13,2026,2026-10,Cocoa,Drink,Nimman,Chiang Mai,North,2,60,120
E00178,2,2026-10-13,2026,2026-10,Brownie,Snack,Nimman,Chiang Mai,North,2,90,180
E00178,3,2026-10-13,2026,2026-10,Cookie,Snack,Nimman,Chiang Mai,North,4,80,320
E00179,1,2026-08-16,2026,2026-08,Coffee,Drink,Bangsaen,Chonburi,East,5,65,325
E00179,2,2026-08-16,2026,2026-08,Tea,Drink,Bangsaen,Chonburi,East,5,50,250
E00180,1,2026-09-13,2026,2026-09,Brownie,Snack,Ari,Bangkok,Central,4,90,360
E00180,2,2026-09-13,2026,2026-09,Tea,Drink,Ari,Bangkok,Central,2,50,100
E00180,3,2026-09-13,2026,2026-09,Coffee,Drink,Ari,Bangkok,Central,3,65,195
E00181,1,2026-10-11,2026,2026-10,Tea,Drink,Ari,Bangkok,Central,5,50,250
E00181,2,2026-10-11,2026,2026-10,Brownie,Snack,Ari,Bangkok,Central,4,90,360
E00182,1,2026-09-19,2026,2026-09,Cookie,Snack,Nimman,Chiang Mai,North,3,80,240
E00182,2,2026-09-19,2026,2026-09,Tea,Drink,Nimman,Chiang Mai,North,1,50,50
E00183,1,2026-08-05,2026,2026-08,Sandwich,Food,Siam,Bangkok,Central,2,100,200
E00183,2,2026-08-05,2026,2026-08,Coffee,Drink,Siam,Bangkok,Central,5,65,325
E00183,3,2026-08-05,2026,2026-08,Cocoa,Drink,Siam,Bangkok,Central,1,60,60
E00184,1,2026-10-07,2026,2026-10,Sandwich,Food,Muang Rayong,Rayong,East,2,100,200
E00184,2,2026-10-07,2026,2026-10,Coffee,Drink,Muang Rayong,Rayong,East,3,65,195
E00184,3,2026-10-07,2026,2026-10,Brownie,Snack,Muang Rayong,Rayong,East,5,90,450
E00185,1,2026-08-08,2026,2026-08,Tea,Drink,Pattaya,Chonburi,East,4,50,200
E00186,1,2026-10-05,2026,2026-10,Tea,Drink,Siam,Bangkok,Central,2,50,100
E00186,2,2026-10-05,2026,2026-10,Cookie,Snack,Siam,Bangkok,Central,1,80,80
E00186,3,2026-10-05,2026,2026-10,Brownie,Snack,Siam,Bangkok,Central,5,90,450
E00187,1,2026-09-22,2026,2026-09,Cookie,Snack,Siam,Bangkok,Central,3,80,240
E00187,2,2026-09-22,2026,2026-09,Tea,Drink,Siam,Bangkok,Central,2,50,100
E00187,3,2026-09-22,2026,2026-09,Coffee,Drink,Siam,Bangkok,Central,2,65,130
E00188,1,2026-08-13,2026,2026-08,Cocoa,Drink,Nimman,Chiang Mai,North,1,60,60
E00188,2,2026-08-13,2026,2026-08,Cookie,Snack,Nimman,Chiang Mai,North,1,80,80
E00189,1,2026-09-03,2026,2026-09,Cookie,Snack,Nimman,Chiang Mai,North,3,80,240
E00189,2,2026-09-03,2026,2026-09,Cocoa,Drink,Nimman,Chiang Mai,North,1,60,60
E00190,1,2026-09-17,2026,2026-09,Cookie,Snack,Ari,Bangkok,Central,5,80,400
E00190,2,2026-09-17,2026,2026-09,Coffee,Drink,Ari,Bangkok,Central,2,65,130
E00191,1,2026-09-20,2026,2026-09,Cocoa,Drink,Pattaya,Chonburi,East,2,60,120
E00192,1,2026-09-13,2026,2026-09,Coffee,Drink,Bangsaen,Chonburi,East,5,65,325
E00192,2,2026-09-13,2026,2026-09,Cookie,Snack,Bangsaen,Chonburi,East,1,80,80
E00192,3,2026-09-13,2026,2026-09,Cocoa,Drink,Bangsaen,Chonburi,East,5,60,300
E00193,1,2026-09-17,2026,2026-09,Brownie,Snack,Muang Rayong,Rayong,East,5,90,450
E00193,2,2026-09-17,2026,2026-09,Coffee,Drink,Muang Rayong,Rayong,East,3,65,195
E00193,3,2026-09-17,2026,2026-09,Cocoa,Drink,Muang Rayong,Rayong,East,3,60,180
E00194,1,2026-09-23,2026,2026-09,Coffee,Drink,Ari,Bangkok,Central,1,65,65
E00195,1,2026-10-15,2026,2026-10,Brownie,Snack,Ari,Bangkok,Central,2,90,180
E00195,2,2026-10-15,2026,2026-10,Tea,Drink,Ari,Bangkok,Central,5,50,250
E00195,3,2026-10-15,2026,2026-10,Sandwich,Food,Ari,Bangkok,Central,4,100,400
E00196,1,2026-10-14,2026,2026-10,Cocoa,Drink,Muang Rayong,Rayong,East,1,60,60
E00196,2,2026-10-14,2026,2026-10,Tea,Drink,Muang Rayong,Rayong,East,3,50,150
E00196,3,2026-10-14,2026,2026-10,Cookie,Snack,Muang Rayong,Rayong,East,5,80,400
E00197,1,2026-08-19,2026,2026-08,Brownie,Snack,Bangsaen,Chonburi,East,3,90,270
E00197,2,2026-08-19,2026,2026-08,Sandwich,Food,Bangsaen,Chonburi,East,2,100,200
E00198,1,2026-09-27,2026,2026-09,Brownie,Snack,Pattaya,Chonburi,East,5,90,450
E00199,1,2026-08-21,2026,2026-08,Coffee,Drink,Siam,Bangkok,Central,2,65,130
E00199,2,2026-08-21,2026,2026-08,Cocoa,Drink,Siam,Bangkok,Central,2,60,120
E00200,1,2026-09-29,2026,2026-09,Tea,Drink,Siam,Bangkok,Central,1,50,50
E00200,2,2026-09-29,2026,2026-09,Cocoa,Drink,Siam,Bangkok,Central,2,60,120
E00200,3,2026-09-29,2026,2026-09,Brownie,Snack,Siam,Bangkok,Central,3,90,270
E00201,1,2026-10-29,2026,2026-10,Cookie,Snack,Nimman,Chiang Mai,North,4,80,320
E00201,2,2026-10-29,2026,2026-10,Cocoa,Drink,Nimman,Chiang Mai,North,4,60,240
E00201,3,2026-10-29,2026,2026-10,Brownie,Snack,Nimman,Chiang Mai,North,2,90,180
E00202,1,2026-10-13,2026,2026-10,Brownie,Snack,Nimman,Chiang Mai,North,3,90,270
E00202,2,2026-10-13,2026,2026-10,Sandwich,Food,Nimman,Chiang Mai,North,4,100,400
E00202,3,2026-10-13,2026,2026-10,Cookie,Snack,Nimman,Chiang Mai,North,5,80,400
E00203,1,2026-08-07,2026,2026-08,Cookie,Snack,Ari,Bangkok,Central,2,80,160
E00203,2,2026-08-07,2026,2026-08,Cocoa,Drink,Ari,Bangkok,Central,3,60,180
E00203,3,2026-08-07,2026,2026-08,Coffee,Drink,Ari,Bangkok,Central,5,65,325
E00204,1,2026-09-16,2026,2026-09,Brownie,Snack,Pattaya,Chonburi,East,2,90,180
E00205,1,2026-08-11,2026,2026-08,Tea,Drink,Siam,Bangkok,Central,2,50,100
E00205,2,2026-08-11,2026,2026-08,Coffee,Drink,Siam,Bangkok,Central,2,65,130
E00205,3,2026-08-11,2026,2026-08,Sandwich,Food,Siam,Bangkok,Central,4,100,400
E00206,1,2026-09-24,2026,2026-09,Coffee,Drink,Pattaya,Chonburi,East,1,65,65
E00207,1,2026-08-30,2026,2026-08,Coffee,Drink,Pattaya,Chonburi,East,5,65,325
E00208,1,2026-08-01,2026,2026-08,Cocoa,Drink,Muang Rayong,Rayong,East,5,60,300
E00208,2,2026-08-01,2026,2026-08,Coffee,Drink,Muang Rayong,Rayong,East,5,65,325
E00208,3,2026-08-01,2026,2026-08,Sandwich,Food,Muang Rayong,Rayong,East,1,100,100
E00209,1,2026-09-19,2026,2026-09,Cookie,Snack,Muang Rayong,Rayong,East,1,80,80
E00210,1,2026-09-20,2026,2026-09,Tea,Drink,Muang Rayong,Rayong,East,2,50,100
E00210,2,2026-09-20,2026,2026-09,Brownie,Snack,Muang Rayong,Rayong,East,2,90,180
E00211,1,2026-09-23,2026,2026-09,Sandwich,Food,Nimman,Chiang Mai,North,4,100,400
E00211,2,2026-09-23,2026,2026-09,Coffee,Drink,Nimman,Chiang Mai,North,4,65,260
E00211,3,2026-09-23,2026,2026-09,Brownie,Snack,Nimman,Chiang Mai,North,1,90,90
E00212,1,2026-08-27,2026,2026-08,Brownie,Snack,Siam,Bangkok,Central,5,90,450
E00212,2,2026-08-27,2026,2026-08,Cocoa,Drink,Siam,Bangkok,Central,1,60,60
E00213,1,2026-08-17,2026,2026-08,Brownie,Snack,Siam,Bangkok,Central,5,90,450
E00213,2,2026-08-17,2026,2026-08,Cookie,Snack,Siam,Bangkok,Central,2,80,160
E00213,3,2026-08-17,2026,2026-08,Tea,Drink,Siam,Bangkok,Central,1,50,50
E00214,1,2026-08-03,2026,2026-08,Sandwich,Food,Pattaya,Chonburi,East,2,100,200
E00214,2,2026-08-03,2026,2026-08,Tea,Drink,Pattaya,Chonburi,East,5,50,250
E00214,3,2026-08-03,2026,2026-08,Cocoa,Drink,Pattaya,Chonburi,East,1,60,60
E00215,1,2026-10-29,2026,2026-10,Tea,Drink,Muang Rayong,Rayong,East,2,50,100
E00215,2,2026-10-29,2026,2026-10,Sandwich,Food,Muang Rayong,Rayong,East,3,100,300
E00215,3,2026-10-29,2026,2026-10,Cocoa,Drink,Muang Rayong,Rayong,East,5,60,300
E00216,1,2026-09-18,2026,2026-09,Brownie,Snack,Muang Rayong,Rayong,East,1,90,90
E00216,2,2026-09-18,2026,2026-09,Coffee,Drink,Muang Rayong,Rayong,East,4,65,260
E00216,3,2026-09-18,2026,2026-09,Cocoa,Drink,Muang Rayong,Rayong,East,1,60,60
E00217,1,2026-08-18,2026,2026-08,Coffee,Drink,Bangsaen,Chonburi,East,4,65,260
E00218,1,2026-08-27,2026,2026-08,Brownie,Snack,Siam,Bangkok,Central,2,90,180
E00218,2,2026-08-27,2026,2026-08,Tea,Drink,Siam,Bangkok,Central,1,50,50
E00218,3,2026-08-27,2026,2026-08,Cocoa,Drink,Siam,Bangkok,Central,2,60,120
E00219,1,2026-08-17,2026,2026-08,Sandwich,Food,Pattaya,Chonburi,East,3,100,300
E00219,2,2026-08-17,2026,2026-08,Cookie,Snack,Pattaya,Chonburi,East,1,80,80
E00219,3,2026-08-17,2026,2026-08,Brownie,Snack,Pattaya,Chonburi,East,3,90,270
E00220,1,2026-08-12,2026,2026-08,Cocoa,Drink,Nimman,Chiang Mai,North,2,60,120
E00220,2,2026-08-12,2026,2026-08,Coffee,Drink,Nimman,Chiang Mai,North,2,65,130
E00221,1,2026-08-06,2026,2026-08,Coffee,Drink,Bangsaen,Chonburi,East,3,65,195
E00222,1,2026-08-12,2026,2026-08,Coffee,Drink,Nimman,Chiang Mai,North,1,65,65
E00222,2,2026-08-12,2026,2026-08,Cookie,Snack,Nimman,Chiang Mai,North,2,80,160
E00223,1,2026-08-05,2026,2026-08,Coffee,Drink,Ari,Bangkok,Central,1,65,65
E00224,1,2026-08-16,2026,2026-08,Tea,Drink,Bangsaen,Chonburi,East,3,50,150
E00224,2,2026-08-16,2026,2026-08,Sandwich,Food,Bangsaen,Chonburi,East,3,100,300
E00225,1,2026-09-06,2026,2026-09,Brownie,Snack,Ari,Bangkok,Central,1,90,90
E00225,2,2026-09-06,2026,2026-09,Cookie,Snack,Ari,Bangkok,Central,1,80,80
E00226,1,2026-08-26,2026,2026-08,Cookie,Snack,Siam,Bangkok,Central,2,80,160
E00226,2,2026-08-26,2026,2026-08,Brownie,Snack,Siam,Bangkok,Central,2,90,180
E00226,3,2026-08-26,2026,2026-08,Sandwich,Food,Siam,Bangkok,Central,2,100,200
E00227,1,2026-10-31,2026,2026-10,Coffee,Drink,Bangsaen,Chonburi,East,4,65,260
E00228,1,2026-10-12,2026,2026-10,Cookie,Snack,Pattaya,Chonburi,East,5,80,400
E00228,2,2026-10-12,2026,2026-10,Coffee,Drink,Pattaya,Chonburi,East,2,65,130
E00229,1,2026-10-12,2026,2026-10,Coffee,Drink,Ari,Bangkok,Central,1,65,65
E00230,1,2026-08-06,2026,2026-08,Cocoa,Drink,Siam,Bangkok,Central,2,60,120
E00230,2,2026-08-06,2026,2026-08,Tea,Drink,Siam,Bangkok,Central,1,50,50
E00230,3,2026-08-06,2026,2026-08,Sandwich,Food,Siam,Bangkok,Central,5,100,500
E00231,1,2026-08-03,2026,2026-08,Tea,Drink,Ari,Bangkok,Central,2,50,100
E00231,2,2026-08-03,2026,2026-08,Coffee,Drink,Ari,Bangkok,Central,3,65,195
E00231,3,2026-08-03,2026,2026-08,Cookie,Snack,Ari,Bangkok,Central,2,80,160
E00232,1,2026-09-14,2026,2026-09,Sandwich,Food,Muang Rayong,Rayong,East,2,100,200
E00233,1,2026-09-24,2026,2026-09,Sandwich,Food,Nimman,Chiang Mai,North,2,100,200
E00233,2,2026-09-24,2026,2026-09,Brownie,Snack,Nimman,Chiang Mai,North,4,90,360
E00233,3,2026-09-24,2026,2026-09,Cookie,Snack,Nimman,Chiang Mai,North,4,80,320
E00234,1,2026-10-24,2026,2026-10,Sandwich,Food,Ari,Bangkok,Central,5,100,500
E00234,2,2026-10-24,2026,2026-10,Cookie,Snack,Ari,Bangkok,Central,2,80,160
E00235,1,2026-09-20,2026,2026-09,Tea,Drink,Pattaya,Chonburi,East,3,50,150
E00236,1,2026-10-01,2026,2026-10,Cocoa,Drink,Ari,Bangkok,Central,5,60,300
E00237,1,2026-10-29,2026,2026-10,Tea,Drink,Pattaya,Chonburi,East,4,50,200
E00237,2,2026-10-29,2026,2026-10,Coffee,Drink,Pattaya,Chonburi,East,4,65,260
E00238,1,2026-08-27,2026,2026-08,Cocoa,Drink,Bangsaen,Chonburi,East,4,60,240
E00238,2,2026-08-27,2026,2026-08,Tea,Drink,Bangsaen,Chonburi,East,4,50,200
E00238,3,2026-08-27,2026,2026-08,Cookie,Snack,Bangsaen,Chonburi,East,1,80,80
E00239,1,2026-08-09,2026,2026-08,Cocoa,Drink,Bangsaen,Chonburi,East,5,60,300
E00239,2,2026-08-09,2026,2026-08,Brownie,Snack,Bangsaen,Chonburi,East,2,90,180
E00239,3,2026-08-09,2026,2026-08,Coffee,Drink,Bangsaen,Chonburi,East,5,65,325
E00240,1,2026-08-11,2026,2026-08,Brownie,Snack,Nimman,Chiang Mai,North,1,90,90
E00240,2,2026-08-11,2026,2026-08,Tea,Drink,Nimman,Chiang Mai,North,3,50,150
E00240,3,2026-08-11,2026,2026-08,Coffee,Drink,Nimman,Chiang Mai,North,4,65,260
E00241,1,2026-10-25,2026,2026-10,Coffee,Drink,Siam,Bangkok,Central,2,65,130
E00241,2,2026-10-25,2026,2026-10,Tea,Drink,Siam,Bangkok,Central,4,50,200
E00241,3,2026-10-25,2026,2026-10,Brownie,Snack,Siam,Bangkok,Central,3,90,270
E00242,1,2026-09-29,2026,2026-09,Coffee,Drink,Nimman,Chiang Mai,North,3,65,195
E00242,2,2026-09-29,2026,2026-09,Cocoa,Drink,Nimman,Chiang Mai,North,4,60,240
E00243,1,2026-08-17,2026,2026-08,Cocoa,Drink,Muang Rayong,Rayong,East,2,60,120
E00243,2,2026-08-17,2026,2026-08,Coffee,Drink,Muang Rayong,Rayong,East,5,65,325
E00243,3,2026-08-17,2026,2026-08,Tea,Drink,Muang Rayong,Rayong,East,3,50,150
E00244,1,2026-10-10,2026,2026-10,Coffee,Drink,Siam,Bangkok,Central,5,65,325
E00244,2,2026-10-10,2026,2026-10,Sandwich,Food,Siam,Bangkok,Central,1,100,100
E00245,1,2026-10-03,2026,2026-10,Tea,Drink,Ari,Bangkok,Central,5,50,250
E00246,1,2026-09-27,2026,2026-09,Brownie,Snack,Muang Rayong,Rayong,East,2,90,180
E00246,2,2026-09-27,2026,2026-09,Cookie,Snack,Muang Rayong,Rayong,East,2,80,160
E00247,1,2026-09-25,2026,2026-09,Cookie,Snack,Muang Rayong,Rayong,East,2,80,160
E00247,2,2026-09-25,2026,2026-09,Coffee,Drink,Muang Rayong,Rayong,East,3,65,195
E00248,1,2026-08-18,2026,2026-08,Tea,Drink,Bangsaen,Chonburi,East,3,50,150
E00248,2,2026-08-18,2026,2026-08,Sandwich,Food,Bangsaen,Chonburi,East,5,100,500
E00249,1,2026-08-15,2026,2026-08,Tea,Drink,Nimman,Chiang Mai,North,1,50,50
E00250,1,2026-09-19,2026,2026-09,Cocoa,Drink,Nimman,Chiang Mai,North,3,60,180
E00250,2,2026-09-19,2026,2026-09,Brownie,Snack,Nimman,Chiang Mai,North,5,90,450
E00250,3,2026-09-19,2026,2026-09,Cookie,Snack,Nimman,Chiang Mai,North,1,80,80
E00251,1,2026-09-22,2026,2026-09,Coffee,Drink,Pattaya,Chonburi,East,2,65,130
E00251,2,2026-09-22,2026,2026-09,Cookie,Snack,Pattaya,Chonburi,East,4,80,320
E00252,1,2026-10-09,2026,2026-10,Cookie,Snack,Bangsaen,Chonburi,East,4,80,320
E00253,1,2026-09-06,2026,2026-09,Tea,Drink,Bangsaen,Chonburi,East,3,50,150
E00253,2,2026-09-06,2026,2026-09,Brownie,Snack,Bangsaen,Chonburi,East,5,90,450
E00253,3,2026-09-06,2026,2026-09,Coffee,Drink,Bangsaen,Chonburi,East,1,65,65
E00254,1,2026-09-20,2026,2026-09,Sandwich,Food,Bangsaen,Chonburi,East,5,100,500
E00254,2,2026-09-20,2026,2026-09,Brownie,Snack,Bangsaen,Chonburi,East,1,90,90
E00254,3,2026-09-20,2026,2026-09,Cookie,Snack,Bangsaen,Chonburi,East,1,80,80
E00255,1,2026-08-17,2026,2026-08,Brownie,Snack,Muang Rayong,Rayong,East,5,90,450
E00255,2,2026-08-17,2026,2026-08,Coffee,Drink,Muang Rayong,Rayong,East,5,65,325
E00256,1,2026-10-11,2026,2026-10,Coffee,Drink,Siam,Bangkok,Central,4,65,260
E00256,2,2026-10-11,2026,2026-10,Cookie,Snack,Siam,Bangkok,Central,4,80,320
E00257,1,2026-08-03,2026,2026-08,Sandwich,Food,Bangsaen,Chonburi,East,4,100,400
E00257,2,2026-08-03,2026,2026-08,Tea,Drink,Bangsaen,Chonburi,East,2,50,100
E00258,1,2026-09-27,2026,2026-09,Brownie,Snack,Nimman,Chiang Mai,North,5,90,450
E00258,2,2026-09-27,2026,2026-09,Tea,Drink,Nimman,Chiang Mai,North,5,50,250
E00259,1,2026-09-30,2026,2026-09,Tea,Drink,Siam,Bangkok,Central,4,50,200
E00259,2,2026-09-30,2026,2026-09,Cocoa,Drink,Siam,Bangkok,Central,3,60,180
E00259,3,2026-09-30,2026,2026-09,Sandwich,Food,Siam,Bangkok,Central,4,100,400
E00260,1,2026-08-17,2026,2026-08,Cocoa,Drink,Pattaya,Chonburi,East,4,60,240
E00260,2,2026-08-17,2026,2026-08,Tea,Drink,Pattaya,Chonburi,East,3,50,150
E00260,3,2026-08-17,2026,2026-08,Coffee,Drink,Pattaya,Chonburi,East,5,65,325
E00261,1,2026-09-03,2026,2026-09,Coffee,Drink,Ari,Bangkok,Central,2,65,130
E00261,2,2026-09-03,2026,2026-09,Sandwich,Food,Ari,Bangkok,Central,3,100,300
E00261,3,2026-09-03,2026,2026-09,Brownie,Snack,Ari,Bangkok,Central,3,90,270
E00262,1,2026-10-11,2026,2026-10,Tea,Drink,Bangsaen,Chonburi,East,2,50,100
E00263,1,2026-08-11,2026,2026-08,Sandwich,Food,Muang Rayong,Rayong,East,5,100,500
E00263,2,2026-08-11,2026,2026-08,Tea,Drink,Muang Rayong,Rayong,East,1,50,50
E00263,3,2026-08-11,2026,2026-08,Coffee,Drink,Muang Rayong,Rayong,East,5,65,325
E00264,1,2026-09-20,2026,2026-09,Tea,Drink,Muang Rayong,Rayong,East,2,50,100
E00264,2,2026-09-20,2026,2026-09,Sandwich,Food,Muang Rayong,Rayong,East,4,100,400
E00265,1,2026-09-06,2026,2026-09,Cookie,Snack,Nimman,Chiang Mai,North,2,80,160
E00265,2,2026-09-06,2026,2026-09,Sandwich,Food,Nimman,Chiang Mai,North,1,100,100
E00266,1,2026-09-23,2026,2026-09,Sandwich,Food,Siam,Bangkok,Central,4,100,400
E00267,1,2026-08-16,2026,2026-08,Coffee,Drink,Bangsaen,Chonburi,East,2,65,130
E00268,1,2026-10-04,2026,2026-10,Cookie,Snack,Ari,Bangkok,Central,1,80,80
E00268,2,2026-10-04,2026,2026-10,Tea,Drink,Ari,Bangkok,Central,1,50,50
E00268,3,2026-10-04,2026,2026-10,Coffee,Drink,Ari,Bangkok,Central,1,65,65
E00269,1,2026-09-18,2026,2026-09,Cocoa,Drink,Bangsaen,Chonburi,East,5,60,300
E00270,1,2026-08-22,2026,2026-08,Coffee,Drink,Muang Rayong,Rayong,East,4,65,260
E00270,2,2026-08-22,2026,2026-08,Cookie,Snack,Muang Rayong,Rayong,East,4,80,320
E00270,3,2026-08-22,2026,2026-08,Tea,Drink,Muang Rayong,Rayong,East,3,50,150
E00271,1,2026-09-26,2026,2026-09,Cocoa,Drink,Pattaya,Chonburi,East,1,60,60
E00271,2,2026-09-26,2026,2026-09,Coffee,Drink,Pattaya,Chonburi,East,4,65,260
E00271,3,2026-09-26,2026,2026-09,Brownie,Snack,Pattaya,Chonburi,East,4,90,360
E00272,1,2026-08-08,2026,2026-08,Tea,Drink,Bangsaen,Chonburi,East,4,50,200
E00272,2,2026-08-08,2026,2026-08,Cookie,Snack,Bangsaen,Chonburi,East,4,80,320
E00272,3,2026-08-08,2026,2026-08,Brownie,Snack,Bangsaen,Chonburi,East,2,90,180
E00273,1,2026-08-30,2026,2026-08,Cocoa,Drink,Muang Rayong,Rayong,East,2,60,120
E00273,2,2026-08-30,2026,2026-08,Brownie,Snack,Muang Rayong,Rayong,East,1,90,90
E00274,1,2026-09-13,2026,2026-09,Coffee,Drink,Siam,Bangkok,Central,3,65,195
E00274,2,2026-09-13,2026,2026-09,Tea,Drink,Siam,Bangkok,Central,4,50,200
E00275,1,2026-09-22,2026,2026-09,Brownie,Snack,Ari,Bangkok,Central,5,90,450
E00276,1,2026-08-24,2026,2026-08,Sandwich,Food,Nimman,Chiang Mai,North,4,100,400
E00277,1,2026-09-11,2026,2026-09,Cookie,Snack,Muang Rayong,Rayong,East,5,80,400
E00277,2,2026-09-11,2026,2026-09,Sandwich,Food,Muang Rayong,Rayong,East,5,100,500
E00278,1,2026-10-29,2026,2026-10,Cocoa,Drink,Nimman,Chiang Mai,North,2,60,120
E00278,2,2026-10-29,2026,2026-10,Tea,Drink,Nimman,Chiang Mai,North,2,50,100
E00278,3,2026-10-29,2026,2026-10,Cookie,Snack,Nimman,Chiang Mai,North,1,80,80
E00279,1,2026-10-15,2026,2026-10,Cookie,Snack,Pattaya,Chonburi,East,4,80,320
E00280,1,2026-09-08,2026,2026-09,Brownie,Snack,Muang Rayong,Rayong,East,1,90,90
E00280,2,2026-09-08,2026,2026-09,Cocoa,Drink,Muang Rayong,Rayong,East,5,60,300
E00281,1,2026-08-17,2026,2026-08,Cookie,Snack,Ari,Bangkok,Central,5,80,400
E00281,2,2026-08-17,2026,2026-08,Sandwich,Food,Ari,Bangkok,Central,3,100,300
E00281,3,2026-08-17,2026,2026-08,Tea,Drink,Ari,Bangkok,Central,2,50,100
E00282,1,2026-08-14,2026,2026-08,Brownie,Snack,Ari,Bangkok,Central,3,90,270
E00282,2,2026-08-14,2026,2026-08,Tea,Drink,Ari,Bangkok,Central,1,50,50
E00283,1,2026-10-01,2026,2026-10,Brownie,Snack,Pattaya,Chonburi,East,5,90,450
E00283,2,2026-10-01,2026,2026-10,Tea,Drink,Pattaya,Chonburi,East,3,50,150
E00284,1,2026-09-06,2026,2026-09,Sandwich,Food,Bangsaen,Chonburi,East,4,100,400
E00285,1,2026-10-30,2026,2026-10,Coffee,Drink,Muang Rayong,Rayong,East,4,65,260
E00285,2,2026-10-30,2026,2026-10,Tea,Drink,Muang Rayong,Rayong,East,5,50,250
E00285,3,2026-10-30,2026,2026-10,Brownie,Snack,Muang Rayong,Rayong,East,2,90,180
E00286,1,2026-09-11,2026,2026-09,Brownie,Snack,Nimman,Chiang Mai,North,5,90,450
E00287,1,2026-08-01,2026,2026-08,Tea,Drink,Nimman,Chiang Mai,North,1,50,50
E00287,2,2026-08-01,2026,2026-08,Brownie,Snack,Nimman,Chiang Mai,North,3,90,270
E00288,1,2026-09-10,2026,2026-09,Sandwich,Food,Muang Rayong,Rayong,East,1,100,100
E00288,2,2026-09-10,2026,2026-09,Brownie,Snack,Muang Rayong,Rayong,East,5,90,450
E00288,3,2026-09-10,2026,2026-09,Coffee,Drink,Muang Rayong,Rayong,East,5,65,325
E00289,1,2026-08-11,2026,2026-08,Sandwich,Food,Siam,Bangkok,Central,1,100,100
E00290,1,2026-10-10,2026,2026-10,Coffee,Drink,Pattaya,Chonburi,East,4,65,260
E00290,2,2026-10-10,2026,2026-10,Cookie,Snack,Pattaya,Chonburi,East,1,80,80
E00291,1,2026-09-13,2026,2026-09,Brownie,Snack,Nimman,Chiang Mai,North,4,90,360
E00291,2,2026-09-13,2026,2026-09,Tea,Drink,Nimman,Chiang Mai,North,4,50,200
E00291,3,2026-09-13,2026,2026-09,Cocoa,Drink,Nimman,Chiang Mai,North,5,60,300
E00292,1,2026-10-22,2026,2026-10,Coffee,Drink,Bangsaen,Chonburi,East,1,65,65
E00292,2,2026-10-22,2026,2026-10,Cocoa,Drink,Bangsaen,Chonburi,East,4,60,240
E00292,3,2026-10-22,2026,2026-10,Brownie,Snack,Bangsaen,Chonburi,East,1,90,90
E00293,1,2026-08-16,2026,2026-08,Sandwich,Food,Bangsaen,Chonburi,East,3,100,300
E00293,2,2026-08-16,2026,2026-08,Cocoa,Drink,Bangsaen,Chonburi,East,4,60,240
E00294,1,2026-10-03,2026,2026-10,Cookie,Snack,Pattaya,Chonburi,East,5,80,400
E00294,2,2026-10-03,2026,2026-10,Cocoa,Drink,Pattaya,Chonburi,East,2,60,120
E00294,3,2026-10-03,2026,2026-10,Sandwich,Food,Pattaya,Chonburi,East,2,100,200
E00295,1,2026-09-27,2026,2026-09,Coffee,Drink,Nimman,Chiang Mai,North,1,65,65
E00295,2,2026-09-27,2026,2026-09,Tea,Drink,Nimman,Chiang Mai,North,2,50,100
E00295,3,2026-09-27,2026,2026-09,Sandwich,Food,Nimman,Chiang Mai,North,4,100,400
E00296,1,2026-09-24,2026,2026-09,Tea,Drink,Pattaya,Chonburi,East,3,50,150
E00296,2,2026-09-24,2026,2026-09,Coffee,Drink,Pattaya,Chonburi,East,5,65,325
E00296,3,2026-09-24,2026,2026-09,Cookie,Snack,Pattaya,Chonburi,East,5,80,400
E00297,1,2026-08-10,2026,2026-08,Brownie,Snack,Ari,Bangkok,Central,1,90,90
E00297,2,2026-08-10,2026,2026-08,Cookie,Snack,Ari,Bangkok,Central,5,80,400
E00298,1,2026-08-06,2026,2026-08,Cocoa,Drink,Nimman,Chiang Mai,North,5,60,300
E00299,1,2026-08-22,2026,2026-08,Coffee,Drink,Nimman,Chiang Mai,North,4,65,260
E00300,1,2026-10-11,2026,2026-10,Tea,Drink,Nimman,Chiang Mai,North,3,50,150
E00301,1,2026-10-16,2026,2026-10,Brownie,Snack,Nimman,Chiang Mai,North,3,90,270
E00302,1,2026-10-12,2026,2026-10,Cocoa,Drink,Bangsaen,Chonburi,East,5,60,300
E00303,1,2026-08-11,2026,2026-08,Brownie,Snack,Siam,Bangkok,Central,3,90,270
E00303,2,2026-08-11,2026,2026-08,Sandwich,Food,Siam,Bangkok,Central,1,100,100
E00304,1,2026-09-08,2026,2026-09,Coffee,Drink,Bangsaen,Chonburi,East,2,65,130
E00304,2,2026-09-08,2026,2026-09,Cookie,Snack,Bangsaen,Chonburi,East,5,80,400
E00304,3,2026-09-08,2026,2026-09,Sandwich,Food,Bangsaen,Chonburi,East,5,100,500
E00305,1,2026-09-15,2026,2026-09,Sandwich,Food,Muang Rayong,Rayong,East,5,100,500
E00305,2,2026-09-15,2026,2026-09,Brownie,Snack,Muang Rayong,Rayong,East,3,90,270
E00306,1,2026-10-17,2026,2026-10,Cocoa,Drink,Ari,Bangkok,Central,1,60,60
E00307,1,2026-09-11,2026,2026-09,Tea,Drink,Ari,Bangkok,Central,2,50,100
E00307,2,2026-09-11,2026,2026-09,Brownie,Snack,Ari,Bangkok,Central,4,90,360
E00307,3,2026-09-11,2026,2026-09,Coffee,Drink,Ari,Bangkok,Central,5,65,325
E00308,1,2026-10-26,2026,2026-10,Brownie,Snack,Ari,Bangkok,Central,2,90,180
E00308,2,2026-10-26,2026,2026-10,Cookie,Snack,Ari,Bangkok,Central,5,80,400
E00308,3,2026-10-26,2026,2026-10,Sandwich,Food,Ari,Bangkok,Central,3,100,300
E00309,1,2026-10-30,2026,2026-10,Coffee,Drink,Bangsaen,Chonburi,East,5,65,325
E00310,1,2026-09-02,2026,2026-09,Brownie,Snack,Siam,Bangkok,Central,2,90,180
E00310,2,2026-09-02,2026,2026-09,Cocoa,Drink,Siam,Bangkok,Central,5,60,300
E00311,1,2026-09-19,2026,2026-09,Coffee,Drink,Bangsaen,Chonburi,East,1,65,65
E00311,2,2026-09-19,2026,2026-09,Tea,Drink,Bangsaen,Chonburi,East,2,50,100
E00312,1,2026-10-10,2026,2026-10,Tea,Drink,Pattaya,Chonburi,East,1,50,50
E00312,2,2026-10-10,2026,2026-10,Cookie,Snack,Pattaya,Chonburi,East,4,80,320
E00312,3,2026-10-10,2026,2026-10,Cocoa,Drink,Pattaya,Chonburi,East,1,60,60
E00313,1,2026-09-10,2026,2026-09,Sandwich,Food,Nimman,Chiang Mai,North,5,100,500
E00314,1,2026-10-14,2026,2026-10,Cocoa,Drink,Siam,Bangkok,Central,3,60,180
E00314,2,2026-10-14,2026,2026-10,Coffee,Drink,Siam,Bangkok,Central,4,65,260
E00315,1,2026-09-03,2026,2026-09,Brownie,Snack,Pattaya,Chonburi,East,1,90,90
E00316,1,2026-10-31,2026,2026-10,Coffee,Drink,Pattaya,Chonburi,East,1,65,65
E00316,2,2026-10-31,2026,2026-10,Brownie,Snack,Pattaya,Chonburi,East,4,90,360
E00316,3,2026-10-31,2026,2026-10,Tea,Drink,Pattaya,Chonburi,East,1,50,50
E00317,1,2026-08-24,2026,2026-08,Cocoa,Drink,Siam,Bangkok,Central,2,60,120
E00317,2,2026-08-24,2026,2026-08,Sandwich,Food,Siam,Bangkok,Central,2,100,200
E00317,3,2026-08-24,2026,2026-08,Cookie,Snack,Siam,Bangkok,Central,4,80,320
E00318,1,2026-10-24,2026,2026-10,Brownie,Snack,Muang Rayong,Rayong,East,5,90,450
E00319,1,2026-08-20,2026,2026-08,Tea,Drink,Nimman,Chiang Mai,North,4,50,200
E00319,2,2026-08-20,2026,2026-08,Coffee,Drink,Nimman,Chiang Mai,North,1,65,65
E00319,3,2026-08-20,2026,2026-08,Sandwich,Food,Nimman,Chiang Mai,North,4,100,400
E00320,1,2026-09-20,2026,2026-09,Cocoa,Drink,Bangsaen,Chonburi,East,1,60,60
E00321,1,2026-08-27,2026,2026-08,Sandwich,Food,Pattaya,Chonburi,East,1,100,100
E00321,2,2026-08-27,2026,2026-08,Cookie,Snack,Pattaya,Chonburi,East,4,80,320
E00322,1,2026-08-09,2026,2026-08,Cocoa,Drink,Pattaya,Chonburi,East,1,60,60
E00322,2,2026-08-09,2026,2026-08,Tea,Drink,Pattaya,Chonburi,East,3,50,150
E00322,3,2026-08-09,2026,2026-08,Brownie,Snack,Pattaya,Chonburi,East,3,90,270
E00323,1,2026-09-26,2026,2026-09,Coffee,Drink,Siam,Bangkok,Central,3,65,195
E00323,2,2026-09-26,2026,2026-09,Sandwich,Food,Siam,Bangkok,Central,3,100,300
E00324,1,2026-10-03,2026,2026-10,Cocoa,Drink,Ari,Bangkok,Central,5,60,300
E00325,1,2026-10-05,2026,2026-10,Brownie,Snack,Ari,Bangkok,Central,5,90,450
E00325,2,2026-10-05,2026,2026-10,Cookie,Snack,Ari,Bangkok,Central,2,80,160
E00325,3,2026-10-05,2026,2026-10,Tea,Drink,Ari,Bangkok,Central,3,50,150
E00326,1,2026-09-29,2026,2026-09,Brownie,Snack,Muang Rayong,Rayong,East,4,90,360
E00326,2,2026-09-29,2026,2026-09,Cocoa,Drink,Muang Rayong,Rayong,East,2,60,120
E00327,1,2026-10-28,2026,2026-10,Tea,Drink,Pattaya,Chonburi,East,2,50,100
E00328,1,2026-10-24,2026,2026-10,Cookie,Snack,Nimman,Chiang Mai,North,1,80,80
E00329,1,2026-10-23,2026,2026-10,Brownie,Snack,Siam,Bangkok,Central,3,90,270
E00330,1,2026-08-20,2026,2026-08,Cookie,Snack,Siam,Bangkok,Central,1,80,80
E00330,2,2026-08-20,2026,2026-08,Brownie,Snack,Siam,Bangkok,Central,5,90,450
E00330,3,2026-08-20,2026,2026-08,Tea,Drink,Siam,Bangkok,Central,5,50,250
E00331,1,2026-08-21,2026,2026-08,Cookie,Snack,Bangsaen,Chonburi,East,4,80,320
E00331,2,2026-08-21,2026,2026-08,Sandwich,Food,Bangsaen,Chonburi,East,1,100,100
E00332,1,2026-10-18,2026,2026-10,Cookie,Snack,Bangsaen,Chonburi,East,3,80,240
E00332,2,2026-10-18,2026,2026-10,Tea,Drink,Bangsaen,Chonburi,East,3,50,150
E00332,3,2026-10-18,2026,2026-10,Brownie,Snack,Bangsaen,Chonburi,East,2,90,180
E00333,1,2026-09-04,2026,2026-09,Brownie,Snack,Pattaya,Chonburi,East,3,90,270
E00333,2,2026-09-04,2026,2026-09,Coffee,Drink,Pattaya,Chonburi,East,2,65,130
E00334,1,2026-10-27,2026,2026-10,Cookie,Snack,Nimman,Chiang Mai,North,3,80,240
E00334,2,2026-10-27,2026,2026-10,Tea,Drink,Nimman,Chiang Mai,North,5,50,250
E00335,1,2026-08-28,2026,2026-08,Tea,Drink,Pattaya,Chonburi,East,1,50,50
E00335,2,2026-08-28,2026,2026-08,Brownie,Snack,Pattaya,Chonburi,East,3,90,270
E00335,3,2026-08-28,2026,2026-08,Coffee,Drink,Pattaya,Chonburi,East,3,65,195
E00336,1,2026-10-07,2026,2026-10,Coffee,Drink,Pattaya,Chonburi,East,4,65,260
E00336,2,2026-10-07,2026,2026-10,Sandwich,Food,Pattaya,Chonburi,East,3,100,300
E00336,3,2026-10-07,2026,2026-10,Tea,Drink,Pattaya,Chonburi,East,3,50,150
E00337,1,2026-09-26,2026,2026-09,Coffee,Drink,Nimman,Chiang Mai,North,4,65,260
E00337,2,2026-09-26,2026,2026-09,Cookie,Snack,Nimman,Chiang Mai,North,3,80,240
E00337,3,2026-09-26,2026,2026-09,Brownie,Snack,Nimman,Chiang Mai,North,3,90,270
E00338,1,2026-09-11,2026,2026-09,Brownie,Snack,Ari,Bangkok,Central,1,90,90
E00339,1,2026-08-17,2026,2026-08,Cocoa,Drink,Siam,Bangkok,Central,3,60,180
E00340,1,2026-10-05,2026,2026-10,Coffee,Drink,Nimman,Chiang Mai,North,2,65,130
E00340,2,2026-10-05,2026,2026-10,Tea,Drink,Nimman,Chiang Mai,North,4,50,200
E00341,1,2026-10-29,2026,2026-10,Coffee,Drink,Nimman,Chiang Mai,North,3,65,195
E00341,2,2026-10-29,2026,2026-10,Sandwich,Food,Nimman,Chiang Mai,North,2,100,200
E00342,1,2026-08-03,2026,2026-08,Brownie,Snack,Muang Rayong,Rayong,East,3,90,270
E00342,2,2026-08-03,2026,2026-08,Cocoa,Drink,Muang Rayong,Rayong,East,1,60,60
E00342,3,2026-08-03,2026,2026-08,Coffee,Drink,Muang Rayong,Rayong,East,5,65,325
E00343,1,2026-09-06,2026,2026-09,Tea,Drink,Pattaya,Chonburi,East,2,50,100
E00343,2,2026-09-06,2026,2026-09,Sandwich,Food,Pattaya,Chonburi,East,3,100,300
E00343,3,2026-09-06,2026,2026-09,Brownie,Snack,Pattaya,Chonburi,East,3,90,270
E00344,1,2026-08-09,2026,2026-08,Brownie,Snack,Nimman,Chiang Mai,North,5,90,450
E00345,1,2026-10-27,2026,2026-10,Sandwich,Food,Siam,Bangkok,Central,4,100,400
E00345,2,2026-10-27,2026,2026-10,Cocoa,Drink,Siam,Bangkok,Central,3,60,180
E00346,1,2026-08-27,2026,2026-08,Brownie,Snack,Nimman,Chiang Mai,North,2,90,180
E00346,2,2026-08-27,2026,2026-08,Sandwich,Food,Nimman,Chiang Mai,North,2,100,200
E00346,3,2026-08-27,2026,2026-08,Cocoa,Drink,Nimman,Chiang Mai,North,4,60,240
E00347,1,2026-09-01,2026,2026-09,Cookie,Snack,Muang Rayong,Rayong,East,2,80,160
E00348,1,2026-10-14,2026,2026-10,Cookie,Snack,Ari,Bangkok,Central,4,80,320
E00349,1,2026-09-23,2026,2026-09,Sandwich,Food,Nimman,Chiang Mai,North,2,100,200
E00349,2,2026-09-23,2026,2026-09,Coffee,Drink,Nimman,Chiang Mai,North,4,65,260
E00350,1,2026-10-07,2026,2026-10,Cocoa,Drink,Siam,Bangkok,Central,2,60,120
E00351,1,2026-09-09,2026,2026-09,Tea,Drink,Ari,Bangkok,Central,1,50,50
E00351,2,2026-09-09,2026,2026-09,Cookie,Snack,Ari,Bangkok,Central,2,80,160
E00352,1,2026-10-10,2026,2026-10,Cocoa,Drink,Muang Rayong,Rayong,East,1,60,60
E00352,2,2026-10-10,2026,2026-10,Cookie,Snack,Muang Rayong,Rayong,East,1,80,80
E00353,1,2026-09-14,2026,2026-09,Cookie,Snack,Bangsaen,Chonburi,East,2,80,160
E00353,2,2026-09-14,2026,2026-09,Sandwich,Food,Bangsaen,Chonburi,East,3,100,300
E00353,3,2026-09-14,2026,2026-09,Cocoa,Drink,Bangsaen,Chonburi,East,5,60,300
E00354,1,2026-10-21,2026,2026-10,Tea,Drink,Siam,Bangkok,Central,3,50,150
E00355,1,2026-10-24,2026,2026-10,Cookie,Snack,Bangsaen,Chonburi,East,4,80,320
E00355,2,2026-10-24,2026,2026-10,Sandwich,Food,Bangsaen,Chonburi,East,3,100,300
E00356,1,2026-08-04,2026,2026-08,Brownie,Snack,Ari,Bangkok,Central,3,90,270
E00357,1,2026-10-14,2026,2026-10,Brownie,Snack,Nimman,Chiang Mai,North,2,90,180
E00358,1,2026-10-28,2026,2026-10,Cookie,Snack,Muang Rayong,Rayong,East,3,80,240
E00359,1,2026-09-10,2026,2026-09,Coffee,Drink,Pattaya,Chonburi,East,1,65,65
E00359,2,2026-09-10,2026,2026-09,Tea,Drink,Pattaya,Chonburi,East,1,50,50
E00360,1,2026-08-31,2026,2026-08,Tea,Drink,Pattaya,Chonburi,East,1,50,50
E00361,1,2026-09-30,2026,2026-09,Coffee,Drink,Nimman,Chiang Mai,North,5,65,325
E00362,1,2026-10-20,2026,2026-10,Coffee,Drink,Pattaya,Chonburi,East,4,65,260
E00362,2,2026-10-20,2026,2026-10,Cookie,Snack,Pattaya,Chonburi,East,1,80,80
E00362,3,2026-10-20,2026,2026-10,Brownie,Snack,Pattaya,Chonburi,East,5,90,450
E00363,1,2026-09-13,2026,2026-09,Cocoa,Drink,Siam,Bangkok,Central,3,60,180
E00364,1,2026-10-16,2026,2026-10,Sandwich,Food,Nimman,Chiang Mai,North,4,100,400
E00364,2,2026-10-16,2026,2026-10,Cocoa,Drink,Nimman,Chiang Mai,North,3,60,180
E00364,3,2026-10-16,2026,2026-10,Coffee,Drink,Nimman,Chiang Mai,North,3,65,195
E00365,1,2026-10-01,2026,2026-10,Cookie,Snack,Nimman,Chiang Mai,North,2,80,160
E00365,2,2026-10-01,2026,2026-10,Cocoa,Drink,Nimman,Chiang Mai,North,1,60,60
E00365,3,2026-10-01,2026,2026-10,Coffee,Drink,Nimman,Chiang Mai,North,5,65,325
E00366,1,2026-08-23,2026,2026-08,Cocoa,Drink,Pattaya,Chonburi,East,1,60,60
E00366,2,2026-08-23,2026,2026-08,Brownie,Snack,Pattaya,Chonburi,East,5,90,450
E00366,3,2026-08-23,2026,2026-08,Sandwich,Food,Pattaya,Chonburi,East,5,100,500
E00367,1,2026-08-19,2026,2026-08,Cookie,Snack,Bangsaen,Chonburi,East,2,80,160
E00367,2,2026-08-19,2026,2026-08,Brownie,Snack,Bangsaen,Chonburi,East,1,90,90
E00367,3,2026-08-19,2026,2026-08,Coffee,Drink,Bangsaen,Chonburi,East,5,65,325
E00368,1,2026-08-08,2026,2026-08,Cocoa,Drink,Siam,Bangkok,Central,1,60,60
E00368,2,2026-08-08,2026,2026-08,Coffee,Drink,Siam,Bangkok,Central,3,65,195
E00368,3,2026-08-08,2026,2026-08,Sandwich,Food,Siam,Bangkok,Central,3,100,300
E00369,1,2026-09-14,2026,2026-09,Cookie,Snack,Ari,Bangkok,Central,2,80,160
E00370,1,2026-09-04,2026,2026-09,Sandwich,Food,Ari,Bangkok,Central,2,100,200
E00371,1,2026-08-26,2026,2026-08,Cookie,Snack,Bangsaen,Chonburi,East,4,80,320
E00372,1,2026-10-08,2026,2026-10,Tea,Drink,Ari,Bangkok,Central,1,50,50
E00373,1,2026-08-09,2026,2026-08,Sandwich,Food,Siam,Bangkok,Central,4,100,400
E00373,2,2026-08-09,2026,2026-08,Cocoa,Drink,Siam,Bangkok,Central,5,60,300
E00373,3,2026-08-09,2026,2026-08,Coffee,Drink,Siam,Bangkok,Central,4,65,260
E00374,1,2026-10-01,2026,2026-10,Cookie,Snack,Ari,Bangkok,Central,1,80,80
E00374,2,2026-10-01,2026,2026-10,Cocoa,Drink,Ari,Bangkok,Central,4,60,240
E00375,1,2026-08-29,2026,2026-08,Coffee,Drink,Pattaya,Chonburi,East,2,65,130
E00376,1,2026-09-06,2026,2026-09,Cocoa,Drink,Muang Rayong,Rayong,East,4,60,240
E00377,1,2026-08-14,2026,2026-08,Tea,Drink,Bangsaen,Chonburi,East,3,50,150
E00377,2,2026-08-14,2026,2026-08,Cocoa,Drink,Bangsaen,Chonburi,East,4,60,240
E00378,1,2026-08-13,2026,2026-08,Brownie,Snack,Muang Rayong,Rayong,East,4,90,360
E00378,2,2026-08-13,2026,2026-08,Tea,Drink,Muang Rayong,Rayong,East,2,50,100
E00378,3,2026-08-13,2026,2026-08,Cookie,Snack,Muang Rayong,Rayong,East,2,80,160
E00379,1,2026-10-11,2026,2026-10,Cocoa,Drink,Pattaya,Chonburi,East,3,60,180
E00380,1,2026-10-14,2026,2026-10,Tea,Drink,Siam,Bangkok,Central,4,50,200
E00380,2,2026-10-14,2026,2026-10,Cocoa,Drink,Siam,Bangkok,Central,1,60,60
E00381,1,2026-08-08,2026,2026-08,Cookie,Snack,Bangsaen,Chonburi,East,5,80,400
E00382,1,2026-10-19,2026,2026-10,Brownie,Snack,Nimman,Chiang Mai,North,1,90,90
E00383,1,2026-09-25,2026,2026-09,Tea,Drink,Siam,Bangkok,Central,1,50,50
E00384,1,2026-09-08,2026,2026-09,Brownie,Snack,Nimman,Chiang Mai,North,3,90,270
E00384,2,2026-09-08,2026,2026-09,Cookie,Snack,Nimman,Chiang Mai,North,3,80,240
E00385,1,2026-09-06,2026,2026-09,Cookie,Snack,Bangsaen,Chonburi,East,2,80,160
E00385,2,2026-09-06,2026,2026-09,Brownie,Snack,Bangsaen,Chonburi,East,4,90,360
E00386,1,2026-10-09,2026,2026-10,Cocoa,Drink,Pattaya,Chonburi,East,2,60,120
E00387,1,2026-10-09,2026,2026-10,Tea,Drink,Muang Rayong,Rayong,East,4,50,200
E00388,1,2026-09-25,2026,2026-09,Sandwich,Food,Bangsaen,Chonburi,East,3,100,300
E00388,2,2026-09-25,2026,2026-09,Coffee,Drink,Bangsaen,Chonburi,East,2,65,130
E00389,1,2026-10-31,2026,2026-10,Cookie,Snack,Pattaya,Chonburi,East,4,80,320
E00389,2,2026-10-31,2026,2026-10,Sandwich,Food,Pattaya,Chonburi,East,3,100,300
E00389,3,2026-10-31,2026,2026-10,Brownie,Snack,Pattaya,Chonburi,East,2,90,180
E00390,1,2026-09-26,2026,2026-09,Tea,Drink,Siam,Bangkok,Central,3,50,150
E00390,2,2026-09-26,2026,2026-09,Cookie,Snack,Siam,Bangkok,Central,2,80,160
E00391,1,2026-08-08,2026,2026-08,Cocoa,Drink,Bangsaen,Chonburi,East,4,60,240
E00391,2,2026-08-08,2026,2026-08,Cookie,Snack,Bangsaen,Chonburi,East,4,80,320
E00392,1,2026-08-04,2026,2026-08,Cocoa,Drink,Nimman,Chiang Mai,North,1,60,60
E00393,1,2026-08-01,2026,2026-08,Cookie,Snack,Muang Rayong,Rayong,East,5,80,400
E00393,2,2026-08-01,2026,2026-08,Tea,Drink,Muang Rayong,Rayong,East,5,50,250
E00393,3,2026-08-01,2026,2026-08,Cocoa,Drink,Muang Rayong,Rayong,East,1,60,60
E00394,1,2026-09-19,2026,2026-09,Cocoa,Drink,Muang Rayong,Rayong,East,4,60,240
E00394,2,2026-09-19,2026,2026-09,Brownie,Snack,Muang Rayong,Rayong,East,5,90,450
E00394,3,2026-09-19,2026,2026-09,Cookie,Snack,Muang Rayong,Rayong,East,4,80,320
E00395,1,2026-08-19,2026,2026-08,Brownie,Snack,Siam,Bangkok,Central,3,90,270
E00395,2,2026-08-19,2026,2026-08,Tea,Drink,Siam,Bangkok,Central,3,50,150
E00396,1,2026-08-23,2026,2026-08,Cookie,Snack,Nimman,Chiang Mai,North,4,80,320
E00397,1,2026-10-30,2026,2026-10,Sandwich,Food,Nimman,Chiang Mai,North,2,100,200
E00397,2,2026-10-30,2026,2026-10,Tea,Drink,Nimman,Chiang Mai,North,2,50,100
E00398,1,2026-10-18,2026,2026-10,Tea,Drink,Nimman,Chiang Mai,North,4,50,200
E00398,2,2026-10-18,2026,2026-10,Brownie,Snack,Nimman,Chiang Mai,North,3,90,270
E00399,1,2026-09-16,2026,2026-09,Coffee,Drink,Muang Rayong,Rayong,East,5,65,325
E00399,2,2026-09-16,2026,2026-09,Cocoa,Drink,Muang Rayong,Rayong,East,4,60,240
E00400,1,2026-09-26,2026,2026-09,Brownie,Snack,Nimman,Chiang Mai,North,4,90,360
E00400,2,2026-09-26,2026,2026-09,Coffee,Drink,Nimman,Chiang Mai,North,5,65,325
E00400,3,2026-09-26,2026,2026-09,Cocoa,Drink,Nimman,Chiang Mai,North,3,60,180
E00401,1,2026-10-24,2026,2026-10,Cookie,Snack,Muang Rayong,Rayong,East,1,80,80
E00401,2,2026-10-24,2026,2026-10,Brownie,Snack,Muang Rayong,Rayong,East,5,90,450
E00402,1,2026-08-26,2026,2026-08,Brownie,Snack,Nimman,Chiang Mai,North,5,90,450
E00403,1,2026-09-08,2026,2026-09,Sandwich,Food,Nimman,Chiang Mai,North,1,100,100
E00403,2,2026-09-08,2026,2026-09,Cookie,Snack,Nimman,Chiang Mai,North,3,80,240
E00404,1,2026-10-20,2026,2026-10,Coffee,Drink,Bangsaen,Chonburi,East,4,65,260
E00404,2,2026-10-20,2026,2026-10,Cookie,Snack,Bangsaen,Chonburi,East,3,80,240
E00404,3,2026-10-20,2026,2026-10,Tea,Drink,Bangsaen,Chonburi,East,2,50,100
E00405,1,2026-09-17,2026,2026-09,Cocoa,Drink,Pattaya,Chonburi,East,5,60,300
E00406,1,2026-09-30,2026,2026-09,Cookie,Snack,Bangsaen,Chonburi,East,4,80,320
E00407,1,2026-09-13,2026,2026-09,Sandwich,Food,Nimman,Chiang Mai,North,5,100,500
E00407,2,2026-09-13,2026,2026-09,Tea,Drink,Nimman,Chiang Mai,North,1,50,50
E00407,3,2026-09-13,2026,2026-09,Coffee,Drink,Nimman,Chiang Mai,North,4,65,260
E00408,1,2026-08-21,2026,2026-08,Brownie,Snack,Muang Rayong,Rayong,East,2,90,180
E00408,2,2026-08-21,2026,2026-08,Tea,Drink,Muang Rayong,Rayong,East,3,50,150
E00409,1,2026-09-21,2026,2026-09,Tea,Drink,Nimman,Chiang Mai,North,5,50,250
E00410,1,2026-10-19,2026,2026-10,Brownie,Snack,Pattaya,Chonburi,East,2,90,180
E00410,2,2026-10-19,2026,2026-10,Tea,Drink,Pattaya,Chonburi,East,4,50,200
E00410,3,2026-10-19,2026,2026-10,Cocoa,Drink,Pattaya,Chonburi,East,1,60,60
E00411,1,2026-08-04,2026,2026-08,Coffee,Drink,Bangsaen,Chonburi,East,2,65,130
E00412,1,2026-09-16,2026,2026-09,Cocoa,Drink,Bangsaen,Chonburi,East,5,60,300
E00412,2,2026-09-16,2026,2026-09,Brownie,Snack,Bangsaen,Chonburi,East,4,90,360
E00413,1,2026-09-07,2026,2026-09,Cookie,Snack,Muang Rayong,Rayong,East,1,80,80
E00413,2,2026-09-07,2026,2026-09,Tea,Drink,Muang Rayong,Rayong,East,1,50,50
E00413,3,2026-09-07,2026,2026-09,Cocoa,Drink,Muang Rayong,Rayong,East,1,60,60
E00414,1,2026-09-01,2026,2026-09,Cocoa,Drink,Muang Rayong,Rayong,East,2,60,120
E00415,1,2026-10-21,2026,2026-10,Brownie,Snack,Bangsaen,Chonburi,East,1,90,90
E00415,2,2026-10-21,2026,2026-10,Tea,Drink,Bangsaen,Chonburi,East,3,50,150
E00415,3,2026-10-21,2026,2026-10,Cookie,Snack,Bangsaen,Chonburi,East,2,80,160
E00416,1,2026-09-09,2026,2026-09,Brownie,Snack,Siam,Bangkok,Central,2,90,180
E00417,1,2026-08-01,2026,2026-08,Coffee,Drink,Muang Rayong,Rayong,East,4,65,260
E00417,2,2026-08-01,2026,2026-08,Cookie,Snack,Muang Rayong,Rayong,East,3,80,240
E00417,3,2026-08-01,2026,2026-08,Tea,Drink,Muang Rayong,Rayong,East,1,50,50
E00418,1,2026-08-15,2026,2026-08,Tea,Drink,Pattaya,Chonburi,East,5,50,250
E00418,2,2026-08-15,2026,2026-08,Cocoa,Drink,Pattaya,Chonburi,East,4,60,240
E00419,1,2026-08-15,2026,2026-08,Cocoa,Drink,Nimman,Chiang Mai,North,4,60,240
E00419,2,2026-08-15,2026,2026-08,Cookie,Snack,Nimman,Chiang Mai,North,2,80,160
E00419,3,2026-08-15,2026,2026-08,Brownie,Snack,Nimman,Chiang Mai,North,1,90,90
E00420,1,2026-08-16,2026,2026-08,Tea,Drink,Nimman,Chiang Mai,North,5,50,250
E00420,2,2026-08-16,2026,2026-08,Coffee,Drink,Nimman,Chiang Mai,North,1,65,65
E00420,3,2026-08-16,2026,2026-08,Cocoa,Drink,Nimman,Chiang Mai,North,3,60,180
E00421,1,2026-10-08,2026,2026-10,Coffee,Drink,Bangsaen,Chonburi,East,2,65,130
E00421,2,2026-10-08,2026,2026-10,Brownie,Snack,Bangsaen,Chonburi,East,3,90,270
E00422,1,2026-09-28,2026,2026-09,Sandwich,Food,Muang Rayong,Rayong,East,4,100,400
E00423,1,2026-09-04,2026,2026-09,Sandwich,Food,Siam,Bangkok,Central,2,100,200
E00423,2,2026-09-04,2026,2026-09,Cocoa,Drink,Siam,Bangkok,Central,3,60,180
E00423,3,2026-09-04,2026,2026-09,Brownie,Snack,Siam,Bangkok,Central,2,90,180
E00424,1,2026-08-11,2026,2026-08,Cocoa,Drink,Ari,Bangkok,Central,1,60,60
E00424,2,2026-08-11,2026,2026-08,Brownie,Snack,Ari,Bangkok,Central,4,90,360
E00425,1,2026-09-16,2026,2026-09,Cocoa,Drink,Ari,Bangkok,Central,4,60,240
E00425,2,2026-09-16,2026,2026-09,Sandwich,Food,Ari,Bangkok,Central,4,100,400
E00426,1,2026-09-14,2026,2026-09,Brownie,Snack,Nimman,Chiang Mai,North,3,90,270
E00426,2,2026-09-14,2026,2026-09,Cocoa,Drink,Nimman,Chiang Mai,North,3,60,180
E00427,1,2026-08-30,2026,2026-08,Tea,Drink,Muang Rayong,Rayong,East,2,50,100
E00428,1,2026-10-29,2026,2026-10,Sandwich,Food,Ari,Bangkok,Central,3,100,300
E00429,1,2026-08-28,2026,2026-08,Coffee,Drink,Siam,Bangkok,Central,4,65,260
E00429,2,2026-08-28,2026,2026-08,Brownie,Snack,Siam,Bangkok,Central,3,90,270
E00430,1,2026-10-31,2026,2026-10,Coffee,Drink,Siam,Bangkok,Central,3,65,195
E00430,2,2026-10-31,2026,2026-10,Cocoa,Drink,Siam,Bangkok,Central,5,60,300
E00431,1,2026-08-19,2026,2026-08,Cocoa,Drink,Pattaya,Chonburi,East,2,60,120
E00431,2,2026-08-19,2026,2026-08,Tea,Drink,Pattaya,Chonburi,East,2,50,100
E00432,1,2026-10-10,2026,2026-10,Cocoa,Drink,Muang Rayong,Rayong,East,5,60,300
E00432,2,2026-10-10,2026,2026-10,Coffee,Drink,Muang Rayong,Rayong,East,4,65,260
E00432,3,2026-10-10,2026,2026-10,Cookie,Snack,Muang Rayong,Rayong,East,2,80,160
E00433,1,2026-10-04,2026,2026-10,Sandwich,Food,Bangsaen,Chonburi,East,4,100,400
E00434,1,2026-09-16,2026,2026-09,Sandwich,Food,Ari,Bangkok,Central,2,100,200
E00434,2,2026-09-16,2026,2026-09,Brownie,Snack,Ari,Bangkok,Central,2,90,180
E00435,1,2026-09-17,2026,2026-09,Tea,Drink,Muang Rayong,Rayong,East,1,50,50
E00435,2,2026-09-17,2026,2026-09,Sandwich,Food,Muang Rayong,Rayong,East,4,100,400
E00436,1,2026-08-13,2026,2026-08,Cocoa,Drink,Muang Rayong,Rayong,East,4,60,240
E00437,1,2026-10-01,2026,2026-10,Brownie,Snack,Muang Rayong,Rayong,East,5,90,450
E00438,1,2026-08-16,2026,2026-08,Brownie,Snack,Siam,Bangkok,Central,4,90,360
E00439,1,2026-10-11,2026,2026-10,Sandwich,Food,Ari,Bangkok,Central,2,100,200
E00440,1,2026-10-03,2026,2026-10,Sandwich,Food,Siam,Bangkok,Central,3,100,300
E00441,1,2026-10-01,2026,2026-10,Cocoa,Drink,Ari,Bangkok,Central,2,60,120
E00441,2,2026-10-01,2026,2026-10,Sandwich,Food,Ari,Bangkok,Central,4,100,400
E00442,1,2026-09-24,2026,2026-09,Brownie,Snack,Muang Rayong,Rayong,East,5,90,450
E00442,2,2026-09-24,2026,2026-09,Tea,Drink,Muang Rayong,Rayong,East,5,50,250
E00443,1,2026-10-29,2026,2026-10,Sandwich,Food,Pattaya,Chonburi,East,2,100,200
E00444,1,2026-08-05,2026,2026-08,Brownie,Snack,Nimman,Chiang Mai,North,5,90,450
E00444,2,2026-08-05,2026,2026-08,Cookie,Snack,Nimman,Chiang Mai,North,4,80,320
E00444,3,2026-08-05,2026,2026-08,Sandwich,Food,Nimman,Chiang Mai,North,1,100,100
E00445,1,2026-10-17,2026,2026-10,Cookie,Snack,Siam,Bangkok,Central,3,80,240
E00445,2,2026-10-17,2026,2026-10,Brownie,Snack,Siam,Bangkok,Central,3,90,270
E00445,3,2026-10-17,2026,2026-10,Tea,Drink,Siam,Bangkok,Central,3,50,150
E00446,1,2026-10-16,2026,2026-10,Cocoa,Drink,Bangsaen,Chonburi,East,1,60,60
E00446,2,2026-10-16,2026,2026-10,Coffee,Drink,Bangsaen,Chonburi,East,1,65,65
E00446,3,2026-10-16,2026,2026-10,Cookie,Snack,Bangsaen,Chonburi,East,2,80,160
E00447,1,2026-10-08,2026,2026-10,Sandwich,Food,Ari,Bangkok,Central,4,100,400
E00447,2,2026-10-08,2026,2026-10,Cocoa,Drink,Ari,Bangkok,Central,4,60,240
E00448,1,2026-10-16,2026,2026-10,Coffee,Drink,Ari,Bangkok,Central,5,65,325
E00448,2,2026-10-16,2026,2026-10,Cookie,Snack,Ari,Bangkok,Central,4,80,320
E00448,3,2026-10-16,2026,2026-10,Tea,Drink,Ari,Bangkok,Central,1,50,50
E00449,1,2026-09-26,2026,2026-09,Cocoa,Drink,Nimman,Chiang Mai,North,3,60,180
E00449,2,2026-09-26,2026,2026-09,Coffee,Drink,Nimman,Chiang Mai,North,5,65,325
E00450,1,2026-09-18,2026,2026-09,Cocoa,Drink,Siam,Bangkok,Central,5,60,300
E00450,2,2026-09-18,2026,2026-09,Sandwich,Food,Siam,Bangkok,Central,5,100,500
E00450,3,2026-09-18,2026,2026-09,Cookie,Snack,Siam,Bangkok,Central,3,80,240
E00451,1,2026-08-18,2026,2026-08,Cocoa,Drink,Pattaya,Chonburi,East,2,60,120
E00451,2,2026-08-18,2026,2026-08,Brownie,Snack,Pattaya,Chonburi,East,2,90,180
E00451,3,2026-08-18,2026,2026-08,Sandwich,Food,Pattaya,Chonburi,East,2,100,200
E00452,1,2026-08-11,2026,2026-08,Tea,Drink,Muang Rayong,Rayong,East,2,50,100
E00453,1,2026-10-24,2026,2026-10,Sandwich,Food,Muang Rayong,Rayong,East,3,100,300
E00453,2,2026-10-24,2026,2026-10,Cookie,Snack,Muang Rayong,Rayong,East,1,80,80
E00454,1,2026-10-23,2026,2026-10,Tea,Drink,Pattaya,Chonburi,East,3,50,150
E00454,2,2026-10-23,2026,2026-10,Cookie,Snack,Pattaya,Chonburi,East,4,80,320
E00455,1,2026-08-15,2026,2026-08,Cocoa,Drink,Bangsaen,Chonburi,East,1,60,60
E00455,2,2026-08-15,2026,2026-08,Cookie,Snack,Bangsaen,Chonburi,East,3,80,240
E00456,1,2026-10-03,2026,2026-10,Coffee,Drink,Muang Rayong,Rayong,East,5,65,325
E00456,2,2026-10-03,2026,2026-10,Cocoa,Drink,Muang Rayong,Rayong,East,4,60,240
E00456,3,2026-10-03,2026,2026-10,Tea,Drink,Muang Rayong,Rayong,East,4,50,200
E00457,1,2026-08-06,2026,2026-08,Tea,Drink,Siam,Bangkok,Central,4,50,200
E00457,2,2026-08-06,2026,2026-08,Cocoa,Drink,Siam,Bangkok,Central,3,60,180
E00458,1,2026-09-09,2026,2026-09,Tea,Drink,Ari,Bangkok,Central,5,50,250
E00458,2,2026-09-09,2026,2026-09,Brownie,Snack,Ari,Bangkok,Central,3,90,270
E00459,1,2026-08-02,2026,2026-08,Tea,Drink,Muang Rayong,Rayong,East,1,50,50
E00459,2,2026-08-02,2026,2026-08,Cookie,Snack,Muang Rayong,Rayong,East,1,80,80
E00460,1,2026-08-26,2026,2026-08,Tea,Drink,Bangsaen,Chonburi,East,2,50,100
E00460,2,2026-08-26,2026,2026-08,Cookie,Snack,Bangsaen,Chonburi,East,3,80,240
E00461,1,2026-10-08,2026,2026-10,Tea,Drink,Nimman,Chiang Mai,North,5,50,250
E00461,2,2026-10-08,2026,2026-10,Coffee,Drink,Nimman,Chiang Mai,North,1,65,65
E00462,1,2026-10-19,2026,2026-10,Cocoa,Drink,Ari,Bangkok,Central,3,60,180
E00463,1,2026-08-17,2026,2026-08,Tea,Drink,Pattaya,Chonburi,East,2,50,100
E00463,2,2026-08-17,2026,2026-08,Cocoa,Drink,Pattaya,Chonburi,East,3,60,180
E00464,1,2026-10-29,2026,2026-10,Tea,Drink,Nimman,Chiang Mai,North,2,50,100
E00465,1,2026-10-22,2026,2026-10,Brownie,Snack,Pattaya,Chonburi,East,2,90,180
E00466,1,2026-08-02,2026,2026-08,Brownie,Snack,Ari,Bangkok,Central,3,90,270
E00467,1,2026-09-27,2026,2026-09,Tea,Drink,Ari,Bangkok,Central,4,50,200
E00467,2,2026-09-27,2026,2026-09,Sandwich,Food,Ari,Bangkok,Central,3,100,300
E00467,3,2026-09-27,2026,2026-09,Brownie,Snack,Ari,Bangkok,Central,5,90,450
E00468,1,2026-08-18,2026,2026-08,Coffee,Drink,Nimman,Chiang Mai,North,5,65,325
E00469,1,2026-08-27,2026,2026-08,Sandwich,Food,Pattaya,Chonburi,East,4,100,400
E00470,1,2026-08-15,2026,2026-08,Cocoa,Drink,Pattaya,Chonburi,East,3,60,180
E00470,2,2026-08-15,2026,2026-08,Brownie,Snack,Pattaya,Chonburi,East,2,90,180
E00470,3,2026-08-15,2026,2026-08,Sandwich,Food,Pattaya,Chonburi,East,3,100,300
E00471,1,2026-09-21,2026,2026-09,Cocoa,Drink,Pattaya,Chonburi,East,5,60,300
E00472,1,2026-08-08,2026,2026-08,Tea,Drink,Pattaya,Chonburi,East,1,50,50
E00473,1,2026-09-12,2026,2026-09,Sandwich,Food,Muang Rayong,Rayong,East,1,100,100
E00474,1,2026-09-21,2026,2026-09,Brownie,Snack,Ari,Bangkok,Central,1,90,90
E00474,2,2026-09-21,2026,2026-09,Coffee,Drink,Ari,Bangkok,Central,3,65,195
E00474,3,2026-09-21,2026,2026-09,Sandwich,Food,Ari,Bangkok,Central,5,100,500
E00475,1,2026-08-28,2026,2026-08,Tea,Drink,Siam,Bangkok,Central,1,50,50
E00475,2,2026-08-28,2026,2026-08,Coffee,Drink,Siam,Bangkok,Central,4,65,260
E00476,1,2026-09-21,2026,2026-09,Tea,Drink,Bangsaen,Chonburi,East,3,50,150
E00476,2,2026-09-21,2026,2026-09,Coffee,Drink,Bangsaen,Chonburi,East,4,65,260
E00477,1,2026-10-28,2026,2026-10,Coffee,Drink,Siam,Bangkok,Central,3,65,195
E00477,2,2026-10-28,2026,2026-10,Brownie,Snack,Siam,Bangkok,Central,3,90,270
E00478,1,2026-08-31,2026,2026-08,Tea,Drink,Siam,Bangkok,Central,3,50,150
E00478,2,2026-08-31,2026,2026-08,Cocoa,Drink,Siam,Bangkok,Central,4,60,240
E00478,3,2026-08-31,2026,2026-08,Sandwich,Food,Siam,Bangkok,Central,1,100,100
E00479,1,2026-10-09,2026,2026-10,Sandwich,Food,Bangsaen,Chonburi,East,5,100,500
E00479,2,2026-10-09,2026,2026-10,Tea,Drink,Bangsaen,Chonburi,East,4,50,200
E00480,1,2026-10-25,2026,2026-10,Sandwich,Food,Ari,Bangkok,Central,1,100,100
E00481,1,2026-09-15,2026,2026-09,Tea,Drink,Pattaya,Chonburi,East,1,50,50
E00482,1,2026-10-08,2026,2026-10,Cookie,Snack,Pattaya,Chonburi,East,1,80,80
E00483,1,2026-10-14,2026,2026-10,Tea,Drink,Siam,Bangkok,Central,4,50,200
E00483,2,2026-10-14,2026,2026-10,Brownie,Snack,Siam,Bangkok,Central,2,90,180
E00483,3,2026-10-14,2026,2026-10,Cocoa,Drink,Siam,Bangkok,Central,4,60,240
E00484,1,2026-10-11,2026,2026-10,Cocoa,Drink,Siam,Bangkok,Central,3,60,180
E00484,2,2026-10-11,2026,2026-10,Sandwich,Food,Siam,Bangkok,Central,2,100,200
E00484,3,2026-10-11,2026,2026-10,Tea,Drink,Siam,Bangkok,Central,2,50,100
E00485,1,2026-09-11,2026,2026-09,Sandwich,Food,Pattaya,Chonburi,East,2,100,200
E00486,1,2026-08-11,2026,2026-08,Sandwich,Food,Pattaya,Chonburi,East,3,100,300
E00486,2,2026-08-11,2026,2026-08,Brownie,Snack,Pattaya,Chonburi,East,4,90,360
E00486,3,2026-08-11,2026,2026-08,Coffee,Drink,Pattaya,Chonburi,East,5,65,325
E00487,1,2026-09-11,2026,2026-09,Tea,Drink,Muang Rayong,Rayong,East,3,50,150
E00488,1,2026-08-12,2026,2026-08,Cookie,Snack,Pattaya,Chonburi,East,1,80,80
E00488,2,2026-08-12,2026,2026-08,Cocoa,Drink,Pattaya,Chonburi,East,3,60,180
E00488,3,2026-08-12,2026,2026-08,Sandwich,Food,Pattaya,Chonburi,East,3,100,300
E00489,1,2026-10-08,2026,2026-10,Cookie,Snack,Pattaya,Chonburi,East,4,80,320
E00489,2,2026-10-08,2026,2026-10,Coffee,Drink,Pattaya,Chonburi,East,1,65,65
E00489,3,2026-10-08,2026,2026-10,Cocoa,Drink,Pattaya,Chonburi,East,2,60,120
E00490,1,2026-10-06,2026,2026-10,Cookie,Snack,Ari,Bangkok,Central,5,80,400
E00490,2,2026-10-06,2026,2026-10,Cocoa,Drink,Ari,Bangkok,Central,4,60,240
E00491,1,2026-10-23,2026,2026-10,Tea,Drink,Bangsaen,Chonburi,East,2,50,100
E00491,2,2026-10-23,2026,2026-10,Brownie,Snack,Bangsaen,Chonburi,East,2,90,180
E00491,3,2026-10-23,2026,2026-10,Cookie,Snack,Bangsaen,Chonburi,East,1,80,80
E00492,1,2026-08-09,2026,2026-08,Brownie,Snack,Siam,Bangkok,Central,3,90,270
E00492,2,2026-08-09,2026,2026-08,Cookie,Snack,Siam,Bangkok,Central,4,80,320
E00492,3,2026-08-09,2026,2026-08,Sandwich,Food,Siam,Bangkok,Central,2,100,200
E00493,1,2026-10-19,2026,2026-10,Tea,Drink,Bangsaen,Chonburi,East,1,50,50
E00493,2,2026-10-19,2026,2026-10,Sandwich,Food,Bangsaen,Chonburi,East,5,100,500
E00493,3,2026-10-19,2026,2026-10,Cocoa,Drink,Bangsaen,Chonburi,East,1,60,60
E00494,1,2026-10-24,2026,2026-10,Cookie,Snack,Pattaya,Chonburi,East,5,80,400
E00495,1,2026-08-01,2026,2026-08,Tea,Drink,Nimman,Chiang Mai,North,1,50,50
E00495,2,2026-08-01,2026,2026-08,Coffee,Drink,Nimman,Chiang Mai,North,1,65,65
E00495,3,2026-08-01,2026,2026-08,Cocoa,Drink,Nimman,Chiang Mai,North,3,60,180
E00496,1,2026-10-03,2026,2026-10,Tea,Drink,Muang Rayong,Rayong,East,2,50,100
E00497,1,2026-09-08,2026,2026-09,Cookie,Snack,Pattaya,Chonburi,East,2,80,160
E00497,2,2026-09-08,2026,2026-09,Brownie,Snack,Pattaya,Chonburi,East,2,90,180
E00497,3,2026-09-08,2026,2026-09,Tea,Drink,Pattaya,Chonburi,East,5,50,250
E00498,1,2026-08-02,2026,2026-08,Tea,Drink,Siam,Bangkok,Central,5,50,250
E00498,2,2026-08-02,2026,2026-08,Cookie,Snack,Siam,Bangkok,Central,3,80,240
E00499,1,2026-09-14,2026,2026-09,Brownie,Snack,Bangsaen,Chonburi,East,1,90,90
E00499,2,2026-09-14,2026,2026-09,Cookie,Snack,Bangsaen,Chonburi,East,4,80,320
E00499,3,2026-09-14,2026,2026-09,Coffee,Drink,Bangsaen,Chonburi,East,3,65,195
E00500,1,2026-09-05,2026,2026-09,Tea,Drink,Siam,Bangkok,Central,3,50,150
E00500,2,2026-09-05,2026,2026-09,Cookie,Snack,Siam,Bangkok,Central,1,80,80
E00501,1,2026-08-28,2026,2026-08,Tea,Drink,Muang Rayong,Rayong,East,4,50,200
E00501,2,2026-08-28,2026,2026-08,Sandwich,Food,Muang Rayong,Rayong,East,4,100,400
E00502,1,2026-08-20,2026,2026-08,Coffee,Drink,Muang Rayong,Rayong,East,5,65,325
E00502,2,2026-08-20,2026,2026-08,Brownie,Snack,Muang Rayong,Rayong,East,1,90,90
E00503,1,2026-09-12,2026,2026-09,Coffee,Drink,Pattaya,Chonburi,East,4,65,260
E00503,2,2026-09-12,2026,2026-09,Cocoa,Drink,Pattaya,Chonburi,East,4,60,240
E00504,1,2026-09-21,2026,2026-09,Sandwich,Food,Muang Rayong,Rayong,East,3,100,300
E00504,2,2026-09-21,2026,2026-09,Coffee,Drink,Muang Rayong,Rayong,East,3,65,195
E00504,3,2026-09-21,2026,2026-09,Brownie,Snack,Muang Rayong,Rayong,East,1,90,90
E00505,1,2026-10-20,2026,2026-10,Cocoa,Drink,Ari,Bangkok,Central,1,60,60
E00505,2,2026-10-20,2026,2026-10,Tea,Drink,Ari,Bangkok,Central,4,50,200
E00505,3,2026-10-20,2026,2026-10,Brownie,Snack,Ari,Bangkok,Central,4,90,360
E00506,1,2026-08-28,2026,2026-08,Brownie,Snack,Nimman,Chiang Mai,North,1,90,90
E00506,2,2026-08-28,2026,2026-08,Coffee,Drink,Nimman,Chiang Mai,North,1,65,65
E00507,1,2026-10-30,2026,2026-10,Coffee,Drink,Ari,Bangkok,Central,5,65,325
E00507,2,2026-10-30,2026,2026-10,Brownie,Snack,Ari,Bangkok,Central,2,90,180
E00507,3,2026-10-30,2026,2026-10,Cookie,Snack,Ari,Bangkok,Central,4,80,320
E00508,1,2026-08-20,2026,2026-08,Cookie,Snack,Muang Rayong,Rayong,East,1,80,80
E00508,2,2026-08-20,2026,2026-08,Coffee,Drink,Muang Rayong,Rayong,East,5,65,325
E00509,1,2026-08-31,2026,2026-08,Brownie,Snack,Muang Rayong,Rayong,East,5,90,450
E00509,2,2026-08-31,2026,2026-08,Tea,Drink,Muang Rayong,Rayong,East,3,50,150
E00509,3,2026-08-31,2026,2026-08,Cocoa,Drink,Muang Rayong,Rayong,East,3,60,180
E00510,1,2026-10-11,2026,2026-10,Tea,Drink,Nimman,Chiang Mai,North,3,50,150
E00510,2,2026-10-11,2026,2026-10,Brownie,Snack,Nimman,Chiang Mai,North,4,90,360
E00510,3,2026-10-11,2026,2026-10,Cocoa,Drink,Nimman,Chiang Mai,North,5,60,300
E00511,1,2026-08-04,2026,2026-08,Cookie,Snack,Siam,Bangkok,Central,5,80,400
E00512,1,2026-08-01,2026,2026-08,Cookie,Snack,Muang Rayong,Rayong,East,1,80,80
E00512,2,2026-08-01,2026,2026-08,Brownie,Snack,Muang Rayong,Rayong,East,5,90,450
E00513,1,2026-09-22,2026,2026-09,Cookie,Snack,Nimman,Chiang Mai,North,2,80,160
E00513,2,2026-09-22,2026,2026-09,Brownie,Snack,Nimman,Chiang Mai,North,1,90,90
E00514,1,2026-10-04,2026,2026-10,Cookie,Snack,Bangsaen,Chonburi,East,3,80,240
E00514,2,2026-10-04,2026,2026-10,Cocoa,Drink,Bangsaen,Chonburi,East,4,60,240
E00514,3,2026-10-04,2026,2026-10,Sandwich,Food,Bangsaen,Chonburi,East,1,100,100
E00515,1,2026-10-13,2026,2026-10,Cocoa,Drink,Muang Rayong,Rayong,East,2,60,120
E00516,1,2026-10-17,2026,2026-10,Cookie,Snack,Pattaya,Chonburi,East,5,80,400
E00516,2,2026-10-17,2026,2026-10,Brownie,Snack,Pattaya,Chonburi,East,4,90,360
E00516,3,2026-10-17,2026,2026-10,Sandwich,Food,Pattaya,Chonburi,East,2,100,200
E00517,1,2026-10-31,2026,2026-10,Brownie,Snack,Nimman,Chiang Mai,North,5,90,450
E00518,1,2026-08-25,2026,2026-08,Coffee,Drink,Siam,Bangkok,Central,4,65,260
E00519,1,2026-09-30,2026,2026-09,Cocoa,Drink,Muang Rayong,Rayong,East,4,60,240
E00519,2,2026-09-30,2026,2026-09,Coffee,Drink,Muang Rayong,Rayong,East,2,65,130
E00520,1,2026-08-16,2026,2026-08,Brownie,Snack,Siam,Bangkok,Central,4,90,360
E00521,1,2026-10-22,2026,2026-10,Cocoa,Drink,Pattaya,Chonburi,East,5,60,300
E00521,2,2026-10-22,2026,2026-10,Sandwich,Food,Pattaya,Chonburi,East,1,100,100
E00521,3,2026-10-22,2026,2026-10,Coffee,Drink,Pattaya,Chonburi,East,3,65,195
E00522,1,2026-08-01,2026,2026-08,Cocoa,Drink,Nimman,Chiang Mai,North,3,60,180
E00522,2,2026-08-01,2026,2026-08,Sandwich,Food,Nimman,Chiang Mai,North,5,100,500
E00523,1,2026-10-19,2026,2026-10,Brownie,Snack,Nimman,Chiang Mai,North,5,90,450
E00523,2,2026-10-19,2026,2026-10,Coffee,Drink,Nimman,Chiang Mai,North,4,65,260
E00523,3,2026-10-19,2026,2026-10,Cocoa,Drink,Nimman,Chiang Mai,North,3,60,180
E00524,1,2026-08-09,2026,2026-08,Brownie,Snack,Ari,Bangkok,Central,1,90,90
E00524,2,2026-08-09,2026,2026-08,Coffee,Drink,Ari,Bangkok,Central,5,65,325
E00525,1,2026-08-19,2026,2026-08,Brownie,Snack,Nimman,Chiang Mai,North,3,90,270
E00525,2,2026-08-19,2026,2026-08,Tea,Drink,Nimman,Chiang Mai,North,1,50,50
E00525,3,2026-08-19,2026,2026-08,Coffee,Drink,Nimman,Chiang Mai,North,2,65,130
E00526,1,2026-10-17,2026,2026-10,Cocoa,Drink,Siam,Bangkok,Central,1,60,60
E00527,1,2026-10-25,2026,2026-10,Cocoa,Drink,Ari,Bangkok,Central,2,60,120
E00527,2,2026-10-25,2026,2026-10,Brownie,Snack,Ari,Bangkok,Central,1,90,90
E00527,3,2026-10-25,2026,2026-10,Sandwich,Food,Ari,Bangkok,Central,4,100,400
E00528,1,2026-08-19,2026,2026-08,Coffee,Drink,Siam,Bangkok,Central,5,65,325
E00528,2,2026-08-19,2026,2026-08,Cocoa,Drink,Siam,Bangkok,Central,1,60,60
E00529,1,2026-10-12,2026,2026-10,Cocoa,Drink,Ari,Bangkok,Central,2,60,120
E00529,2,2026-10-12,2026,2026-10,Sandwich,Food,Ari,Bangkok,Central,1,100,100
E00529,3,2026-10-12,2026,2026-10,Coffee,Drink,Ari,Bangkok,Central,2,65,130
E00530,1,2026-10-28,2026,2026-10,Cocoa,Drink,Pattaya,Chonburi,East,1,60,60
E00530,2,2026-10-28,2026,2026-10,Brownie,Snack,Pattaya,Chonburi,East,1,90,90
E00530,3,2026-10-28,2026,2026-10,Sandwich,Food,Pattaya,Chonburi,East,3,100,300
E00531,1,2026-08-16,2026,2026-08,Tea,Drink,Siam,Bangkok,Central,2,50,100
E00532,1,2026-08-05,2026,2026-08,Coffee,Drink,Siam,Bangkok,Central,2,65,130
E00532,2,2026-08-05,2026,2026-08,Cocoa,Drink,Siam,Bangkok,Central,4,60,240
E00533,1,2026-10-17,2026,2026-10,Tea,Drink,Muang Rayong,Rayong,East,2,50,100
E00533,2,2026-10-17,2026,2026-10,Cocoa,Drink,Muang Rayong,Rayong,East,4,60,240
E00534,1,2026-08-15,2026,2026-08,Coffee,Drink,Bangsaen,Chonburi,East,1,65,65
E00534,2,2026-08-15,2026,2026-08,Cookie,Snack,Bangsaen,Chonburi,East,4,80,320
E00534,3,2026-08-15,2026,2026-08,Tea,Drink,Bangsaen,Chonburi,East,2,50,100
E00535,1,2026-08-12,2026,2026-08,Brownie,Snack,Muang Rayong,Rayong,East,2,90,180
E00535,2,2026-08-12,2026,2026-08,Cookie,Snack,Muang Rayong,Rayong,East,5,80,400
E00535,3,2026-08-12,2026,2026-08,Tea,Drink,Muang Rayong,Rayong,East,1,50,50
E00536,1,2026-09-29,2026,2026-09,Sandwich,Food,Pattaya,Chonburi,East,1,100,100
E00536,2,2026-09-29,2026,2026-09,Cocoa,Drink,Pattaya,Chonburi,East,1,60,60
E00536,3,2026-09-29,2026,2026-09,Cookie,Snack,Pattaya,Chonburi,East,5,80,400
E00537,1,2026-10-02,2026,2026-10,Coffee,Drink,Siam,Bangkok,Central,2,65,130
E00538,1,2026-10-26,2026,2026-10,Coffee,Drink,Siam,Bangkok,Central,3,65,195
E00538,2,2026-10-26,2026,2026-10,Sandwich,Food,Siam,Bangkok,Central,3,100,300
E00539,1,2026-10-17,2026,2026-10,Coffee,Drink,Nimman,Chiang Mai,North,4,65,260
E00539,2,2026-10-17,2026,2026-10,Sandwich,Food,Nimman,Chiang Mai,North,1,100,100
E00539,3,2026-10-17,2026,2026-10,Cocoa,Drink,Nimman,Chiang Mai,North,4,60,240
E00540,1,2026-08-11,2026,2026-08,Tea,Drink,Siam,Bangkok,Central,2,50,100
E00540,2,2026-08-11,2026,2026-08,Coffee,Drink,Siam,Bangkok,Central,5,65,325
E00541,1,2026-10-25,2026,2026-10,Brownie,Snack,Bangsaen,Chonburi,East,4,90,360
E00542,1,2026-08-31,2026,2026-08,Brownie,Snack,Siam,Bangkok,Central,3,90,270
E00542,2,2026-08-31,2026,2026-08,Cocoa,Drink,Siam,Bangkok,Central,3,60,180
E00543,1,2026-09-17,2026,2026-09,Cookie,Snack,Bangsaen,Chonburi,East,2,80,160
E00544,1,2026-10-17,2026,2026-10,Brownie,Snack,Siam,Bangkok,Central,4,90,360
E00545,1,2026-08-01,2026,2026-08,Cookie,Snack,Nimman,Chiang Mai,North,5,80,400
E00545,2,2026-08-01,2026,2026-08,Cocoa,Drink,Nimman,Chiang Mai,North,3,60,180
E00545,3,2026-08-01,2026,2026-08,Coffee,Drink,Nimman,Chiang Mai,North,3,65,195
E00546,1,2026-09-01,2026,2026-09,Sandwich,Food,Pattaya,Chonburi,East,4,100,400
E00546,2,2026-09-01,2026,2026-09,Coffee,Drink,Pattaya,Chonburi,East,1,65,65
E00546,3,2026-09-01,2026,2026-09,Cocoa,Drink,Pattaya,Chonburi,East,4,60,240
E00547,1,2026-10-29,2026,2026-10,Cocoa,Drink,Siam,Bangkok,Central,2,60,120
E00548,1,2026-10-19,2026,2026-10,Cocoa,Drink,Ari,Bangkok,Central,3,60,180
E00548,2,2026-10-19,2026,2026-10,Sandwich,Food,Ari,Bangkok,Central,5,100,500
E00549,1,2026-09-21,2026,2026-09,Tea,Drink,Muang Rayong,Rayong,East,3,50,150
E00549,2,2026-09-21,2026,2026-09,Sandwich,Food,Muang Rayong,Rayong,East,4,100,400
E00549,3,2026-09-21,2026,2026-09,Cookie,Snack,Muang Rayong,Rayong,East,3,80,240
E00550,1,2026-09-20,2026,2026-09,Sandwich,Food,Ari,Bangkok,Central,3,100,300
E00550,2,2026-09-20,2026,2026-09,Tea,Drink,Ari,Bangkok,Central,4,50,200
E00550,3,2026-09-20,2026,2026-09,Coffee,Drink,Ari,Bangkok,Central,3,65,195
E00551,1,2026-09-23,2026,2026-09,Cookie,Snack,Bangsaen,Chonburi,East,5,80,400
E00552,1,2026-09-03,2026,2026-09,Coffee,Drink,Pattaya,Chonburi,East,1,65,65
E00552,2,2026-09-03,2026,2026-09,Tea,Drink,Pattaya,Chonburi,East,2,50,100
E00553,1,2026-10-26,2026,2026-10,Brownie,Snack,Ari,Bangkok,Central,1,90,90
E00554,1,2026-08-08,2026,2026-08,Cookie,Snack,Ari,Bangkok,Central,2,80,160
E00555,1,2026-10-09,2026,2026-10,Coffee,Drink,Bangsaen,Chonburi,East,3,65,195
E00555,2,2026-10-09,2026,2026-10,Tea,Drink,Bangsaen,Chonburi,East,3,50,150
E00555,3,2026-10-09,2026,2026-10,Sandwich,Food,Bangsaen,Chonburi,East,4,100,400
E00556,1,2026-10-16,2026,2026-10,Cookie,Snack,Nimman,Chiang Mai,North,4,80,320
E00557,1,2026-08-10,2026,2026-08,Cocoa,Drink,Nimman,Chiang Mai,North,4,60,240
E00557,2,2026-08-10,2026,2026-08,Cookie,Snack,Nimman,Chiang Mai,North,5,80,400
E00558,1,2026-10-07,2026,2026-10,Brownie,Snack,Muang Rayong,Rayong,East,3,90,270
E00559,1,2026-08-21,2026,2026-08,Brownie,Snack,Pattaya,Chonburi,East,5,90,450
E00559,2,2026-08-21,2026,2026-08,Sandwich,Food,Pattaya,Chonburi,East,4,100,400
E00559,3,2026-08-21,2026,2026-08,Coffee,Drink,Pattaya,Chonburi,East,5,65,325
E00560,1,2026-10-05,2026,2026-10,Brownie,Snack,Bangsaen,Chonburi,East,4,90,360
E00560,2,2026-10-05,2026,2026-10,Cocoa,Drink,Bangsaen,Chonburi,East,5,60,300
E00561,1,2026-09-07,2026,2026-09,Sandwich,Food,Pattaya,Chonburi,East,3,100,300
E00561,2,2026-09-07,2026,2026-09,Coffee,Drink,Pattaya,Chonburi,East,5,65,325
E00562,1,2026-09-08,2026,2026-09,Brownie,Snack,Nimman,Chiang Mai,North,2,90,180
E00562,2,2026-09-08,2026,2026-09,Sandwich,Food,Nimman,Chiang Mai,North,1,100,100
E00562,3,2026-09-08,2026,2026-09,Cocoa,Drink,Nimman,Chiang Mai,North,2,60,120
E00563,1,2026-08-25,2026,2026-08,Sandwich,Food,Pattaya,Chonburi,East,5,100,500
E00563,2,2026-08-25,2026,2026-08,Cocoa,Drink,Pattaya,Chonburi,East,4,60,240
E00563,3,2026-08-25,2026,2026-08,Brownie,Snack,Pattaya,Chonburi,East,5,90,450
E00564,1,2026-10-12,2026,2026-10,Coffee,Drink,Ari,Bangkok,Central,4,65,260
E00564,2,2026-10-12,2026,2026-10,Cookie,Snack,Ari,Bangkok,Central,4,80,320
E00564,3,2026-10-12,2026,2026-10,Cocoa,Drink,Ari,Bangkok,Central,1,60,60
E00565,1,2026-10-20,2026,2026-10,Cookie,Snack,Ari,Bangkok,Central,5,80,400
E00565,2,2026-10-20,2026,2026-10,Coffee,Drink,Ari,Bangkok,Central,2,65,130
E00566,1,2026-10-01,2026,2026-10,Cocoa,Drink,Nimman,Chiang Mai,North,4,60,240
E00566,2,2026-10-01,2026,2026-10,Cookie,Snack,Nimman,Chiang Mai,North,1,80,80
E00567,1,2026-10-02,2026,2026-10,Brownie,Snack,Pattaya,Chonburi,East,3,90,270
E00567,2,2026-10-02,2026,2026-10,Sandwich,Food,Pattaya,Chonburi,East,1,100,100
E00567,3,2026-10-02,2026,2026-10,Tea,Drink,Pattaya,Chonburi,East,4,50,200
E00568,1,2026-09-07,2026,2026-09,Sandwich,Food,Nimman,Chiang Mai,North,5,100,500
E00569,1,2026-10-11,2026,2026-10,Tea,Drink,Nimman,Chiang Mai,North,1,50,50
E00570,1,2026-10-15,2026,2026-10,Cocoa,Drink,Bangsaen,Chonburi,East,4,60,240
E00571,1,2026-08-13,2026,2026-08,Sandwich,Food,Pattaya,Chonburi,East,1,100,100
E00571,2,2026-08-13,2026,2026-08,Brownie,Snack,Pattaya,Chonburi,East,4,90,360
E00572,1,2026-08-24,2026,2026-08,Sandwich,Food,Ari,Bangkok,Central,4,100,400
E00572,2,2026-08-24,2026,2026-08,Cocoa,Drink,Ari,Bangkok,Central,5,60,300
E00573,1,2026-10-24,2026,2026-10,Brownie,Snack,Pattaya,Chonburi,East,3,90,270
E00573,2,2026-10-24,2026,2026-10,Sandwich,Food,Pattaya,Chonburi,East,3,100,300
E00573,3,2026-10-24,2026,2026-10,Tea,Drink,Pattaya,Chonburi,East,1,50,50
E00574,1,2026-10-20,2026,2026-10,Brownie,Snack,Nimman,Chiang Mai,North,3,90,270
E00574,2,2026-10-20,2026,2026-10,Sandwich,Food,Nimman,Chiang Mai,North,3,100,300
E00575,1,2026-09-19,2026,2026-09,Sandwich,Food,Bangsaen,Chonburi,East,4,100,400
E00576,1,2026-09-06,2026,2026-09,Cocoa,Drink,Bangsaen,Chonburi,East,3,60,180
E00576,2,2026-09-06,2026,2026-09,Sandwich,Food,Bangsaen,Chonburi,East,5,100,500
E00577,1,2026-09-16,2026,2026-09,Cookie,Snack,Pattaya,Chonburi,East,1,80,80
E00577,2,2026-09-16,2026,2026-09,Sandwich,Food,Pattaya,Chonburi,East,4,100,400
E00577,3,2026-09-16,2026,2026-09,Tea,Drink,Pattaya,Chonburi,East,4,50,200
E00578,1,2026-10-14,2026,2026-10,Brownie,Snack,Pattaya,Chonburi,East,2,90,180
E00579,1,2026-08-04,2026,2026-08,Cookie,Snack,Pattaya,Chonburi,East,5,80,400
E00579,2,2026-08-04,2026,2026-08,Tea,Drink,Pattaya,Chonburi,East,4,50,200
E00580,1,2026-08-18,2026,2026-08,Tea,Drink,Bangsaen,Chonburi,East,4,50,200
E00580,2,2026-08-18,2026,2026-08,Cookie,Snack,Bangsaen,Chonburi,East,3,80,240
E00580,3,2026-08-18,2026,2026-08,Cocoa,Drink,Bangsaen,Chonburi,East,5,60,300
E00581,1,2026-09-15,2026,2026-09,Coffee,Drink,Ari,Bangkok,Central,2,65,130
E00581,2,2026-09-15,2026,2026-09,Cookie,Snack,Ari,Bangkok,Central,1,80,80
E00582,1,2026-09-29,2026,2026-09,Coffee,Drink,Nimman,Chiang Mai,North,3,65,195
E00583,1,2026-08-30,2026,2026-08,Cookie,Snack,Bangsaen,Chonburi,East,3,80,240
E00583,2,2026-08-30,2026,2026-08,Sandwich,Food,Bangsaen,Chonburi,East,4,100,400
E00584,1,2026-09-22,2026,2026-09,Brownie,Snack,Siam,Bangkok,Central,1,90,90
E00584,2,2026-09-22,2026,2026-09,Cocoa,Drink,Siam,Bangkok,Central,3,60,180
E00584,3,2026-09-22,2026,2026-09,Tea,Drink,Siam,Bangkok,Central,1,50,50
E00585,1,2026-09-16,2026,2026-09,Brownie,Snack,Nimman,Chiang Mai,North,3,90,270
E00585,2,2026-09-16,2026,2026-09,Sandwich,Food,Nimman,Chiang Mai,North,2,100,200
E00586,1,2026-08-28,2026,2026-08,Coffee,Drink,Bangsaen,Chonburi,East,4,65,260
E00586,2,2026-08-28,2026,2026-08,Brownie,Snack,Bangsaen,Chonburi,East,3,90,270
E00587,1,2026-10-19,2026,2026-10,Cocoa,Drink,Nimman,Chiang Mai,North,2,60,120
E00588,1,2026-10-26,2026,2026-10,Tea,Drink,Muang Rayong,Rayong,East,4,50,200
E00588,2,2026-10-26,2026,2026-10,Brownie,Snack,Muang Rayong,Rayong,East,5,90,450
E00588,3,2026-10-26,2026,2026-10,Cocoa,Drink,Muang Rayong,Rayong,East,1,60,60
E00589,1,2026-09-05,2026,2026-09,Cookie,Snack,Ari,Bangkok,Central,1,80,80
E00590,1,2026-10-14,2026,2026-10,Cookie,Snack,Nimman,Chiang Mai,North,1,80,80
E00591,1,2026-08-01,2026,2026-08,Brownie,Snack,Bangsaen,Chonburi,East,5,90,450
E00592,1,2026-09-29,2026,2026-09,Brownie,Snack,Siam,Bangkok,Central,5,90,450
E00593,1,2026-09-03,2026,2026-09,Cookie,Snack,Muang Rayong,Rayong,East,2,80,160
E00593,2,2026-09-03,2026,2026-09,Tea,Drink,Muang Rayong,Rayong,East,4,50,200
E00593,3,2026-09-03,2026,2026-09,Cocoa,Drink,Muang Rayong,Rayong,East,3,60,180
E00594,1,2026-09-11,2026,2026-09,Brownie,Snack,Bangsaen,Chonburi,East,1,90,90
E00594,2,2026-09-11,2026,2026-09,Tea,Drink,Bangsaen,Chonburi,East,1,50,50
E00595,1,2026-08-23,2026,2026-08,Cocoa,Drink,Nimman,Chiang Mai,North,2,60,120
E00595,2,2026-08-23,2026,2026-08,Sandwich,Food,Nimman,Chiang Mai,North,5,100,500
E00596,1,2026-10-16,2026,2026-10,Brownie,Snack,Bangsaen,Chonburi,East,4,90,360
E00596,2,2026-10-16,2026,2026-10,Cookie,Snack,Bangsaen,Chonburi,East,1,80,80
E00597,1,2026-08-18,2026,2026-08,Cocoa,Drink,Nimman,Chiang Mai,North,1,60,60
E00597,2,2026-08-18,2026,2026-08,Tea,Drink,Nimman,Chiang Mai,North,5,50,250
E00597,3,2026-08-18,2026,2026-08,Cookie,Snack,Nimman,Chiang Mai,North,4,80,320
E00598,1,2026-09-24,2026,2026-09,Sandwich,Food,Muang Rayong,Rayong,East,3,100,300
E00598,2,2026-09-24,2026,2026-09,Brownie,Snack,Muang Rayong,Rayong,East,1,90,90
E00598,3,2026-09-24,2026,2026-09,Cocoa,Drink,Muang Rayong,Rayong,East,1,60,60
E00599,1,2026-08-27,2026,2026-08,Sandwich,Food,Siam,Bangkok,Central,4,100,400
E00599,2,2026-08-27,2026,2026-08,Brownie,Snack,Siam,Bangkok,Central,3,90,270
E00599,3,2026-08-27,2026,2026-08,Cocoa,Drink,Siam,Bangkok,Central,1,60,60
E00600,1,2026-08-18,2026,2026-08,Sandwich,Food,Pattaya,Chonburi,East,2,100,200
E00601,1,2026-08-22,2026,2026-08,Cookie,Snack,Ari,Bangkok,Central,4,80,320
E00601,2,2026-08-22,2026,2026-08,Coffee,Drink,Ari,Bangkok,Central,4,65,260
E00601,3,2026-08-22,2026,2026-08,Cocoa,Drink,Ari,Bangkok,Central,4,60,240
E00602,1,2026-09-26,2026,2026-09,Sandwich,Food,Pattaya,Chonburi,East,5,100,500
E00602,2,2026-09-26,2026,2026-09,Brownie,Snack,Pattaya,Chonburi,East,3,90,270
E00603,1,2026-08-19,2026,2026-08,Tea,Drink,Muang Rayong,Rayong,East,2,50,100
E00603,2,2026-08-19,2026,2026-08,Cocoa,Drink,Muang Rayong,Rayong,East,3,60,180
E00604,1,2026-09-23,2026,2026-09,Brownie,Snack,Pattaya,Chonburi,East,3,90,270
E00605,1,2026-09-17,2026,2026-09,Tea,Drink,Muang Rayong,Rayong,East,2,50,100
E00605,2,2026-09-17,2026,2026-09,Brownie,Snack,Muang Rayong,Rayong,East,2,90,180
E00606,1,2026-10-14,2026,2026-10,Coffee,Drink,Pattaya,Chonburi,East,5,65,325
E00606,2,2026-10-14,2026,2026-10,Sandwich,Food,Pattaya,Chonburi,East,4,100,400
E00606,3,2026-10-14,2026,2026-10,Tea,Drink,Pattaya,Chonburi,East,5,50,250
E00607,1,2026-08-12,2026,2026-08,Coffee,Drink,Muang Rayong,Rayong,East,4,65,260
E00607,2,2026-08-12,2026,2026-08,Sandwich,Food,Muang Rayong,Rayong,East,5,100,500
E00607,3,2026-08-12,2026,2026-08,Tea,Drink,Muang Rayong,Rayong,East,5,50,250
E00608,1,2026-08-10,2026,2026-08,Coffee,Drink,Ari,Bangkok,Central,1,65,65
E00609,1,2026-09-01,2026,2026-09,Sandwich,Food,Muang Rayong,Rayong,East,3,100,300
E00609,2,2026-09-01,2026,2026-09,Tea,Drink,Muang Rayong,Rayong,East,2,50,100
E00609,3,2026-09-01,2026,2026-09,Brownie,Snack,Muang Rayong,Rayong,East,3,90,270
E00610,1,2026-08-16,2026,2026-08,Coffee,Drink,Pattaya,Chonburi,East,2,65,130
E00610,2,2026-08-16,2026,2026-08,Cookie,Snack,Pattaya,Chonburi,East,4,80,320
E00610,3,2026-08-16,2026,2026-08,Brownie,Snack,Pattaya,Chonburi,East,2,90,180
E00611,1,2026-09-22,2026,2026-09,Brownie,Snack,Pattaya,Chonburi,East,5,90,450
E00611,2,2026-09-22,2026,2026-09,Cocoa,Drink,Pattaya,Chonburi,East,1,60,60
E00611,3,2026-09-22,2026,2026-09,Coffee,Drink,Pattaya,Chonburi,East,4,65,260
E00612,1,2026-08-26,2026,2026-08,Sandwich,Food,Muang Rayong,Rayong,East,4,100,400
E00612,2,2026-08-26,2026,2026-08,Cookie,Snack,Muang Rayong,Rayong,East,1,80,80
E00612,3,2026-08-26,2026,2026-08,Tea,Drink,Muang Rayong,Rayong,East,4,50,200
E00613,1,2026-09-15,2026,2026-09,Sandwich,Food,Muang Rayong,Rayong,East,2,100,200
E00613,2,2026-09-15,2026,2026-09,Cookie,Snack,Muang Rayong,Rayong,East,3,80,240
E00613,3,2026-09-15,2026,2026-09,Cocoa,Drink,Muang Rayong,Rayong,East,2,60,120
E00614,1,2026-09-09,2026,2026-09,Coffee,Drink,Ari,Bangkok,Central,2,65,130
E00614,2,2026-09-09,2026,2026-09,Sandwich,Food,Ari,Bangkok,Central,3,100,300
E00614,3,2026-09-09,2026,2026-09,Cookie,Snack,Ari,Bangkok,Central,4,80,320
E00615,1,2026-09-04,2026,2026-09,Cookie,Snack,Ari,Bangkok,Central,3,80,240
E00616,1,2026-09-16,2026,2026-09,Sandwich,Food,Pattaya,Chonburi,East,1,100,100
E00616,2,2026-09-16,2026,2026-09,Brownie,Snack,Pattaya,Chonburi,East,2,90,180
E00617,1,2026-10-02,2026,2026-10,Coffee,Drink,Nimman,Chiang Mai,North,5,65,325
E00618,1,2026-08-03,2026,2026-08,Tea,Drink,Ari,Bangkok,Central,1,50,50
E00618,2,2026-08-03,2026,2026-08,Cocoa,Drink,Ari,Bangkok,Central,4,60,240
E00619,1,2026-08-19,2026,2026-08,Coffee,Drink,Nimman,Chiang Mai,North,1,65,65
E00620,1,2026-08-03,2026,2026-08,Cookie,Snack,Bangsaen,Chonburi,East,2,80,160
E00621,1,2026-09-23,2026,2026-09,Brownie,Snack,Siam,Bangkok,Central,1,90,90
E00621,2,2026-09-23,2026,2026-09,Cookie,Snack,Siam,Bangkok,Central,5,80,400
E00621,3,2026-09-23,2026,2026-09,Cocoa,Drink,Siam,Bangkok,Central,4,60,240
E00622,1,2026-08-05,2026,2026-08,Sandwich,Food,Siam,Bangkok,Central,1,100,100
E00622,2,2026-08-05,2026,2026-08,Tea,Drink,Siam,Bangkok,Central,4,50,200
E00623,1,2026-09-14,2026,2026-09,Cookie,Snack,Pattaya,Chonburi,East,3,80,240
E00624,1,2026-10-19,2026,2026-10,Sandwich,Food,Nimman,Chiang Mai,North,1,100,100
E00624,2,2026-10-19,2026,2026-10,Cocoa,Drink,Nimman,Chiang Mai,North,1,60,60
E00625,1,2026-09-05,2026,2026-09,Sandwich,Food,Ari,Bangkok,Central,2,100,200
E00626,1,2026-09-13,2026,2026-09,Brownie,Snack,Siam,Bangkok,Central,3,90,270
E00626,2,2026-09-13,2026,2026-09,Cocoa,Drink,Siam,Bangkok,Central,2,60,120
E00626,3,2026-09-13,2026,2026-09,Coffee,Drink,Siam,Bangkok,Central,5,65,325
E00627,1,2026-10-02,2026,2026-10,Cookie,Snack,Nimman,Chiang Mai,North,5,80,400
E00627,2,2026-10-02,2026,2026-10,Brownie,Snack,Nimman,Chiang Mai,North,3,90,270
E00628,1,2026-10-13,2026,2026-10,Brownie,Snack,Muang Rayong,Rayong,East,1,90,90
E00628,2,2026-10-13,2026,2026-10,Cookie,Snack,Muang Rayong,Rayong,East,4,80,320
E00628,3,2026-10-13,2026,2026-10,Cocoa,Drink,Muang Rayong,Rayong,East,3,60,180
E00629,1,2026-09-24,2026,2026-09,Sandwich,Food,Bangsaen,Chonburi,East,2,100,200
E00629,2,2026-09-24,2026,2026-09,Brownie,Snack,Bangsaen,Chonburi,East,3,90,270
E00629,3,2026-09-24,2026,2026-09,Cocoa,Drink,Bangsaen,Chonburi,East,4,60,240
E00630,1,2026-09-12,2026,2026-09,Brownie,Snack,Bangsaen,Chonburi,East,3,90,270
E00631,1,2026-09-30,2026,2026-09,Brownie,Snack,Nimman,Chiang Mai,North,2,90,180
E00631,2,2026-09-30,2026,2026-09,Cocoa,Drink,Nimman,Chiang Mai,North,2,60,120
E00632,1,2026-10-23,2026,2026-10,Cookie,Snack,Muang Rayong,Rayong,East,2,80,160
E00632,2,2026-10-23,2026,2026-10,Sandwich,Food,Muang Rayong,Rayong,East,5,100,500
E00632,3,2026-10-23,2026,2026-10,Cocoa,Drink,Muang Rayong,Rayong,East,5,60,300
E00633,1,2026-09-10,2026,2026-09,Tea,Drink,Pattaya,Chonburi,East,5,50,250
E00634,1,2026-09-21,2026,2026-09,Brownie,Snack,Bangsaen,Chonburi,East,1,90,90
E00634,2,2026-09-21,2026,2026-09,Coffee,Drink,Bangsaen,Chonburi,East,3,65,195
E00635,1,2026-09-29,2026,2026-09,Cookie,Snack,Pattaya,Chonburi,East,5,80,400
E00635,2,2026-09-29,2026,2026-09,Brownie,Snack,Pattaya,Chonburi,East,4,90,360
E00636,1,2026-09-10,2026,2026-09,Coffee,Drink,Siam,Bangkok,Central,4,65,260
E00636,2,2026-09-10,2026,2026-09,Cookie,Snack,Siam,Bangkok,Central,5,80,400
E00636,3,2026-09-10,2026,2026-09,Sandwich,Food,Siam,Bangkok,Central,1,100,100
E00637,1,2026-10-30,2026,2026-10,Coffee,Drink,Siam,Bangkok,Central,5,65,325
E00638,1,2026-09-16,2026,2026-09,Brownie,Snack,Siam,Bangkok,Central,2,90,180
E00638,2,2026-09-16,2026,2026-09,Coffee,Drink,Siam,Bangkok,Central,2,65,130
E00638,3,2026-09-16,2026,2026-09,Tea,Drink,Siam,Bangkok,Central,1,50,50
E00639,1,2026-10-04,2026,2026-10,Coffee,Drink,Muang Rayong,Rayong,East,3,65,195
E00640,1,2026-09-28,2026,2026-09,Cookie,Snack,Pattaya,Chonburi,East,4,80,320
E00640,2,2026-09-28,2026,2026-09,Brownie,Snack,Pattaya,Chonburi,East,1,90,90
E00641,1,2026-10-02,2026,2026-10,Cocoa,Drink,Siam,Bangkok,Central,3,60,180
E00642,1,2026-09-07,2026,2026-09,Tea,Drink,Pattaya,Chonburi,East,2,50,100
E00642,2,2026-09-07,2026,2026-09,Cookie,Snack,Pattaya,Chonburi,East,5,80,400
E00643,1,2026-08-02,2026,2026-08,Tea,Drink,Ari,Bangkok,Central,2,50,100
E00643,2,2026-08-02,2026,2026-08,Coffee,Drink,Ari,Bangkok,Central,1,65,65
E00643,3,2026-08-02,2026,2026-08,Cocoa,Drink,Ari,Bangkok,Central,4,60,240
E00644,1,2026-10-03,2026,2026-10,Cocoa,Drink,Pattaya,Chonburi,East,2,60,120
E00644,2,2026-10-03,2026,2026-10,Sandwich,Food,Pattaya,Chonburi,East,3,100,300
E00644,3,2026-10-03,2026,2026-10,Tea,Drink,Pattaya,Chonburi,East,5,50,250
E00645,1,2026-10-05,2026,2026-10,Cookie,Snack,Muang Rayong,Rayong,East,5,80,400
E00646,1,2026-10-14,2026,2026-10,Sandwich,Food,Pattaya,Chonburi,East,2,100,200
E00647,1,2026-09-15,2026,2026-09,Brownie,Snack,Pattaya,Chonburi,East,1,90,90
E00648,1,2026-10-05,2026,2026-10,Coffee,Drink,Pattaya,Chonburi,East,5,65,325
E00649,1,2026-08-19,2026,2026-08,Tea,Drink,Nimman,Chiang Mai,North,3,50,150
E00649,2,2026-08-19,2026,2026-08,Sandwich,Food,Nimman,Chiang Mai,North,5,100,500
E00649,3,2026-08-19,2026,2026-08,Coffee,Drink,Nimman,Chiang Mai,North,2,65,130
E00650,1,2026-09-26,2026,2026-09,Coffee,Drink,Siam,Bangkok,Central,1,65,65
E00650,2,2026-09-26,2026,2026-09,Cookie,Snack,Siam,Bangkok,Central,3,80,240
E00650,3,2026-09-26,2026,2026-09,Sandwich,Food,Siam,Bangkok,Central,5,100,500
E00651,1,2026-09-09,2026,2026-09,Coffee,Drink,Muang Rayong,Rayong,East,4,65,260
E00652,1,2026-09-15,2026,2026-09,Tea,Drink,Nimman,Chiang Mai,North,5,50,250
E00652,2,2026-09-15,2026,2026-09,Coffee,Drink,Nimman,Chiang Mai,North,4,65,260
E00652,3,2026-09-15,2026,2026-09,Cookie,Snack,Nimman,Chiang Mai,North,3,80,240
E00653,1,2026-10-10,2026,2026-10,Tea,Drink,Ari,Bangkok,Central,2,50,100
E00653,2,2026-10-10,2026,2026-10,Cookie,Snack,Ari,Bangkok,Central,1,80,80
E00654,1,2026-08-02,2026,2026-08,Brownie,Snack,Bangsaen,Chonburi,East,3,90,270
E00654,2,2026-08-02,2026,2026-08,Tea,Drink,Bangsaen,Chonburi,East,3,50,150
E00654,3,2026-08-02,2026,2026-08,Cookie,Snack,Bangsaen,Chonburi,East,1,80,80
E00655,1,2026-08-07,2026,2026-08,Coffee,Drink,Siam,Bangkok,Central,2,65,130
E00655,2,2026-08-07,2026,2026-08,Tea,Drink,Siam,Bangkok,Central,3,50,150
E00656,1,2026-10-06,2026,2026-10,Cookie,Snack,Nimman,Chiang Mai,North,4,80,320
E00657,1,2026-09-26,2026,2026-09,Cookie,Snack,Nimman,Chiang Mai,North,5,80,400
E00658,1,2026-08-18,2026,2026-08,Brownie,Snack,Pattaya,Chonburi,East,1,90,90
E00658,2,2026-08-18,2026,2026-08,Coffee,Drink,Pattaya,Chonburi,East,2,65,130
E00658,3,2026-08-18,2026,2026-08,Cocoa,Drink,Pattaya,Chonburi,East,5,60,300
E00659,1,2026-08-05,2026,2026-08,Tea,Drink,Muang Rayong,Rayong,East,1,50,50
E00659,2,2026-08-05,2026,2026-08,Brownie,Snack,Muang Rayong,Rayong,East,2,90,180
E00660,1,2026-10-16,2026,2026-10,Cookie,Snack,Siam,Bangkok,Central,5,80,400
E00661,1,2026-08-02,2026,2026-08,Tea,Drink,Bangsaen,Chonburi,East,1,50,50
E00661,2,2026-08-02,2026,2026-08,Coffee,Drink,Bangsaen,Chonburi,East,2,65,130
E00661,3,2026-08-02,2026,2026-08,Brownie,Snack,Bangsaen,Chonburi,East,5,90,450
E00662,1,2026-08-31,2026,2026-08,Brownie,Snack,Bangsaen,Chonburi,East,1,90,90
E00662,2,2026-08-31,2026,2026-08,Sandwich,Food,Bangsaen,Chonburi,East,1,100,100
E00663,1,2026-10-07,2026,2026-10,Coffee,Drink,Ari,Bangkok,Central,3,65,195
E00663,2,2026-10-07,2026,2026-10,Cookie,Snack,Ari,Bangkok,Central,3,80,240
E00664,1,2026-09-11,2026,2026-09,Cookie,Snack,Bangsaen,Chonburi,East,5,80,400
E00664,2,2026-09-11,2026,2026-09,Tea,Drink,Bangsaen,Chonburi,East,3,50,150
E00664,3,2026-09-11,2026,2026-09,Coffee,Drink,Bangsaen,Chonburi,East,5,65,325
E00665,1,2026-10-22,2026,2026-10,Tea,Drink,Nimman,Chiang Mai,North,2,50,100
E00665,2,2026-10-22,2026,2026-10,Cookie,Snack,Nimman,Chiang Mai,North,4,80,320
E00666,1,2026-09-09,2026,2026-09,Sandwich,Food,Nimman,Chiang Mai,North,2,100,200
E00666,2,2026-09-09,2026,2026-09,Tea,Drink,Nimman,Chiang Mai,North,4,50,200
E00667,1,2026-09-03,2026,2026-09,Cookie,Snack,Pattaya,Chonburi,East,2,80,160
E00667,2,2026-09-03,2026,2026-09,Sandwich,Food,Pattaya,Chonburi,East,1,100,100
E00668,1,2026-08-12,2026,2026-08,Tea,Drink,Ari,Bangkok,Central,1,50,50
E00668,2,2026-08-12,2026,2026-08,Cookie,Snack,Ari,Bangkok,Central,5,80,400
E00669,1,2026-09-19,2026,2026-09,Cookie,Snack,Ari,Bangkok,Central,4,80,320
E00670,1,2026-09-08,2026,2026-09,Sandwich,Food,Pattaya,Chonburi,East,5,100,500
E00670,2,2026-09-08,2026,2026-09,Cocoa,Drink,Pattaya,Chonburi,East,3,60,180
E00670,3,2026-09-08,2026,2026-09,Tea,Drink,Pattaya,Chonburi,East,5,50,250
E00671,1,2026-09-11,2026,2026-09,Sandwich,Food,Nimman,Chiang Mai,North,2,100,200
E00672,1,2026-08-04,2026,2026-08,Coffee,Drink,Ari,Bangkok,Central,5,65,325
E00672,2,2026-08-04,2026,2026-08,Cookie,Snack,Ari,Bangkok,Central,2,80,160
E00673,1,2026-10-23,2026,2026-10,Brownie,Snack,Siam,Bangkok,Central,3,90,270
E00674,1,2026-08-03,2026,2026-08,Sandwich,Food,Pattaya,Chonburi,East,4,100,400
E00675,1,2026-08-14,2026,2026-08,Coffee,Drink,Pattaya,Chonburi,East,2,65,130
E00676,1,2026-08-20,2026,2026-08,Cocoa,Drink,Muang Rayong,Rayong,East,5,60,300
E00677,1,2026-08-06,2026,2026-08,Brownie,Snack,Bangsaen,Chonburi,East,2,90,180
E00677,2,2026-08-06,2026,2026-08,Cocoa,Drink,Bangsaen,Chonburi,East,4,60,240
E00677,3,2026-08-06,2026,2026-08,Tea,Drink,Bangsaen,Chonburi,East,2,50,100
E00678,1,2026-08-22,2026,2026-08,Coffee,Drink,Pattaya,Chonburi,East,5,65,325
E00678,2,2026-08-22,2026,2026-08,Sandwich,Food,Pattaya,Chonburi,East,1,100,100
E00679,1,2026-08-09,2026,2026-08,Cookie,Snack,Siam,Bangkok,Central,4,80,320
E00679,2,2026-08-09,2026,2026-08,Coffee,Drink,Siam,Bangkok,Central,4,65,260
E00680,1,2026-09-22,2026,2026-09,Coffee,Drink,Pattaya,Chonburi,East,5,65,325
E00680,2,2026-09-22,2026,2026-09,Cocoa,Drink,Pattaya,Chonburi,East,1,60,60
E00681,1,2026-08-01,2026,2026-08,Cookie,Snack,Bangsaen,Chonburi,East,1,80,80
E00682,1,2026-09-20,2026,2026-09,Brownie,Snack,Nimman,Chiang Mai,North,1,90,90
E00682,2,2026-09-20,2026,2026-09,Sandwich,Food,Nimman,Chiang Mai,North,1,100,100
E00683,1,2026-08-11,2026,2026-08,Cookie,Snack,Muang Rayong,Rayong,East,4,80,320
E00683,2,2026-08-11,2026,2026-08,Brownie,Snack,Muang Rayong,Rayong,East,4,90,360
E00684,1,2026-08-11,2026,2026-08,Coffee,Drink,Siam,Bangkok,Central,3,65,195
E00684,2,2026-08-11,2026,2026-08,Cookie,Snack,Siam,Bangkok,Central,1,80,80
E00685,1,2026-09-15,2026,2026-09,Sandwich,Food,Ari,Bangkok,Central,3,100,300
E00685,2,2026-09-15,2026,2026-09,Brownie,Snack,Ari,Bangkok,Central,4,90,360
E00685,3,2026-09-15,2026,2026-09,Cookie,Snack,Ari,Bangkok,Central,4,80,320
E00686,1,2026-10-13,2026,2026-10,Tea,Drink,Bangsaen,Chonburi,East,1,50,50
E00687,1,2026-10-24,2026,2026-10,Tea,Drink,Pattaya,Chonburi,East,5,50,250
E00688,1,2026-10-16,2026,2026-10,Cocoa,Drink,Muang Rayong,Rayong,East,3,60,180
E00688,2,2026-10-16,2026,2026-10,Sandwich,Food,Muang Rayong,Rayong,East,2,100,200
E00688,3,2026-10-16,2026,2026-10,Cookie,Snack,Muang Rayong,Rayong,East,4,80,320
E00689,1,2026-08-06,2026,2026-08,Cocoa,Drink,Pattaya,Chonburi,East,2,60,120
E00689,2,2026-08-06,2026,2026-08,Coffee,Drink,Pattaya,Chonburi,East,5,65,325
E00689,3,2026-08-06,2026,2026-08,Cookie,Snack,Pattaya,Chonburi,East,3,80,240
E00690,1,2026-10-18,2026,2026-10,Sandwich,Food,Nimman,Chiang Mai,North,4,100,400
E00690,2,2026-10-18,2026,2026-10,Tea,Drink,Nimman,Chiang Mai,North,1,50,50
E00690,3,2026-10-18,2026,2026-10,Coffee,Drink,Nimman,Chiang Mai,North,5,65,325
E00691,1,2026-08-14,2026,2026-08,Brownie,Snack,Ari,Bangkok,Central,2,90,180
E00692,1,2026-10-16,2026,2026-10,Sandwich,Food,Muang Rayong,Rayong,East,2,100,200
E00692,2,2026-10-16,2026,2026-10,Coffee,Drink,Muang Rayong,Rayong,East,4,65,260
E00693,1,2026-09-22,2026,2026-09,Sandwich,Food,Siam,Bangkok,Central,5,100,500
E00693,2,2026-09-22,2026,2026-09,Brownie,Snack,Siam,Bangkok,Central,1,90,90
E00694,1,2026-09-03,2026,2026-09,Coffee,Drink,Siam,Bangkok,Central,4,65,260
E00694,2,2026-09-03,2026,2026-09,Brownie,Snack,Siam,Bangkok,Central,3,90,270
E00694,3,2026-09-03,2026,2026-09,Cookie,Snack,Siam,Bangkok,Central,3,80,240
E00695,1,2026-08-06,2026,2026-08,Cookie,Snack,Bangsaen,Chonburi,East,2,80,160
E00695,2,2026-08-06,2026,2026-08,Tea,Drink,Bangsaen,Chonburi,East,3,50,150
E00695,3,2026-08-06,2026,2026-08,Brownie,Snack,Bangsaen,Chonburi,East,1,90,90
E00696,1,2026-10-20,2026,2026-10,Coffee,Drink,Muang Rayong,Rayong,East,2,65,130
E00697,1,2026-10-03,2026,2026-10,Tea,Drink,Bangsaen,Chonburi,East,3,50,150
E00698,1,2026-08-08,2026,2026-08,Tea,Drink,Ari,Bangkok,Central,4,50,200
E00698,2,2026-08-08,2026,2026-08,Sandwich,Food,Ari,Bangkok,Central,1,100,100
E00698,3,2026-08-08,2026,2026-08,Cookie,Snack,Ari,Bangkok,Central,3,80,240
E00699,1,2026-08-16,2026,2026-08,Coffee,Drink,Bangsaen,Chonburi,East,3,65,195
E00699,2,2026-08-16,2026,2026-08,Tea,Drink,Bangsaen,Chonburi,East,1,50,50
E00699,3,2026-08-16,2026,2026-08,Brownie,Snack,Bangsaen,Chonburi,East,2,90,180
E00700,1,2026-08-05,2026,2026-08,Cocoa,Drink,Muang Rayong,Rayong,East,1,60,60
E00701,1,2026-09-03,2026,2026-09,Cocoa,Drink,Siam,Bangkok,Central,5,60,300
E00701,2,2026-09-03,2026,2026-09,Cookie,Snack,Siam,Bangkok,Central,5,80,400
E00702,1,2026-08-06,2026,2026-08,Cookie,Snack,Pattaya,Chonburi,East,3,80,240
E00702,2,2026-08-06,2026,2026-08,Cocoa,Drink,Pattaya,Chonburi,East,4,60,240
E00703,1,2026-10-13,2026,2026-10,Sandwich,Food,Ari,Bangkok,Central,2,100,200
E00703,2,2026-10-13,2026,2026-10,Tea,Drink,Ari,Bangkok,Central,4,50,200
E00704,1,2026-10-22,2026,2026-10,Coffee,Drink,Muang Rayong,Rayong,East,3,65,195
E00704,2,2026-10-22,2026,2026-10,Tea,Drink,Muang Rayong,Rayong,East,2,50,100
E00704,3,2026-10-22,2026,2026-10,Cookie,Snack,Muang Rayong,Rayong,East,3,80,240
E00705,1,2026-09-19,2026,2026-09,Brownie,Snack,Nimman,Chiang Mai,North,1,90,90
E00706,1,2026-10-19,2026,2026-10,Tea,Drink,Ari,Bangkok,Central,3,50,150
E00706,2,2026-10-19,2026,2026-10,Brownie,Snack,Ari,Bangkok,Central,5,90,450
E00707,1,2026-09-02,2026,2026-09,Brownie,Snack,Ari,Bangkok,Central,4,90,360
E00707,2,2026-09-02,2026,2026-09,Coffee,Drink,Ari,Bangkok,Central,2,65,130
E00708,1,2026-09-27,2026,2026-09,Sandwich,Food,Nimman,Chiang Mai,North,5,100,500
E00708,2,2026-09-27,2026,2026-09,Cookie,Snack,Nimman,Chiang Mai,North,2,80,160
E00709,1,2026-09-19,2026,2026-09,Sandwich,Food,Nimman,Chiang Mai,North,5,100,500
E00709,2,2026-09-19,2026,2026-09,Cocoa,Drink,Nimman,Chiang Mai,North,4,60,240
E00709,3,2026-09-19,2026,2026-09,Brownie,Snack,Nimman,Chiang Mai,North,3,90,270
E00710,1,2026-09-20,2026,2026-09,Coffee,Drink,Siam,Bangkok,Central,2,65,130
E00711,1,2026-10-19,2026,2026-10,Brownie,Snack,Bangsaen,Chonburi,East,2,90,180
E00711,2,2026-10-19,2026,2026-10,Tea,Drink,Bangsaen,Chonburi,East,1,50,50
E00711,3,2026-10-19,2026,2026-10,Cocoa,Drink,Bangsaen,Chonburi,East,1,60,60
E00712,1,2026-10-11,2026,2026-10,Brownie,Snack,Muang Rayong,Rayong,East,5,90,450
E00712,2,2026-10-11,2026,2026-10,Tea,Drink,Muang Rayong,Rayong,East,4,50,200
E00712,3,2026-10-11,2026,2026-10,Cocoa,Drink,Muang Rayong,Rayong,East,4,60,240
E00713,1,2026-10-31,2026,2026-10,Coffee,Drink,Ari,Bangkok,Central,5,65,325
E00713,2,2026-10-31,2026,2026-10,Sandwich,Food,Ari,Bangkok,Central,4,100,400
E00714,1,2026-10-01,2026,2026-10,Coffee,Drink,Muang Rayong,Rayong,East,2,65,130
E00714,2,2026-10-01,2026,2026-10,Brownie,Snack,Muang Rayong,Rayong,East,4,90,360
E00714,3,2026-10-01,2026,2026-10,Tea,Drink,Muang Rayong,Rayong,East,1,50,50
E00715,1,2026-10-10,2026,2026-10,Cocoa,Drink,Bangsaen,Chonburi,East,2,60,120
E00716,1,2026-09-04,2026,2026-09,Brownie,Snack,Pattaya,Chonburi,East,5,90,450
E00717,1,2026-08-05,2026,2026-08,Cocoa,Drink,Siam,Bangkok,Central,5,60,300
E00717,2,2026-08-05,2026,2026-08,Brownie,Snack,Siam,Bangkok,Central,3,90,270
E00718,1,2026-10-29,2026,2026-10,Sandwich,Food,Muang Rayong,Rayong,East,3,100,300
E00718,2,2026-10-29,2026,2026-10,Coffee,Drink,Muang Rayong,Rayong,East,1,65,65
E00719,1,2026-09-14,2026,2026-09,Cocoa,Drink,Muang Rayong,Rayong,East,4,60,240
E00719,2,2026-09-14,2026,2026-09,Sandwich,Food,Muang Rayong,Rayong,East,5,100,500
E00720,1,2026-09-04,2026,2026-09,Sandwich,Food,Nimman,Chiang Mai,North,5,100,500
E00721,1,2026-08-01,2026,2026-08,Cocoa,Drink,Muang Rayong,Rayong,East,5,60,300
E00721,2,2026-08-01,2026,2026-08,Sandwich,Food,Muang Rayong,Rayong,East,3,100,300
E00721,3,2026-08-01,2026,2026-08,Coffee,Drink,Muang Rayong,Rayong,East,3,65,195
E00722,1,2026-08-15,2026,2026-08,Sandwich,Food,Siam,Bangkok,Central,5,100,500
E00723,1,2026-10-16,2026,2026-10,Tea,Drink,Ari,Bangkok,Central,4,50,200
E00724,1,2026-10-01,2026,2026-10,Brownie,Snack,Bangsaen,Chonburi,East,2,90,180
E00725,1,2026-10-03,2026,2026-10,Coffee,Drink,Ari,Bangkok,Central,4,65,260
E00725,2,2026-10-03,2026,2026-10,Cocoa,Drink,Ari,Bangkok,Central,4,60,240
E00726,1,2026-08-21,2026,2026-08,Sandwich,Food,Siam,Bangkok,Central,5,100,500
E00726,2,2026-08-21,2026,2026-08,Tea,Drink,Siam,Bangkok,Central,3,50,150
E00726,3,2026-08-21,2026,2026-08,Brownie,Snack,Siam,Bangkok,Central,1,90,90
E00727,1,2026-08-02,2026,2026-08,Cookie,Snack,Siam,Bangkok,Central,1,80,80
E00727,2,2026-08-02,2026,2026-08,Brownie,Snack,Siam,Bangkok,Central,4,90,360
E00727,3,2026-08-02,2026,2026-08,Cocoa,Drink,Siam,Bangkok,Central,1,60,60
E00728,1,2026-08-13,2026,2026-08,Coffee,Drink,Siam,Bangkok,Central,5,65,325
E00728,2,2026-08-13,2026,2026-08,Sandwich,Food,Siam,Bangkok,Central,4,100,400
E00729,1,2026-09-16,2026,2026-09,Coffee,Drink,Siam,Bangkok,Central,2,65,130
E00729,2,2026-09-16,2026,2026-09,Brownie,Snack,Siam,Bangkok,Central,1,90,90
E00730,1,2026-09-10,2026,2026-09,Sandwich,Food,Bangsaen,Chonburi,East,5,100,500
E00731,1,2026-09-28,2026,2026-09,Brownie,Snack,Muang Rayong,Rayong,East,4,90,360
E00731,2,2026-09-28,2026,2026-09,Sandwich,Food,Muang Rayong,Rayong,East,1,100,100
E00731,3,2026-09-28,2026,2026-09,Coffee,Drink,Muang Rayong,Rayong,East,4,65,260
E00732,1,2026-08-05,2026,2026-08,Coffee,Drink,Bangsaen,Chonburi,East,4,65,260
E00733,1,2026-09-06,2026,2026-09,Tea,Drink,Pattaya,Chonburi,East,2,50,100
E00733,2,2026-09-06,2026,2026-09,Cookie,Snack,Pattaya,Chonburi,East,5,80,400
E00733,3,2026-09-06,2026,2026-09,Cocoa,Drink,Pattaya,Chonburi,East,5,60,300
E00734,1,2026-09-22,2026,2026-09,Tea,Drink,Ari,Bangkok,Central,1,50,50
E00734,2,2026-09-22,2026,2026-09,Cookie,Snack,Ari,Bangkok,Central,2,80,160
E00734,3,2026-09-22,2026,2026-09,Brownie,Snack,Ari,Bangkok,Central,2,90,180
E00735,1,2026-09-20,2026,2026-09,Coffee,Drink,Pattaya,Chonburi,East,5,65,325
E00736,1,2026-10-16,2026,2026-10,Cookie,Snack,Bangsaen,Chonburi,East,2,80,160
E00737,1,2026-08-30,2026,2026-08,Tea,Drink,Pattaya,Chonburi,East,1,50,50
E00738,1,2026-09-30,2026,2026-09,Tea,Drink,Bangsaen,Chonburi,East,3,50,150
E00739,1,2026-08-31,2026,2026-08,Coffee,Drink,Ari,Bangkok,Central,4,65,260
E00740,1,2026-09-30,2026,2026-09,Sandwich,Food,Muang Rayong,Rayong,East,3,100,300
E00740,2,2026-09-30,2026,2026-09,Tea,Drink,Muang Rayong,Rayong,East,1,50,50
E00741,1,2026-10-21,2026,2026-10,Cocoa,Drink,Pattaya,Chonburi,East,1,60,60
E00741,2,2026-10-21,2026,2026-10,Cookie,Snack,Pattaya,Chonburi,East,3,80,240
E00742,1,2026-08-10,2026,2026-08,Brownie,Snack,Ari,Bangkok,Central,5,90,450
E00742,2,2026-08-10,2026,2026-08,Coffee,Drink,Ari,Bangkok,Central,5,65,325
E00743,1,2026-10-08,2026,2026-10,Tea,Drink,Bangsaen,Chonburi,East,2,50,100
E00743,2,2026-10-08,2026,2026-10,Coffee,Drink,Bangsaen,Chonburi,East,2,65,130
E00744,1,2026-09-21,2026,2026-09,Cocoa,Drink,Muang Rayong,Rayong,East,3,60,180
E00745,1,2026-10-17,2026,2026-10,Tea,Drink,Muang Rayong,Rayong,East,1,50,50
E00745,2,2026-10-17,2026,2026-10,Cocoa,Drink,Muang Rayong,Rayong,East,2,60,120
E00745,3,2026-10-17,2026,2026-10,Cookie,Snack,Muang Rayong,Rayong,East,1,80,80
E00746,1,2026-10-15,2026,2026-10,Brownie,Snack,Pattaya,Chonburi,East,4,90,360
E00746,2,2026-10-15,2026,2026-10,Tea,Drink,Pattaya,Chonburi,East,2,50,100
E00746,3,2026-10-15,2026,2026-10,Coffee,Drink,Pattaya,Chonburi,East,1,65,65
E00747,1,2026-08-12,2026,2026-08,Cocoa,Drink,Ari,Bangkok,Central,2,60,120
E00747,2,2026-08-12,2026,2026-08,Tea,Drink,Ari,Bangkok,Central,2,50,100
E00747,3,2026-08-12,2026,2026-08,Brownie,Snack,Ari,Bangkok,Central,5,90,450
E00748,1,2026-09-06,2026,2026-09,Sandwich,Food,Muang Rayong,Rayong,East,5,100,500
E00748,2,2026-09-06,2026,2026-09,Cocoa,Drink,Muang Rayong,Rayong,East,2,60,120
E00748,3,2026-09-06,2026,2026-09,Coffee,Drink,Muang Rayong,Rayong,East,4,65,260
E00749,1,2026-10-09,2026,2026-10,Cocoa,Drink,Muang Rayong,Rayong,East,5,60,300
E00750,1,2026-10-06,2026,2026-10,Sandwich,Food,Muang Rayong,Rayong,East,5,100,500
E00750,2,2026-10-06,2026,2026-10,Brownie,Snack,Muang Rayong,Rayong,East,4,90,360
E00751,1,2026-10-01,2026,2026-10,Brownie,Snack,Pattaya,Chonburi,East,1,90,90
E00752,1,2026-10-21,2026,2026-10,Cookie,Snack,Bangsaen,Chonburi,East,4,80,320
E00752,2,2026-10-21,2026,2026-10,Brownie,Snack,Bangsaen,Chonburi,East,2,90,180
E00752,3,2026-10-21,2026,2026-10,Tea,Drink,Bangsaen,Chonburi,East,1,50,50
E00753,1,2026-08-12,2026,2026-08,Coffee,Drink,Siam,Bangkok,Central,3,65,195
E00753,2,2026-08-12,2026,2026-08,Cocoa,Drink,Siam,Bangkok,Central,3,60,180
E00753,3,2026-08-12,2026,2026-08,Sandwich,Food,Siam,Bangkok,Central,2,100,200
E00754,1,2026-10-11,2026,2026-10,Sandwich,Food,Muang Rayong,Rayong,East,1,100,100
E00754,2,2026-10-11,2026,2026-10,Brownie,Snack,Muang Rayong,Rayong,East,2,90,180
E00754,3,2026-10-11,2026,2026-10,Cocoa,Drink,Muang Rayong,Rayong,East,1,60,60
E00755,1,2026-08-14,2026,2026-08,Coffee,Drink,Bangsaen,Chonburi,East,5,65,325
E00755,2,2026-08-14,2026,2026-08,Brownie,Snack,Bangsaen,Chonburi,East,3,90,270
E00755,3,2026-08-14,2026,2026-08,Cocoa,Drink,Bangsaen,Chonburi,East,4,60,240
E00756,1,2026-09-26,2026,2026-09,Cocoa,Drink,Muang Rayong,Rayong,East,5,60,300
E00756,2,2026-09-26,2026,2026-09,Tea,Drink,Muang Rayong,Rayong,East,1,50,50
E00757,1,2026-08-27,2026,2026-08,Brownie,Snack,Nimman,Chiang Mai,North,1,90,90
E00757,2,2026-08-27,2026,2026-08,Sandwich,Food,Nimman,Chiang Mai,North,1,100,100
E00758,1,2026-08-06,2026,2026-08,Cookie,Snack,Muang Rayong,Rayong,East,3,80,240
E00758,2,2026-08-06,2026,2026-08,Coffee,Drink,Muang Rayong,Rayong,East,1,65,65
E00759,1,2026-09-03,2026,2026-09,Cocoa,Drink,Nimman,Chiang Mai,North,4,60,240
E00759,2,2026-09-03,2026,2026-09,Tea,Drink,Nimman,Chiang Mai,North,5,50,250
E00760,1,2026-08-31,2026,2026-08,Cookie,Snack,Siam,Bangkok,Central,2,80,160
E00760,2,2026-08-31,2026,2026-08,Brownie,Snack,Siam,Bangkok,Central,4,90,360
E00760,3,2026-08-31,2026,2026-08,Tea,Drink,Siam,Bangkok,Central,4,50,200
E00761,1,2026-08-11,2026,2026-08,Cocoa,Drink,Muang Rayong,Rayong,East,1,60,60
E00761,2,2026-08-11,2026,2026-08,Cookie,Snack,Muang Rayong,Rayong,East,5,80,400
E00761,3,2026-08-11,2026,2026-08,Tea,Drink,Muang Rayong,Rayong,East,1,50,50
E00762,1,2026-08-10,2026,2026-08,Tea,Drink,Pattaya,Chonburi,East,3,50,150
E00762,2,2026-08-10,2026,2026-08,Cookie,Snack,Pattaya,Chonburi,East,3,80,240
E00762,3,2026-08-10,2026,2026-08,Coffee,Drink,Pattaya,Chonburi,East,5,65,325
E00763,1,2026-09-25,2026,2026-09,Coffee,Drink,Bangsaen,Chonburi,East,4,65,260
E00763,2,2026-09-25,2026,2026-09,Brownie,Snack,Bangsaen,Chonburi,East,1,90,90
E00764,1,2026-10-16,2026,2026-10,Tea,Drink,Nimman,Chiang Mai,North,4,50,200
E00764,2,2026-10-16,2026,2026-10,Brownie,Snack,Nimman,Chiang Mai,North,1,90,90
E00765,1,2026-10-16,2026,2026-10,Sandwich,Food,Pattaya,Chonburi,East,1,100,100
E00765,2,2026-10-16,2026,2026-10,Coffee,Drink,Pattaya,Chonburi,East,3,65,195
E00766,1,2026-08-11,2026,2026-08,Sandwich,Food,Pattaya,Chonburi,East,1,100,100
E00767,1,2026-09-05,2026,2026-09,Sandwich,Food,Siam,Bangkok,Central,4,100,400
E00767,2,2026-09-05,2026,2026-09,Cookie,Snack,Siam,Bangkok,Central,2,80,160
E00767,3,2026-09-05,2026,2026-09,Brownie,Snack,Siam,Bangkok,Central,1,90,90
E00768,1,2026-08-07,2026,2026-08,Tea,Drink,Muang Rayong,Rayong,East,3,50,150
E00768,2,2026-08-07,2026,2026-08,Coffee,Drink,Muang Rayong,Rayong,East,1,65,65
E00768,3,2026-08-07,2026,2026-08,Cocoa,Drink,Muang Rayong,Rayong,East,3,60,180
E00769,1,2026-08-06,2026,2026-08,Coffee,Drink,Nimman,Chiang Mai,North,4,65,260
E00770,1,2026-08-05,2026,2026-08,Coffee,Drink,Siam,Bangkok,Central,1,65,65
E00771,1,2026-08-24,2026,2026-08,Tea,Drink,Ari,Bangkok,Central,2,50,100
E00771,2,2026-08-24,2026,2026-08,Coffee,Drink,Ari,Bangkok,Central,2,65,130
E00771,3,2026-08-24,2026,2026-08,Sandwich,Food,Ari,Bangkok,Central,2,100,200
E00772,1,2026-10-03,2026,2026-10,Cocoa,Drink,Muang Rayong,Rayong,East,1,60,60
E00772,2,2026-10-03,2026,2026-10,Sandwich,Food,Muang Rayong,Rayong,East,3,100,300
E00772,3,2026-10-03,2026,2026-10,Tea,Drink,Muang Rayong,Rayong,East,2,50,100
E00773,1,2026-10-25,2026,2026-10,Cocoa,Drink,Pattaya,Chonburi,East,4,60,240
E00774,1,2026-10-13,2026,2026-10,Cocoa,Drink,Nimman,Chiang Mai,North,5,60,300
E00774,2,2026-10-13,2026,2026-10,Cookie,Snack,Nimman,Chiang Mai,North,5,80,400
E00775,1,2026-08-27,2026,2026-08,Coffee,Drink,Siam,Bangkok,Central,3,65,195
E00776,1,2026-10-03,2026,2026-10,Brownie,Snack,Bangsaen,Chonburi,East,4,90,360
E00776,2,2026-10-03,2026,2026-10,Sandwich,Food,Bangsaen,Chonburi,East,1,100,100
E00777,1,2026-09-17,2026,2026-09,Sandwich,Food,Bangsaen,Chonburi,East,4,100,400
E00777,2,2026-09-17,2026,2026-09,Cookie,Snack,Bangsaen,Chonburi,East,5,80,400
E00778,1,2026-10-22,2026,2026-10,Brownie,Snack,Muang Rayong,Rayong,East,5,90,450
E00778,2,2026-10-22,2026,2026-10,Cocoa,Drink,Muang Rayong,Rayong,East,3,60,180
E00778,3,2026-10-22,2026,2026-10,Tea,Drink,Muang Rayong,Rayong,East,2,50,100
E00779,1,2026-10-08,2026,2026-10,Coffee,Drink,Muang Rayong,Rayong,East,5,65,325
E00780,1,2026-10-27,2026,2026-10,Cocoa,Drink,Nimman,Chiang Mai,North,5,60,300
E00781,1,2026-08-30,2026,2026-08,Brownie,Snack,Ari,Bangkok,Central,2,90,180
E00782,1,2026-09-02,2026,2026-09,Sandwich,Food,Ari,Bangkok,Central,4,100,400
E00782,2,2026-09-02,2026,2026-09,Brownie,Snack,Ari,Bangkok,Central,2,90,180
E00782,3,2026-09-02,2026,2026-09,Cocoa,Drink,Ari,Bangkok,Central,2,60,120
E00783,1,2026-08-07,2026,2026-08,Brownie,Snack,Pattaya,Chonburi,East,5,90,450
E00783,2,2026-08-07,2026,2026-08,Cookie,Snack,Pattaya,Chonburi,East,1,80,80
E00783,3,2026-08-07,2026,2026-08,Cocoa,Drink,Pattaya,Chonburi,East,3,60,180
E00784,1,2026-08-26,2026,2026-08,Cookie,Snack,Bangsaen,Chonburi,East,5,80,400
E00784,2,2026-08-26,2026,2026-08,Cocoa,Drink,Bangsaen,Chonburi,East,1,60,60
E00784,3,2026-08-26,2026,2026-08,Coffee,Drink,Bangsaen,Chonburi,East,1,65,65
E00785,1,2026-10-08,2026,2026-10,Sandwich,Food,Pattaya,Chonburi,East,3,100,300
E00786,1,2026-08-20,2026,2026-08,Cocoa,Drink,Pattaya,Chonburi,East,3,60,180
E00786,2,2026-08-20,2026,2026-08,Coffee,Drink,Pattaya,Chonburi,East,2,65,130
E00787,1,2026-09-16,2026,2026-09,Brownie,Snack,Muang Rayong,Rayong,East,5,90,450
E00787,2,2026-09-16,2026,2026-09,Cocoa,Drink,Muang Rayong,Rayong,East,2,60,120
E00787,3,2026-09-16,2026,2026-09,Tea,Drink,Muang Rayong,Rayong,East,4,50,200
E00788,1,2026-10-03,2026,2026-10,Tea,Drink,Ari,Bangkok,Central,1,50,50
E00788,2,2026-10-03,2026,2026-10,Coffee,Drink,Ari,Bangkok,Central,1,65,65
E00789,1,2026-09-20,2026,2026-09,Coffee,Drink,Pattaya,Chonburi,East,3,65,195
E00789,2,2026-09-20,2026,2026-09,Cocoa,Drink,Pattaya,Chonburi,East,1,60,60
E00790,1,2026-10-14,2026,2026-10,Cookie,Snack,Nimman,Chiang Mai,North,2,80,160
E00790,2,2026-10-14,2026,2026-10,Brownie,Snack,Nimman,Chiang Mai,North,4,90,360
E00790,3,2026-10-14,2026,2026-10,Cocoa,Drink,Nimman,Chiang Mai,North,2,60,120
E00791,1,2026-08-08,2026,2026-08,Cocoa,Drink,Siam,Bangkok,Central,2,60,120
E00792,1,2026-09-15,2026,2026-09,Cocoa,Drink,Nimman,Chiang Mai,North,3,60,180
E00792,2,2026-09-15,2026,2026-09,Cookie,Snack,Nimman,Chiang Mai,North,3,80,240
E00793,1,2026-09-01,2026,2026-09,Cocoa,Drink,Nimman,Chiang Mai,North,4,60,240
E00793,2,2026-09-01,2026,2026-09,Tea,Drink,Nimman,Chiang Mai,North,5,50,250
E00793,3,2026-09-01,2026,2026-09,Sandwich,Food,Nimman,Chiang Mai,North,3,100,300
E00794,1,2026-08-19,2026,2026-08,Cookie,Snack,Muang Rayong,Rayong,East,5,80,400
E00794,2,2026-08-19,2026,2026-08,Tea,Drink,Muang Rayong,Rayong,East,3,50,150
E00795,1,2026-09-03,2026,2026-09,Cocoa,Drink,Muang Rayong,Rayong,East,3,60,180
E00795,2,2026-09-03,2026,2026-09,Coffee,Drink,Muang Rayong,Rayong,East,5,65,325
E00795,3,2026-09-03,2026,2026-09,Brownie,Snack,Muang Rayong,Rayong,East,2,90,180
E00796,1,2026-09-17,2026,2026-09,Sandwich,Food,Muang Rayong,Rayong,East,1,100,100
E00796,2,2026-09-17,2026,2026-09,Brownie,Snack,Muang Rayong,Rayong,East,4,90,360
E00797,1,2026-08-26,2026,2026-08,Cocoa,Drink,Muang Rayong,Rayong,East,3,60,180
E00797,2,2026-08-26,2026,2026-08,Cookie,Snack,Muang Rayong,Rayong,East,5,80,400
E00797,3,2026-08-26,2026,2026-08,Tea,Drink,Muang Rayong,Rayong,East,3,50,150
E00798,1,2026-09-28,2026,2026-09,Tea,Drink,Ari,Bangkok,Central,3,50,150
E00798,2,2026-09-28,2026,2026-09,Cookie,Snack,Ari,Bangkok,Central,5,80,400
E00799,1,2026-09-03,2026,2026-09,Cookie,Snack,Pattaya,Chonburi,East,5,80,400
E00799,2,2026-09-03,2026,2026-09,Tea,Drink,Pattaya,Chonburi,East,3,50,150
E00800,1,2026-08-09,2026,2026-08,Cocoa,Drink,Siam,Bangkok,Central,5,60,300
E00801,1,2026-09-21,2026,2026-09,Brownie,Snack,Pattaya,Chonburi,East,1,90,90
E00801,2,2026-09-21,2026,2026-09,Coffee,Drink,Pattaya,Chonburi,East,3,65,195
E00801,3,2026-09-21,2026,2026-09,Tea,Drink,Pattaya,Chonburi,East,5,50,250
E00802,1,2026-08-16,2026,2026-08,Tea,Drink,Pattaya,Chonburi,East,3,50,150
E00802,2,2026-08-16,2026,2026-08,Cocoa,Drink,Pattaya,Chonburi,East,5,60,300
E00803,1,2026-10-05,2026,2026-10,Sandwich,Food,Muang Rayong,Rayong,East,3,100,300
E00804,1,2026-09-18,2026,2026-09,Tea,Drink,Ari,Bangkok,Central,4,50,200
E00804,2,2026-09-18,2026,2026-09,Brownie,Snack,Ari,Bangkok,Central,5,90,450
E00804,3,2026-09-18,2026,2026-09,Sandwich,Food,Ari,Bangkok,Central,3,100,300
E00805,1,2026-10-02,2026,2026-10,Sandwich,Food,Muang Rayong,Rayong,East,4,100,400
E00805,2,2026-10-02,2026,2026-10,Brownie,Snack,Muang Rayong,Rayong,East,5,90,450
E00805,3,2026-10-02,2026,2026-10,Cookie,Snack,Muang Rayong,Rayong,East,3,80,240
E00806,1,2026-08-03,2026,2026-08,Cookie,Snack,Pattaya,Chonburi,East,1,80,80
E00807,1,2026-10-28,2026,2026-10,Coffee,Drink,Muang Rayong,Rayong,East,5,65,325
E00808,1,2026-10-29,2026,2026-10,Cocoa,Drink,Ari,Bangkok,Central,2,60,120
E00808,2,2026-10-29,2026,2026-10,Brownie,Snack,Ari,Bangkok,Central,2,90,180
E00809,1,2026-09-22,2026,2026-09,Brownie,Snack,Pattaya,Chonburi,East,4,90,360
E00809,2,2026-09-22,2026,2026-09,Tea,Drink,Pattaya,Chonburi,East,1,50,50
E00810,1,2026-10-09,2026,2026-10,Cocoa,Drink,Pattaya,Chonburi,East,2,60,120
E00811,1,2026-09-11,2026,2026-09,Sandwich,Food,Pattaya,Chonburi,East,1,100,100
E00811,2,2026-09-11,2026,2026-09,Cookie,Snack,Pattaya,Chonburi,East,3,80,240
E00811,3,2026-09-11,2026,2026-09,Coffee,Drink,Pattaya,Chonburi,East,5,65,325
E00812,1,2026-10-21,2026,2026-10,Tea,Drink,Muang Rayong,Rayong,East,1,50,50
E00812,2,2026-10-21,2026,2026-10,Cocoa,Drink,Muang Rayong,Rayong,East,5,60,300
E00813,1,2026-08-21,2026,2026-08,Cocoa,Drink,Siam,Bangkok,Central,4,60,240
E00814,1,2026-10-18,2026,2026-10,Coffee,Drink,Muang Rayong,Rayong,East,3,65,195
E00814,2,2026-10-18,2026,2026-10,Tea,Drink,Muang Rayong,Rayong,East,4,50,200
E00815,1,2026-08-18,2026,2026-08,Tea,Drink,Muang Rayong,Rayong,East,1,50,50
E00815,2,2026-08-18,2026,2026-08,Cocoa,Drink,Muang Rayong,Rayong,East,4,60,240
E00816,1,2026-10-26,2026,2026-10,Tea,Drink,Muang Rayong,Rayong,East,2,50,100
E00816,2,2026-10-26,2026,2026-10,Cocoa,Drink,Muang Rayong,Rayong,East,1,60,60
E00816,3,2026-10-26,2026,2026-10,Coffee,Drink,Muang Rayong,Rayong,East,2,65,130
E00817,1,2026-10-18,2026,2026-10,Tea,Drink,Siam,Bangkok,Central,3,50,150
E00817,2,2026-10-18,2026,2026-10,Coffee,Drink,Siam,Bangkok,Central,4,65,260
E00818,1,2026-08-19,2026,2026-08,Tea,Drink,Muang Rayong,Rayong,East,3,50,150
E00818,2,2026-08-19,2026,2026-08,Sandwich,Food,Muang Rayong,Rayong,East,4,100,400
E00818,3,2026-08-19,2026,2026-08,Brownie,Snack,Muang Rayong,Rayong,East,1,90,90
E00819,1,2026-09-20,2026,2026-09,Cocoa,Drink,Bangsaen,Chonburi,East,1,60,60
E00819,2,2026-09-20,2026,2026-09,Brownie,Snack,Bangsaen,Chonburi,East,4,90,360
E00819,3,2026-09-20,2026,2026-09,Sandwich,Food,Bangsaen,Chonburi,East,4,100,400
E00820,1,2026-08-03,2026,2026-08,Cookie,Snack,Siam,Bangkok,Central,3,80,240
E00821,1,2026-10-15,2026,2026-10,Cocoa,Drink,Siam,Bangkok,Central,2,60,120
E00822,1,2026-09-06,2026,2026-09,Brownie,Snack,Siam,Bangkok,Central,4,90,360
E00823,1,2026-08-12,2026,2026-08,Cookie,Snack,Bangsaen,Chonburi,East,3,80,240
E00823,2,2026-08-12,2026,2026-08,Cocoa,Drink,Bangsaen,Chonburi,East,2,60,120
E00824,1,2026-09-20,2026,2026-09,Tea,Drink,Pattaya,Chonburi,East,5,50,250
E00824,2,2026-09-20,2026,2026-09,Coffee,Drink,Pattaya,Chonburi,East,4,65,260
E00824,3,2026-09-20,2026,2026-09,Brownie,Snack,Pattaya,Chonburi,East,2,90,180
E00825,1,2026-08-19,2026,2026-08,Brownie,Snack,Siam,Bangkok,Central,1,90,90
E00825,2,2026-08-19,2026,2026-08,Sandwich,Food,Siam,Bangkok,Central,4,100,400
E00825,3,2026-08-19,2026,2026-08,Cookie,Snack,Siam,Bangkok,Central,4,80,320
E00826,1,2026-08-25,2026,2026-08,Tea,Drink,Nimman,Chiang Mai,North,4,50,200
E00826,2,2026-08-25,2026,2026-08,Cookie,Snack,Nimman,Chiang Mai,North,4,80,320
E00827,1,2026-10-03,2026,2026-10,Cookie,Snack,Muang Rayong,Rayong,East,4,80,320
E00827,2,2026-10-03,2026,2026-10,Brownie,Snack,Muang Rayong,Rayong,East,4,90,360
E00827,3,2026-10-03,2026,2026-10,Cocoa,Drink,Muang Rayong,Rayong,East,1,60,60
E00828,1,2026-09-29,2026,2026-09,Coffee,Drink,Muang Rayong,Rayong,East,3,65,195
E00828,2,2026-09-29,2026,2026-09,Cocoa,Drink,Muang Rayong,Rayong,East,5,60,300
E00828,3,2026-09-29,2026,2026-09,Cookie,Snack,Muang Rayong,Rayong,East,4,80,320
E00829,1,2026-08-26,2026,2026-08,Cookie,Snack,Ari,Bangkok,Central,2,80,160
E00829,2,2026-08-26,2026,2026-08,Cocoa,Drink,Ari,Bangkok,Central,2,60,120
E00830,1,2026-09-17,2026,2026-09,Coffee,Drink,Nimman,Chiang Mai,North,1,65,65
E00830,2,2026-09-17,2026,2026-09,Brownie,Snack,Nimman,Chiang Mai,North,1,90,90
E00831,1,2026-08-25,2026,2026-08,Cocoa,Drink,Bangsaen,Chonburi,East,3,60,180
E00831,2,2026-08-25,2026,2026-08,Cookie,Snack,Bangsaen,Chonburi,East,1,80,80
E00832,1,2026-08-07,2026,2026-08,Coffee,Drink,Muang Rayong,Rayong,East,5,65,325
E00832,2,2026-08-07,2026,2026-08,Cocoa,Drink,Muang Rayong,Rayong,East,2,60,120
E00832,3,2026-08-07,2026,2026-08,Brownie,Snack,Muang Rayong,Rayong,East,5,90,450
E00833,1,2026-08-07,2026,2026-08,Sandwich,Food,Siam,Bangkok,Central,1,100,100
E00834,1,2026-10-27,2026,2026-10,Cocoa,Drink,Siam,Bangkok,Central,1,60,60
E00835,1,2026-10-26,2026,2026-10,Coffee,Drink,Pattaya,Chonburi,East,4,65,260
E00835,2,2026-10-26,2026,2026-10,Sandwich,Food,Pattaya,Chonburi,East,1,100,100
E00836,1,2026-08-14,2026,2026-08,Sandwich,Food,Nimman,Chiang Mai,North,5,100,500
E00836,2,2026-08-14,2026,2026-08,Cocoa,Drink,Nimman,Chiang Mai,North,2,60,120
E00836,3,2026-08-14,2026,2026-08,Coffee,Drink,Nimman,Chiang Mai,North,3,65,195
E00837,1,2026-09-11,2026,2026-09,Cookie,Snack,Pattaya,Chonburi,East,2,80,160
E00837,2,2026-09-11,2026,2026-09,Cocoa,Drink,Pattaya,Chonburi,East,2,60,120
E00837,3,2026-09-11,2026,2026-09,Tea,Drink,Pattaya,Chonburi,East,1,50,50
E00838,1,2026-09-17,2026,2026-09,Brownie,Snack,Bangsaen,Chonburi,East,5,90,450
E00838,2,2026-09-17,2026,2026-09,Tea,Drink,Bangsaen,Chonburi,East,2,50,100
E00839,1,2026-08-06,2026,2026-08,Sandwich,Food,Pattaya,Chonburi,East,5,100,500
E00840,1,2026-08-05,2026,2026-08,Tea,Drink,Ari,Bangkok,Central,5,50,250
E00841,1,2026-08-07,2026,2026-08,Coffee,Drink,Muang Rayong,Rayong,East,1,65,65
E00841,2,2026-08-07,2026,2026-08,Tea,Drink,Muang Rayong,Rayong,East,1,50,50
E00842,1,2026-10-08,2026,2026-10,Sandwich,Food,Ari,Bangkok,Central,2,100,200
E00842,2,2026-10-08,2026,2026-10,Brownie,Snack,Ari,Bangkok,Central,3,90,270
E00843,1,2026-09-12,2026,2026-09,Cocoa,Drink,Nimman,Chiang Mai,North,3,60,180
E00844,1,2026-08-29,2026,2026-08,Tea,Drink,Muang Rayong,Rayong,East,1,50,50
E00844,2,2026-08-29,2026,2026-08,Cookie,Snack,Muang Rayong,Rayong,East,3,80,240
E00844,3,2026-08-29,2026,2026-08,Coffee,Drink,Muang Rayong,Rayong,East,3,65,195
E00845,1,2026-09-26,2026,2026-09,Coffee,Drink,Pattaya,Chonburi,East,2,65,130
E00845,2,2026-09-26,2026,2026-09,Cookie,Snack,Pattaya,Chonburi,East,4,80,320
E00846,1,2026-08-03,2026,2026-08,Brownie,Snack,Nimman,Chiang Mai,North,2,90,180
E00847,1,2026-09-25,2026,2026-09,Cookie,Snack,Muang Rayong,Rayong,East,1,80,80
E00847,2,2026-09-25,2026,2026-09,Coffee,Drink,Muang Rayong,Rayong,East,5,65,325
E00848,1,2026-08-20,2026,2026-08,Cocoa,Drink,Ari,Bangkok,Central,3,60,180
E00849,1,2026-08-01,2026,2026-08,Cocoa,Drink,Siam,Bangkok,Central,5,60,300
E00849,2,2026-08-01,2026,2026-08,Cookie,Snack,Siam,Bangkok,Central,3,80,240
E00849,3,2026-08-01,2026,2026-08,Tea,Drink,Siam,Bangkok,Central,1,50,50
E00850,1,2026-09-01,2026,2026-09,Coffee,Drink,Ari,Bangkok,Central,3,65,195
E00850,2,2026-09-01,2026,2026-09,Cocoa,Drink,Ari,Bangkok,Central,4,60,240
E00850,3,2026-09-01,2026,2026-09,Sandwich,Food,Ari,Bangkok,Central,5,100,500
E00851,1,2026-10-20,2026,2026-10,Cookie,Snack,Ari,Bangkok,Central,4,80,320
E00851,2,2026-10-20,2026,2026-10,Coffee,Drink,Ari,Bangkok,Central,5,65,325
E00851,3,2026-10-20,2026,2026-10,Cocoa,Drink,Ari,Bangkok,Central,4,60,240
E00852,1,2026-09-28,2026,2026-09,Tea,Drink,Bangsaen,Chonburi,East,4,50,200
E00852,2,2026-09-28,2026,2026-09,Coffee,Drink,Bangsaen,Chonburi,East,1,65,65
E00853,1,2026-09-06,2026,2026-09,Brownie,Snack,Pattaya,Chonburi,East,1,90,90
E00853,2,2026-09-06,2026,2026-09,Tea,Drink,Pattaya,Chonburi,East,3,50,150
E00854,1,2026-10-06,2026,2026-10,Brownie,Snack,Nimman,Chiang Mai,North,1,90,90
E00854,2,2026-10-06,2026,2026-10,Sandwich,Food,Nimman,Chiang Mai,North,4,100,400
E00855,1,2026-10-23,2026,2026-10,Sandwich,Food,Nimman,Chiang Mai,North,2,100,200
E00855,2,2026-10-23,2026,2026-10,Cocoa,Drink,Nimman,Chiang Mai,North,2,60,120
E00855,3,2026-10-23,2026,2026-10,Tea,Drink,Nimman,Chiang Mai,North,4,50,200
E00856,1,2026-09-19,2026,2026-09,Tea,Drink,Muang Rayong,Rayong,East,2,50,100
E00857,1,2026-10-04,2026,2026-10,Tea,Drink,Ari,Bangkok,Central,2,50,100
E00857,2,2026-10-04,2026,2026-10,Cookie,Snack,Ari,Bangkok,Central,1,80,80
E00858,1,2026-09-29,2026,2026-09,Brownie,Snack,Nimman,Chiang Mai,North,1,90,90
E00858,2,2026-09-29,2026,2026-09,Sandwich,Food,Nimman,Chiang Mai,North,4,100,400
E00858,3,2026-09-29,2026,2026-09,Cookie,Snack,Nimman,Chiang Mai,North,5,80,400
E00859,1,2026-10-10,2026,2026-10,Cookie,Snack,Pattaya,Chonburi,East,2,80,160
E00859,2,2026-10-10,2026,2026-10,Tea,Drink,Pattaya,Chonburi,East,5,50,250
E00860,1,2026-09-12,2026,2026-09,Sandwich,Food,Pattaya,Chonburi,East,2,100,200
E00860,2,2026-09-12,2026,2026-09,Cocoa,Drink,Pattaya,Chonburi,East,1,60,60
E00860,3,2026-09-12,2026,2026-09,Brownie,Snack,Pattaya,Chonburi,East,2,90,180
E00861,1,2026-08-22,2026,2026-08,Sandwich,Food,Bangsaen,Chonburi,East,1,100,100
E00862,1,2026-09-17,2026,2026-09,Cookie,Snack,Bangsaen,Chonburi,East,1,80,80
E00862,2,2026-09-17,2026,2026-09,Coffee,Drink,Bangsaen,Chonburi,East,1,65,65
E00862,3,2026-09-17,2026,2026-09,Tea,Drink,Bangsaen,Chonburi,East,3,50,150
E00863,1,2026-08-16,2026,2026-08,Sandwich,Food,Nimman,Chiang Mai,North,2,100,200
E00863,2,2026-08-16,2026,2026-08,Coffee,Drink,Nimman,Chiang Mai,North,2,65,130
E00863,3,2026-08-16,2026,2026-08,Cocoa,Drink,Nimman,Chiang Mai,North,5,60,300
E00864,1,2026-10-22,2026,2026-10,Tea,Drink,Muang Rayong,Rayong,East,3,50,150
E00865,1,2026-08-04,2026,2026-08,Sandwich,Food,Muang Rayong,Rayong,East,3,100,300
E00866,1,2026-10-10,2026,2026-10,Sandwich,Food,Bangsaen,Chonburi,East,3,100,300
E00867,1,2026-10-07,2026,2026-10,Cookie,Snack,Pattaya,Chonburi,East,2,80,160
E00867,2,2026-10-07,2026,2026-10,Brownie,Snack,Pattaya,Chonburi,East,5,90,450
E00867,3,2026-10-07,2026,2026-10,Cocoa,Drink,Pattaya,Chonburi,East,4,60,240
E00868,1,2026-08-01,2026,2026-08,Brownie,Snack,Ari,Bangkok,Central,5,90,450
E00869,1,2026-10-07,2026,2026-10,Coffee,Drink,Pattaya,Chonburi,East,1,65,65
E00869,2,2026-10-07,2026,2026-10,Tea,Drink,Pattaya,Chonburi,East,2,50,100
E00870,1,2026-10-30,2026,2026-10,Coffee,Drink,Nimman,Chiang Mai,North,2,65,130
E00870,2,2026-10-30,2026,2026-10,Cocoa,Drink,Nimman,Chiang Mai,North,3,60,180
E00871,1,2026-10-04,2026,2026-10,Tea,Drink,Nimman,Chiang Mai,North,5,50,250
E00872,1,2026-10-09,2026,2026-10,Cookie,Snack,Siam,Bangkok,Central,4,80,320
E00872,2,2026-10-09,2026,2026-10,Cocoa,Drink,Siam,Bangkok,Central,4,60,240
E00873,1,2026-10-10,2026,2026-10,Tea,Drink,Pattaya,Chonburi,East,1,50,50
E00874,1,2026-10-18,2026,2026-10,Cocoa,Drink,Pattaya,Chonburi,East,1,60,60
E00875,1,2026-10-14,2026,2026-10,Sandwich,Food,Siam,Bangkok,Central,2,100,200
E00875,2,2026-10-14,2026,2026-10,Cookie,Snack,Siam,Bangkok,Central,2,80,160
E00875,3,2026-10-14,2026,2026-10,Cocoa,Drink,Siam,Bangkok,Central,4,60,240
E00876,1,2026-10-20,2026,2026-10,Tea,Drink,Ari,Bangkok,Central,4,50,200
E00877,1,2026-08-25,2026,2026-08,Sandwich,Food,Muang Rayong,Rayong,East,3,100,300
E00877,2,2026-08-25,2026,2026-08,Cookie,Snack,Muang Rayong,Rayong,East,3,80,240
E00878,1,2026-10-27,2026,2026-10,Tea,Drink,Pattaya,Chonburi,East,5,50,250
E00879,1,2026-09-15,2026,2026-09,Cocoa,Drink,Pattaya,Chonburi,East,2,60,120
E00879,2,2026-09-15,2026,2026-09,Tea,Drink,Pattaya,Chonburi,East,5,50,250
E00879,3,2026-09-15,2026,2026-09,Brownie,Snack,Pattaya,Chonburi,East,3,90,270
E00880,1,2026-10-28,2026,2026-10,Coffee,Drink,Pattaya,Chonburi,East,5,65,325
E00880,2,2026-10-28,2026,2026-10,Tea,Drink,Pattaya,Chonburi,East,4,50,200
E00881,1,2026-10-05,2026,2026-10,Brownie,Snack,Pattaya,Chonburi,East,3,90,270
E00881,2,2026-10-05,2026,2026-10,Tea,Drink,Pattaya,Chonburi,East,1,50,50
E00882,1,2026-08-05,2026,2026-08,Cocoa,Drink,Ari,Bangkok,Central,2,60,120
E00882,2,2026-08-05,2026,2026-08,Brownie,Snack,Ari,Bangkok,Central,1,90,90
E00882,3,2026-08-05,2026,2026-08,Sandwich,Food,Ari,Bangkok,Central,3,100,300
E00883,1,2026-08-01,2026,2026-08,Coffee,Drink,Nimman,Chiang Mai,North,2,65,130
E00883,2,2026-08-01,2026,2026-08,Cookie,Snack,Nimman,Chiang Mai,North,1,80,80
E00884,1,2026-09-04,2026,2026-09,Cocoa,Drink,Pattaya,Chonburi,East,5,60,300
E00885,1,2026-09-18,2026,2026-09,Sandwich,Food,Ari,Bangkok,Central,4,100,400
E00886,1,2026-09-02,2026,2026-09,Tea,Drink,Ari,Bangkok,Central,5,50,250
E00886,2,2026-09-02,2026,2026-09,Cocoa,Drink,Ari,Bangkok,Central,4,60,240
E00887,1,2026-08-24,2026,2026-08,Cocoa,Drink,Ari,Bangkok,Central,3,60,180
E00887,2,2026-08-24,2026,2026-08,Cookie,Snack,Ari,Bangkok,Central,1,80,80
E00888,1,2026-09-18,2026,2026-09,Brownie,Snack,Siam,Bangkok,Central,4,90,360
E00888,2,2026-09-18,2026,2026-09,Coffee,Drink,Siam,Bangkok,Central,2,65,130
E00888,3,2026-09-18,2026,2026-09,Sandwich,Food,Siam,Bangkok,Central,4,100,400
E00889,1,2026-09-20,2026,2026-09,Brownie,Snack,Ari,Bangkok,Central,5,90,450
E00890,1,2026-10-22,2026,2026-10,Sandwich,Food,Muang Rayong,Rayong,East,2,100,200
E00890,2,2026-10-22,2026,2026-10,Tea,Drink,Muang Rayong,Rayong,East,2,50,100
E00890,3,2026-10-22,2026,2026-10,Brownie,Snack,Muang Rayong,Rayong,East,1,90,90
E00891,1,2026-10-24,2026,2026-10,Coffee,Drink,Bangsaen,Chonburi,East,5,65,325
E00891,2,2026-10-24,2026,2026-10,Cocoa,Drink,Bangsaen,Chonburi,East,5,60,300
E00892,1,2026-08-10,2026,2026-08,Coffee,Drink,Nimman,Chiang Mai,North,5,65,325
E00893,1,2026-09-23,2026,2026-09,Coffee,Drink,Ari,Bangkok,Central,4,65,260
E00894,1,2026-09-14,2026,2026-09,Tea,Drink,Pattaya,Chonburi,East,2,50,100
E00894,2,2026-09-14,2026,2026-09,Cookie,Snack,Pattaya,Chonburi,East,3,80,240
E00894,3,2026-09-14,2026,2026-09,Coffee,Drink,Pattaya,Chonburi,East,4,65,260
E00895,1,2026-08-01,2026,2026-08,Cookie,Snack,Bangsaen,Chonburi,East,4,80,320
E00895,2,2026-08-01,2026,2026-08,Coffee,Drink,Bangsaen,Chonburi,East,4,65,260
E00896,1,2026-08-18,2026,2026-08,Sandwich,Food,Nimman,Chiang Mai,North,4,100,400
E00897,1,2026-08-01,2026,2026-08,Tea,Drink,Nimman,Chiang Mai,North,3,50,150
E00897,2,2026-08-01,2026,2026-08,Coffee,Drink,Nimman,Chiang Mai,North,1,65,65
E00898,1,2026-08-15,2026,2026-08,Coffee,Drink,Siam,Bangkok,Central,4,65,260
E00898,2,2026-08-15,2026,2026-08,Cookie,Snack,Siam,Bangkok,Central,3,80,240
E00899,1,2026-10-13,2026,2026-10,Cocoa,Drink,Bangsaen,Chonburi,East,3,60,180
E00899,2,2026-10-13,2026,2026-10,Sandwich,Food,Bangsaen,Chonburi,East,5,100,500
E00900,1,2026-08-13,2026,2026-08,Cookie,Snack,Muang Rayong,Rayong,East,1,80,80
E00900,2,2026-08-13,2026,2026-08,Brownie,Snack,Muang Rayong,Rayong,East,1,90,90
E00900,3,2026-08-13,2026,2026-08,Cocoa,Drink,Muang Rayong,Rayong,East,5,60,300
E00901,1,2026-08-20,2026,2026-08,Coffee,Drink,Siam,Bangkok,Central,2,65,130
E00901,2,2026-08-20,2026,2026-08,Cookie,Snack,Siam,Bangkok,Central,5,80,400
E00902,1,2026-08-28,2026,2026-08,Cocoa,Drink,Pattaya,Chonburi,East,5,60,300
E00903,1,2026-10-30,2026,2026-10,Tea,Drink,Pattaya,Chonburi,East,5,50,250
E00903,2,2026-10-30,2026,2026-10,Sandwich,Food,Pattaya,Chonburi,East,3,100,300
E00904,1,2026-08-10,2026,2026-08,Cocoa,Drink,Muang Rayong,Rayong,East,2,60,120
E00904,2,2026-08-10,2026,2026-08,Cookie,Snack,Muang Rayong,Rayong,East,2,80,160
E00905,1,2026-08-31,2026,2026-08,Sandwich,Food,Ari,Bangkok,Central,3,100,300
E00905,2,2026-08-31,2026,2026-08,Brownie,Snack,Ari,Bangkok,Central,3,90,270
E00906,1,2026-09-25,2026,2026-09,Brownie,Snack,Nimman,Chiang Mai,North,1,90,90
E00906,2,2026-09-25,2026,2026-09,Tea,Drink,Nimman,Chiang Mai,North,4,50,200
E00907,1,2026-08-26,2026,2026-08,Cocoa,Drink,Ari,Bangkok,Central,1,60,60
E00907,2,2026-08-26,2026,2026-08,Cookie,Snack,Ari,Bangkok,Central,3,80,240
E00908,1,2026-09-16,2026,2026-09,Brownie,Snack,Pattaya,Chonburi,East,5,90,450
E00908,2,2026-09-16,2026,2026-09,Cocoa,Drink,Pattaya,Chonburi,East,3,60,180
E00909,1,2026-10-10,2026,2026-10,Sandwich,Food,Ari,Bangkok,Central,5,100,500
E00909,2,2026-10-10,2026,2026-10,Tea,Drink,Ari,Bangkok,Central,3,50,150
E00910,1,2026-09-24,2026,2026-09,Cookie,Snack,Nimman,Chiang Mai,North,5,80,400
E00911,1,2026-08-16,2026,2026-08,Tea,Drink,Muang Rayong,Rayong,East,4,50,200
E00912,1,2026-08-23,2026,2026-08,Cookie,Snack,Siam,Bangkok,Central,2,80,160
E00912,2,2026-08-23,2026,2026-08,Brownie,Snack,Siam,Bangkok,Central,1,90,90
E00912,3,2026-08-23,2026,2026-08,Tea,Drink,Siam,Bangkok,Central,2,50,100
E00913,1,2026-09-06,2026,2026-09,Cocoa,Drink,Ari,Bangkok,Central,5,60,300
E00913,2,2026-09-06,2026,2026-09,Tea,Drink,Ari,Bangkok,Central,4,50,200
E00914,1,2026-10-27,2026,2026-10,Sandwich,Food,Ari,Bangkok,Central,3,100,300
E00915,1,2026-09-14,2026,2026-09,Coffee,Drink,Bangsaen,Chonburi,East,5,65,325
E00915,2,2026-09-14,2026,2026-09,Tea,Drink,Bangsaen,Chonburi,East,1,50,50
E00916,1,2026-08-24,2026,2026-08,Tea,Drink,Pattaya,Chonburi,East,4,50,200
E00916,2,2026-08-24,2026,2026-08,Coffee,Drink,Pattaya,Chonburi,East,5,65,325
E00916,3,2026-08-24,2026,2026-08,Cookie,Snack,Pattaya,Chonburi,East,3,80,240
E00917,1,2026-09-18,2026,2026-09,Cookie,Snack,Nimman,Chiang Mai,North,1,80,80
E00917,2,2026-09-18,2026,2026-09,Cocoa,Drink,Nimman,Chiang Mai,North,3,60,180
E00917,3,2026-09-18,2026,2026-09,Coffee,Drink,Nimman,Chiang Mai,North,1,65,65
E00918,1,2026-08-18,2026,2026-08,Sandwich,Food,Muang Rayong,Rayong,East,4,100,400
E00918,2,2026-08-18,2026,2026-08,Cocoa,Drink,Muang Rayong,Rayong,East,2,60,120
E00918,3,2026-08-18,2026,2026-08,Brownie,Snack,Muang Rayong,Rayong,East,2,90,180
E00919,1,2026-08-06,2026,2026-08,Tea,Drink,Muang Rayong,Rayong,East,4,50,200
E00919,2,2026-08-06,2026,2026-08,Cocoa,Drink,Muang Rayong,Rayong,East,1,60,60
E00920,1,2026-10-03,2026,2026-10,Sandwich,Food,Ari,Bangkok,Central,5,100,500
E00921,1,2026-08-21,2026,2026-08,Cocoa,Drink,Bangsaen,Chonburi,East,2,60,120
E00921,2,2026-08-21,2026,2026-08,Cookie,Snack,Bangsaen,Chonburi,East,3,80,240
E00921,3,2026-08-21,2026,2026-08,Sandwich,Food,Bangsaen,Chonburi,East,3,100,300
E00922,1,2026-08-07,2026,2026-08,Cocoa,Drink,Nimman,Chiang Mai,North,1,60,60
E00922,2,2026-08-07,2026,2026-08,Sandwich,Food,Nimman,Chiang Mai,North,3,100,300
E00922,3,2026-08-07,2026,2026-08,Tea,Drink,Nimman,Chiang Mai,North,3,50,150
E00923,1,2026-08-05,2026,2026-08,Sandwich,Food,Siam,Bangkok,Central,5,100,500
E00923,2,2026-08-05,2026,2026-08,Brownie,Snack,Siam,Bangkok,Central,5,90,450
E00924,1,2026-09-22,2026,2026-09,Sandwich,Food,Nimman,Chiang Mai,North,2,100,200
E00924,2,2026-09-22,2026,2026-09,Cocoa,Drink,Nimman,Chiang Mai,North,1,60,60
E00924,3,2026-09-22,2026,2026-09,Cookie,Snack,Nimman,Chiang Mai,North,2,80,160
E00925,1,2026-09-07,2026,2026-09,Tea,Drink,Ari,Bangkok,Central,3,50,150
E00925,2,2026-09-07,2026,2026-09,Cookie,Snack,Ari,Bangkok,Central,1,80,80
E00925,3,2026-09-07,2026,2026-09,Brownie,Snack,Ari,Bangkok,Central,5,90,450
E00926,1,2026-10-26,2026,2026-10,Cookie,Snack,Bangsaen,Chonburi,East,2,80,160
E00926,2,2026-10-26,2026,2026-10,Cocoa,Drink,Bangsaen,Chonburi,East,5,60,300
E00927,1,2026-09-10,2026,2026-09,Tea,Drink,Nimman,Chiang Mai,North,5,50,250
E00927,2,2026-09-10,2026,2026-09,Cookie,Snack,Nimman,Chiang Mai,North,5,80,400
E00927,3,2026-09-10,2026,2026-09,Sandwich,Food,Nimman,Chiang Mai,North,1,100,100
E00928,1,2026-08-22,2026,2026-08,Cookie,Snack,Bangsaen,Chonburi,East,1,80,80
E00929,1,2026-10-25,2026,2026-10,Cookie,Snack,Muang Rayong,Rayong,East,1,80,80
E00930,1,2026-10-22,2026,2026-10,Brownie,Snack,Ari,Bangkok,Central,4,90,360
E00930,2,2026-10-22,2026,2026-10,Coffee,Drink,Ari,Bangkok,Central,5,65,325
E00931,1,2026-10-16,2026,2026-10,Cookie,Snack,Muang Rayong,Rayong,East,3,80,240
E00931,2,2026-10-16,2026,2026-10,Brownie,Snack,Muang Rayong,Rayong,East,5,90,450
E00932,1,2026-09-09,2026,2026-09,Sandwich,Food,Nimman,Chiang Mai,North,2,100,200
E00932,2,2026-09-09,2026,2026-09,Coffee,Drink,Nimman,Chiang Mai,North,2,65,130
E00932,3,2026-09-09,2026,2026-09,Brownie,Snack,Nimman,Chiang Mai,North,3,90,270
E00933,1,2026-09-29,2026,2026-09,Cocoa,Drink,Nimman,Chiang Mai,North,5,60,300
E00933,2,2026-09-29,2026,2026-09,Cookie,Snack,Nimman,Chiang Mai,North,1,80,80
E00933,3,2026-09-29,2026,2026-09,Coffee,Drink,Nimman,Chiang Mai,North,5,65,325
E00934,1,2026-09-21,2026,2026-09,Tea,Drink,Pattaya,Chonburi,East,2,50,100
E00935,1,2026-08-18,2026,2026-08,Brownie,Snack,Nimman,Chiang Mai,North,4,90,360
E00935,2,2026-08-18,2026,2026-08,Cocoa,Drink,Nimman,Chiang Mai,North,4,60,240
E00936,1,2026-09-27,2026,2026-09,Coffee,Drink,Ari,Bangkok,Central,1,65,65
E00937,1,2026-09-23,2026,2026-09,Tea,Drink,Muang Rayong,Rayong,East,2,50,100
E00938,1,2026-08-31,2026,2026-08,Sandwich,Food,Muang Rayong,Rayong,East,2,100,200
E00939,1,2026-10-23,2026,2026-10,Coffee,Drink,Muang Rayong,Rayong,East,4,65,260
E00939,2,2026-10-23,2026,2026-10,Cookie,Snack,Muang Rayong,Rayong,East,2,80,160
E00939,3,2026-10-23,2026,2026-10,Brownie,Snack,Muang Rayong,Rayong,East,1,90,90
E00940,1,2026-09-08,2026,2026-09,Cookie,Snack,Muang Rayong,Rayong,East,2,80,160
E00940,2,2026-09-08,2026,2026-09,Sandwich,Food,Muang Rayong,Rayong,East,1,100,100
E00940,3,2026-09-08,2026,2026-09,Tea,Drink,Muang Rayong,Rayong,East,2,50,100
E00941,1,2026-08-16,2026,2026-08,Coffee,Drink,Nimman,Chiang Mai,North,1,65,65
E00941,2,2026-08-16,2026,2026-08,Cocoa,Drink,Nimman,Chiang Mai,North,2,60,120
E00942,1,2026-09-06,2026,2026-09,Tea,Drink,Nimman,Chiang Mai,North,5,50,250
E00943,1,2026-08-15,2026,2026-08,Cocoa,Drink,Pattaya,Chonburi,East,4,60,240
E00943,2,2026-08-15,2026,2026-08,Tea,Drink,Pattaya,Chonburi,East,4,50,200
E00944,1,2026-10-26,2026,2026-10,Brownie,Snack,Siam,Bangkok,Central,2,90,180
E00944,2,2026-10-26,2026,2026-10,Tea,Drink,Siam,Bangkok,Central,3,50,150
E00945,1,2026-10-23,2026,2026-10,Tea,Drink,Pattaya,Chonburi,East,3,50,150
E00946,1,2026-09-15,2026,2026-09,Tea,Drink,Nimman,Chiang Mai,North,3,50,150
E00947,1,2026-09-08,2026,2026-09,Sandwich,Food,Pattaya,Chonburi,East,4,100,400
E00947,2,2026-09-08,2026,2026-09,Cocoa,Drink,Pattaya,Chonburi,East,3,60,180
E00948,1,2026-08-04,2026,2026-08,Cookie,Snack,Muang Rayong,Rayong,East,5,80,400
E00949,1,2026-09-28,2026,2026-09,Sandwich,Food,Ari,Bangkok,Central,2,100,200
E00950,1,2026-09-10,2026,2026-09,Tea,Drink,Bangsaen,Chonburi,East,5,50,250
E00951,1,2026-09-11,2026,2026-09,Tea,Drink,Muang Rayong,Rayong,East,4,50,200
E00951,2,2026-09-11,2026,2026-09,Sandwich,Food,Muang Rayong,Rayong,East,4,100,400
E00951,3,2026-09-11,2026,2026-09,Cookie,Snack,Muang Rayong,Rayong,East,2,80,160
E00952,1,2026-09-11,2026,2026-09,Tea,Drink,Bangsaen,Chonburi,East,2,50,100
E00952,2,2026-09-11,2026,2026-09,Brownie,Snack,Bangsaen,Chonburi,East,1,90,90
E00953,1,2026-10-02,2026,2026-10,Sandwich,Food,Nimman,Chiang Mai,North,2,100,200
E00953,2,2026-10-02,2026,2026-10,Cocoa,Drink,Nimman,Chiang Mai,North,2,60,120
E00953,3,2026-10-02,2026,2026-10,Coffee,Drink,Nimman,Chiang Mai,North,2,65,130
E00954,1,2026-09-03,2026,2026-09,Tea,Drink,Nimman,Chiang Mai,North,2,50,100
E00955,1,2026-08-01,2026,2026-08,Tea,Drink,Bangsaen,Chonburi,East,2,50,100
E00955,2,2026-08-01,2026,2026-08,Sandwich,Food,Bangsaen,Chonburi,East,3,100,300
E00955,3,2026-08-01,2026,2026-08,Brownie,Snack,Bangsaen,Chonburi,East,3,90,270
E00956,1,2026-08-10,2026,2026-08,Sandwich,Food,Muang Rayong,Rayong,East,1,100,100
E00956,2,2026-08-10,2026,2026-08,Coffee,Drink,Muang Rayong,Rayong,East,1,65,65
E00957,1,2026-09-21,2026,2026-09,Brownie,Snack,Pattaya,Chonburi,East,3,90,270
E00958,1,2026-10-19,2026,2026-10,Cookie,Snack,Siam,Bangkok,Central,2,80,160
E00958,2,2026-10-19,2026,2026-10,Brownie,Snack,Siam,Bangkok,Central,3,90,270
E00959,1,2026-08-24,2026,2026-08,Cocoa,Drink,Muang Rayong,Rayong,East,4,60,240
E00959,2,2026-08-24,2026,2026-08,Sandwich,Food,Muang Rayong,Rayong,East,3,100,300
E00960,1,2026-08-06,2026,2026-08,Brownie,Snack,Ari,Bangkok,Central,2,90,180
E00960,2,2026-08-06,2026,2026-08,Coffee,Drink,Ari,Bangkok,Central,2,65,130
E00961,1,2026-08-06,2026,2026-08,Cookie,Snack,Nimman,Chiang Mai,North,3,80,240
E00962,1,2026-10-10,2026,2026-10,Coffee,Drink,Bangsaen,Chonburi,East,3,65,195
E00962,2,2026-10-10,2026,2026-10,Cocoa,Drink,Bangsaen,Chonburi,East,4,60,240
E00962,3,2026-10-10,2026,2026-10,Tea,Drink,Bangsaen,Chonburi,East,4,50,200
E00963,1,2026-08-16,2026,2026-08,Sandwich,Food,Bangsaen,Chonburi,East,3,100,300
E00964,1,2026-10-26,2026,2026-10,Brownie,Snack,Ari,Bangkok,Central,2,90,180
E00964,2,2026-10-26,2026,2026-10,Coffee,Drink,Ari,Bangkok,Central,4,65,260
E00965,1,2026-09-28,2026,2026-09,Cocoa,Drink,Ari,Bangkok,Central,3,60,180
E00965,2,2026-09-28,2026,2026-09,Brownie,Snack,Ari,Bangkok,Central,2,90,180
E00965,3,2026-09-28,2026,2026-09,Coffee,Drink,Ari,Bangkok,Central,5,65,325
E00966,1,2026-08-30,2026,2026-08,Cookie,Snack,Bangsaen,Chonburi,East,5,80,400
E00966,2,2026-08-30,2026,2026-08,Sandwich,Food,Bangsaen,Chonburi,East,3,100,300
E00966,3,2026-08-30,2026,2026-08,Cocoa,Drink,Bangsaen,Chonburi,East,5,60,300
E00967,1,2026-09-26,2026,2026-09,Tea,Drink,Muang Rayong,Rayong,East,5,50,250
E00967,2,2026-09-26,2026,2026-09,Coffee,Drink,Muang Rayong,Rayong,East,3,65,195
E00967,3,2026-09-26,2026,2026-09,Brownie,Snack,Muang Rayong,Rayong,East,5,90,450
E00968,1,2026-09-11,2026,2026-09,Coffee,Drink,Ari,Bangkok,Central,1,65,65
E00968,2,2026-09-11,2026,2026-09,Tea,Drink,Ari,Bangkok,Central,3,50,150
E00968,3,2026-09-11,2026,2026-09,Cookie,Snack,Ari,Bangkok,Central,4,80,320
E00969,1,2026-10-03,2026,2026-10,Sandwich,Food,Nimman,Chiang Mai,North,5,100,500
E00969,2,2026-10-03,2026,2026-10,Cocoa,Drink,Nimman,Chiang Mai,North,2,60,120
E00969,3,2026-10-03,2026,2026-10,Brownie,Snack,Nimman,Chiang Mai,North,2,90,180
E00970,1,2026-08-29,2026,2026-08,Brownie,Snack,Bangsaen,Chonburi,East,4,90,360
E00970,2,2026-08-29,2026,2026-08,Cookie,Snack,Bangsaen,Chonburi,East,4,80,320
E00971,1,2026-09-18,2026,2026-09,Tea,Drink,Muang Rayong,Rayong,East,5,50,250
E00971,2,2026-09-18,2026,2026-09,Cocoa,Drink,Muang Rayong,Rayong,East,2,60,120
E00971,3,2026-09-18,2026,2026-09,Cookie,Snack,Muang Rayong,Rayong,East,5,80,400
E00972,1,2026-08-28,2026,2026-08,Brownie,Snack,Bangsaen,Chonburi,East,5,90,450
E00973,1,2026-10-13,2026,2026-10,Coffee,Drink,Pattaya,Chonburi,East,1,65,65
E00973,2,2026-10-13,2026,2026-10,Cocoa,Drink,Pattaya,Chonburi,East,5,60,300
E00973,3,2026-10-13,2026,2026-10,Tea,Drink,Pattaya,Chonburi,East,4,50,200
E00974,1,2026-10-01,2026,2026-10,Cocoa,Drink,Nimman,Chiang Mai,North,5,60,300
E00974,2,2026-10-01,2026,2026-10,Coffee,Drink,Nimman,Chiang Mai,North,5,65,325
E00974,3,2026-10-01,2026,2026-10,Brownie,Snack,Nimman,Chiang Mai,North,1,90,90
E00975,1,2026-08-20,2026,2026-08,Brownie,Snack,Bangsaen,Chonburi,East,4,90,360
E00975,2,2026-08-20,2026,2026-08,Tea,Drink,Bangsaen,Chonburi,East,3,50,150
E00976,1,2026-10-07,2026,2026-10,Coffee,Drink,Ari,Bangkok,Central,1,65,65
E00976,2,2026-10-07,2026,2026-10,Cookie,Snack,Ari,Bangkok,Central,5,80,400
E00977,1,2026-10-12,2026,2026-10,Tea,Drink,Nimman,Chiang Mai,North,1,50,50
E00978,1,2026-08-02,2026,2026-08,Cocoa,Drink,Muang Rayong,Rayong,East,3,60,180
E00978,2,2026-08-02,2026,2026-08,Coffee,Drink,Muang Rayong,Rayong,East,5,65,325
E00978,3,2026-08-02,2026,2026-08,Brownie,Snack,Muang Rayong,Rayong,East,2,90,180
E00979,1,2026-08-08,2026,2026-08,Coffee,Drink,Nimman,Chiang Mai,North,4,65,260
E00979,2,2026-08-08,2026,2026-08,Cocoa,Drink,Nimman,Chiang Mai,North,4,60,240
E00980,1,2026-10-26,2026,2026-10,Sandwich,Food,Nimman,Chiang Mai,North,5,100,500
E00980,2,2026-10-26,2026,2026-10,Coffee,Drink,Nimman,Chiang Mai,North,3,65,195
E00981,1,2026-09-26,2026,2026-09,Sandwich,Food,Siam,Bangkok,Central,2,100,200
E00981,2,2026-09-26,2026,2026-09,Coffee,Drink,Siam,Bangkok,Central,4,65,260
E00981,3,2026-09-26,2026,2026-09,Cookie,Snack,Siam,Bangkok,Central,5,80,400
E00982,1,2026-09-03,2026,2026-09,Cocoa,Drink,Ari,Bangkok,Central,4,60,240
E00982,2,2026-09-03,2026,2026-09,Cookie,Snack,Ari,Bangkok,Central,5,80,400
E00982,3,2026-09-03,2026,2026-09,Brownie,Snack,Ari,Bangkok,Central,5,90,450
E00983,1,2026-08-13,2026,2026-08,Cookie,Snack,Pattaya,Chonburi,East,1,80,80
E00983,2,2026-08-13,2026,2026-08,Cocoa,Drink,Pattaya,Chonburi,East,4,60,240
E00983,3,2026-08-13,2026,2026-08,Brownie,Snack,Pattaya,Chonburi,East,2,90,180
E00984,1,2026-10-30,2026,2026-10,Coffee,Drink,Pattaya,Chonburi,East,5,65,325
E00985,1,2026-10-31,2026,2026-10,Sandwich,Food,Nimman,Chiang Mai,North,4,100,400
E00986,1,2026-10-08,2026,2026-10,Cookie,Snack,Ari,Bangkok,Central,3,80,240
E00986,2,2026-10-08,2026,2026-10,Coffee,Drink,Ari,Bangkok,Central,3,65,195
E00986,3,2026-10-08,2026,2026-10,Cocoa,Drink,Ari,Bangkok,Central,1,60,60
E00987,1,2026-09-20,2026,2026-09,Coffee,Drink,Pattaya,Chonburi,East,4,65,260
E00988,1,2026-10-04,2026,2026-10,Tea,Drink,Muang Rayong,Rayong,East,2,50,100
E00988,2,2026-10-04,2026,2026-10,Brownie,Snack,Muang Rayong,Rayong,East,5,90,450
E00988,3,2026-10-04,2026,2026-10,Sandwich,Food,Muang Rayong,Rayong,East,5,100,500
E00989,1,2026-09-15,2026,2026-09,Cookie,Snack,Bangsaen,Chonburi,East,5,80,400
E00990,1,2026-09-30,2026,2026-09,Tea,Drink,Siam,Bangkok,Central,1,50,50
E00990,2,2026-09-30,2026,2026-09,Cocoa,Drink,Siam,Bangkok,Central,1,60,60
E00991,1,2026-08-05,2026,2026-08,Brownie,Snack,Pattaya,Chonburi,East,4,90,360
E00992,1,2026-10-03,2026,2026-10,Tea,Drink,Nimman,Chiang Mai,North,5,50,250
E00992,2,2026-10-03,2026,2026-10,Sandwich,Food,Nimman,Chiang Mai,North,3,100,300
E00993,1,2026-08-15,2026,2026-08,Brownie,Snack,Pattaya,Chonburi,East,1,90,90
E00994,1,2026-08-01,2026,2026-08,Sandwich,Food,Muang Rayong,Rayong,East,2,100,200
E00995,1,2026-09-26,2026,2026-09,Brownie,Snack,Ari,Bangkok,Central,4,90,360
E00996,1,2026-09-08,2026,2026-09,Sandwich,Food,Nimman,Chiang Mai,North,4,100,400
E00996,2,2026-09-08,2026,2026-09,Coffee,Drink,Nimman,Chiang Mai,North,3,65,195
E00996,3,2026-09-08,2026,2026-09,Cookie,Snack,Nimman,Chiang Mai,North,5,80,400
E00997,1,2026-10-18,2026,2026-10,Cookie,Snack,Bangsaen,Chonburi,East,4,80,320
E00997,2,2026-10-18,2026,2026-10,Brownie,Snack,Bangsaen,Chonburi,East,1,90,90
E00997,3,2026-10-18,2026,2026-10,Sandwich,Food,Bangsaen,Chonburi,East,2,100,200
E00998,1,2026-09-23,2026,2026-09,Coffee,Drink,Siam,Bangkok,Central,1,65,65
E00999,1,2026-08-12,2026,2026-08,Tea,Drink,Siam,Bangkok,Central,1,50,50
E01000,1,2026-10-17,2026,2026-10,Sandwich,Food,Ari,Bangkok,Central,4,100,400
E01001,1,2026-09-06,2026,2026-09,Coffee,Drink,Ari,Bangkok,Central,2,65,130
E01001,2,2026-09-06,2026,2026-09,Sandwich,Food,Ari,Bangkok,Central,3,100,300
E01002,1,2026-09-10,2026,2026-09,Tea,Drink,Nimman,Chiang Mai,North,2,50,100
E01002,2,2026-09-10,2026,2026-09,Sandwich,Food,Nimman,Chiang Mai,North,5,100,500
E01002,3,2026-09-10,2026,2026-09,Cookie,Snack,Nimman,Chiang Mai,North,4,80,320
E01003,1,2026-09-28,2026,2026-09,Sandwich,Food,Bangsaen,Chonburi,East,3,100,300
E01003,2,2026-09-28,2026,2026-09,Cocoa,Drink,Bangsaen,Chonburi,East,2,60,120
E01003,3,2026-09-28,2026,2026-09,Cookie,Snack,Bangsaen,Chonburi,East,2,80,160
E01004,1,2026-09-12,2026,2026-09,Tea,Drink,Ari,Bangkok,Central,5,50,250
E01004,2,2026-09-12,2026,2026-09,Brownie,Snack,Ari,Bangkok,Central,4,90,360
E01004,3,2026-09-12,2026,2026-09,Cocoa,Drink,Ari,Bangkok,Central,2,60,120
E01005,1,2026-10-11,2026,2026-10,Brownie,Snack,Bangsaen,Chonburi,East,1,90,90
E01006,1,2026-09-27,2026,2026-09,Coffee,Drink,Siam,Bangkok,Central,3,65,195
E01006,2,2026-09-27,2026,2026-09,Tea,Drink,Siam,Bangkok,Central,1,50,50
E01007,1,2026-09-21,2026,2026-09,Cocoa,Drink,Nimman,Chiang Mai,North,1,60,60
E01007,2,2026-09-21,2026,2026-09,Coffee,Drink,Nimman,Chiang Mai,North,3,65,195
E01007,3,2026-09-21,2026,2026-09,Tea,Drink,Nimman,Chiang Mai,North,5,50,250
E01008,1,2026-08-19,2026,2026-08,Brownie,Snack,Muang Rayong,Rayong,East,5,90,450
E01008,2,2026-08-19,2026,2026-08,Coffee,Drink,Muang Rayong,Rayong,East,5,65,325
E01009,1,2026-09-23,2026,2026-09,Brownie,Snack,Nimman,Chiang Mai,North,2,90,180
E01009,2,2026-09-23,2026,2026-09,Coffee,Drink,Nimman,Chiang Mai,North,3,65,195
E01010,1,2026-09-28,2026,2026-09,Cocoa,Drink,Pattaya,Chonburi,East,3,60,180
E01010,2,2026-09-28,2026,2026-09,Coffee,Drink,Pattaya,Chonburi,East,1,65,65
E01011,1,2026-08-17,2026,2026-08,Tea,Drink,Ari,Bangkok,Central,2,50,100
E01012,1,2026-08-03,2026,2026-08,Tea,Drink,Nimman,Chiang Mai,North,5,50,250
E01012,2,2026-08-03,2026,2026-08,Brownie,Snack,Nimman,Chiang Mai,North,5,90,450
E01012,3,2026-08-03,2026,2026-08,Sandwich,Food,Nimman,Chiang Mai,North,3,100,300
E01013,1,2026-09-17,2026,2026-09,Cocoa,Drink,Bangsaen,Chonburi,East,2,60,120
E01014,1,2026-08-12,2026,2026-08,Tea,Drink,Ari,Bangkok,Central,2,50,100
E01014,2,2026-08-12,2026,2026-08,Sandwich,Food,Ari,Bangkok,Central,3,100,300
E01015,1,2026-08-06,2026,2026-08,Coffee,Drink,Siam,Bangkok,Central,4,65,260
E01016,1,2026-10-31,2026,2026-10,Brownie,Snack,Muang Rayong,Rayong,East,5,90,450
E01016,2,2026-10-31,2026,2026-10,Cookie,Snack,Muang Rayong,Rayong,East,2,80,160
E01016,3,2026-10-31,2026,2026-10,Cocoa,Drink,Muang Rayong,Rayong,East,1,60,60
E01017,1,2026-09-20,2026,2026-09,Sandwich,Food,Muang Rayong,Rayong,East,5,100,500
E01018,1,2026-08-28,2026,2026-08,Cookie,Snack,Nimman,Chiang Mai,North,5,80,400
E01018,2,2026-08-28,2026,2026-08,Brownie,Snack,Nimman,Chiang Mai,North,5,90,450
E01019,1,2026-09-29,2026,2026-09,Tea,Drink,Siam,Bangkok,Central,4,50,200
E01019,2,2026-09-29,2026,2026-09,Sandwich,Food,Siam,Bangkok,Central,5,100,500
E01020,1,2026-09-17,2026,2026-09,Cookie,Snack,Siam,Bangkok,Central,1,80,80
E01020,2,2026-09-17,2026,2026-09,Coffee,Drink,Siam,Bangkok,Central,1,65,65
E01020,3,2026-09-17,2026,2026-09,Brownie,Snack,Siam,Bangkok,Central,1,90,90
E01021,1,2026-09-12,2026,2026-09,Cocoa,Drink,Muang Rayong,Rayong,East,1,60,60
E01021,2,2026-09-12,2026,2026-09,Coffee,Drink,Muang Rayong,Rayong,East,4,65,260
E01022,1,2026-08-16,2026,2026-08,Sandwich,Food,Muang Rayong,Rayong,East,5,100,500
E01022,2,2026-08-16,2026,2026-08,Coffee,Drink,Muang Rayong,Rayong,East,5,65,325
E01022,3,2026-08-16,2026,2026-08,Brownie,Snack,Muang Rayong,Rayong,East,5,90,450
E01023,1,2026-08-29,2026,2026-08,Tea,Drink,Ari,Bangkok,Central,4,50,200
E01023,2,2026-08-29,2026,2026-08,Coffee,Drink,Ari,Bangkok,Central,3,65,195
E01024,1,2026-09-04,2026,2026-09,Cookie,Snack,Pattaya,Chonburi,East,3,80,240
E01025,1,2026-08-01,2026,2026-08,Brownie,Snack,Siam,Bangkok,Central,3,90,270
E01025,2,2026-08-01,2026,2026-08,Sandwich,Food,Siam,Bangkok,Central,4,100,400
E01026,1,2026-09-11,2026,2026-09,Cocoa,Drink,Pattaya,Chonburi,East,3,60,180
E01026,2,2026-09-11,2026,2026-09,Cookie,Snack,Pattaya,Chonburi,East,4,80,320
E01026,3,2026-09-11,2026,2026-09,Sandwich,Food,Pattaya,Chonburi,East,3,100,300
E01027,1,2026-09-27,2026,2026-09,Brownie,Snack,Nimman,Chiang Mai,North,3,90,270
E01027,2,2026-09-27,2026,2026-09,Tea,Drink,Nimman,Chiang Mai,North,1,50,50
E01027,3,2026-09-27,2026,2026-09,Cookie,Snack,Nimman,Chiang Mai,North,5,80,400
E01028,1,2026-10-10,2026,2026-10,Brownie,Snack,Muang Rayong,Rayong,East,2,90,180
E01028,2,2026-10-10,2026,2026-10,Cocoa,Drink,Muang Rayong,Rayong,East,5,60,300
E01028,3,2026-10-10,2026,2026-10,Cookie,Snack,Muang Rayong,Rayong,East,3,80,240
E01029,1,2026-08-18,2026,2026-08,Cookie,Snack,Bangsaen,Chonburi,East,4,80,320
E01029,2,2026-08-18,2026,2026-08,Brownie,Snack,Bangsaen,Chonburi,East,3,90,270
E01029,3,2026-08-18,2026,2026-08,Tea,Drink,Bangsaen,Chonburi,East,4,50,200
E01030,1,2026-09-14,2026,2026-09,Cookie,Snack,Siam,Bangkok,Central,2,80,160
E01031,1,2026-10-21,2026,2026-10,Coffee,Drink,Nimman,Chiang Mai,North,1,65,65
E01032,1,2026-08-27,2026,2026-08,Sandwich,Food,Muang Rayong,Rayong,East,2,100,200
E01033,1,2026-09-14,2026,2026-09,Cocoa,Drink,Bangsaen,Chonburi,East,4,60,240
E01033,2,2026-09-14,2026,2026-09,Tea,Drink,Bangsaen,Chonburi,East,5,50,250
E01033,3,2026-09-14,2026,2026-09,Cookie,Snack,Bangsaen,Chonburi,East,4,80,320
E01034,1,2026-10-27,2026,2026-10,Brownie,Snack,Ari,Bangkok,Central,1,90,90
E01035,1,2026-08-21,2026,2026-08,Brownie,Snack,Nimman,Chiang Mai,North,3,90,270
E01035,2,2026-08-21,2026,2026-08,Cookie,Snack,Nimman,Chiang Mai,North,5,80,400
E01036,1,2026-09-21,2026,2026-09,Cocoa,Drink,Muang Rayong,Rayong,East,3,60,180
E01036,2,2026-09-21,2026,2026-09,Tea,Drink,Muang Rayong,Rayong,East,4,50,200
E01036,3,2026-09-21,2026,2026-09,Cookie,Snack,Muang Rayong,Rayong,East,2,80,160
E01037,1,2026-10-24,2026,2026-10,Cocoa,Drink,Siam,Bangkok,Central,3,60,180
E01038,1,2026-08-25,2026,2026-08,Cookie,Snack,Pattaya,Chonburi,East,1,80,80
E01039,1,2026-09-30,2026,2026-09,Tea,Drink,Bangsaen,Chonburi,East,1,50,50
E01039,2,2026-09-30,2026,2026-09,Coffee,Drink,Bangsaen,Chonburi,East,2,65,130
E01039,3,2026-09-30,2026,2026-09,Cocoa,Drink,Bangsaen,Chonburi,East,1,60,60
E01040,1,2026-09-25,2026,2026-09,Cookie,Snack,Muang Rayong,Rayong,East,4,80,320
E01041,1,2026-08-08,2026,2026-08,Cocoa,Drink,Bangsaen,Chonburi,East,5,60,300
E01041,2,2026-08-08,2026,2026-08,Tea,Drink,Bangsaen,Chonburi,East,5,50,250
E01042,1,2026-09-09,2026,2026-09,Coffee,Drink,Siam,Bangkok,Central,1,65,65
E01042,2,2026-09-09,2026,2026-09,Sandwich,Food,Siam,Bangkok,Central,3,100,300
E01043,1,2026-09-14,2026,2026-09,Cocoa,Drink,Ari,Bangkok,Central,1,60,60
E01043,2,2026-09-14,2026,2026-09,Sandwich,Food,Ari,Bangkok,Central,4,100,400
E01044,1,2026-10-02,2026,2026-10,Tea,Drink,Ari,Bangkok,Central,5,50,250
E01044,2,2026-10-02,2026,2026-10,Coffee,Drink,Ari,Bangkok,Central,5,65,325
E01044,3,2026-10-02,2026,2026-10,Cocoa,Drink,Ari,Bangkok,Central,4,60,240
E01045,1,2026-10-17,2026,2026-10,Cocoa,Drink,Pattaya,Chonburi,East,4,60,240
E01045,2,2026-10-17,2026,2026-10,Brownie,Snack,Pattaya,Chonburi,East,2,90,180
E01045,3,2026-10-17,2026,2026-10,Cookie,Snack,Pattaya,Chonburi,East,3,80,240
E01046,1,2026-08-16,2026,2026-08,Brownie,Snack,Siam,Bangkok,Central,1,90,90
E01046,2,2026-08-16,2026,2026-08,Tea,Drink,Siam,Bangkok,Central,1,50,50
E01046,3,2026-08-16,2026,2026-08,Coffee,Drink,Siam,Bangkok,Central,1,65,65
E01047,1,2026-09-04,2026,2026-09,Tea,Drink,Pattaya,Chonburi,East,1,50,50
E01047,2,2026-09-04,2026,2026-09,Brownie,Snack,Pattaya,Chonburi,East,1,90,90
E01048,1,2026-09-06,2026,2026-09,Coffee,Drink,Ari,Bangkok,Central,5,65,325
E01048,2,2026-09-06,2026,2026-09,Cocoa,Drink,Ari,Bangkok,Central,5,60,300
E01048,3,2026-09-06,2026,2026-09,Tea,Drink,Ari,Bangkok,Central,5,50,250
E01049,1,2026-08-13,2026,2026-08,Sandwich,Food,Nimman,Chiang Mai,North,2,100,200
E01049,2,2026-08-13,2026,2026-08,Cookie,Snack,Nimman,Chiang Mai,North,3,80,240
E01050,1,2026-09-14,2026,2026-09,Cookie,Snack,Siam,Bangkok,Central,4,80,320
E01050,2,2026-09-14,2026,2026-09,Tea,Drink,Siam,Bangkok,Central,4,50,200
E01051,1,2026-09-11,2026,2026-09,Cocoa,Drink,Muang Rayong,Rayong,East,2,60,120
E01051,2,2026-09-11,2026,2026-09,Coffee,Drink,Muang Rayong,Rayong,East,3,65,195
E01051,3,2026-09-11,2026,2026-09,Brownie,Snack,Muang Rayong,Rayong,East,3,90,270
E01052,1,2026-09-09,2026,2026-09,Coffee,Drink,Muang Rayong,Rayong,East,3,65,195
E01053,1,2026-10-19,2026,2026-10,Coffee,Drink,Siam,Bangkok,Central,2,65,130
E01053,2,2026-10-19,2026,2026-10,Sandwich,Food,Siam,Bangkok,Central,4,100,400
E01054,1,2026-08-20,2026,2026-08,Sandwich,Food,Siam,Bangkok,Central,4,100,400
E01054,2,2026-08-20,2026,2026-08,Coffee,Drink,Siam,Bangkok,Central,3,65,195
E01055,1,2026-08-09,2026,2026-08,Coffee,Drink,Nimman,Chiang Mai,North,3,65,195
E01055,2,2026-08-09,2026,2026-08,Cookie,Snack,Nimman,Chiang Mai,North,4,80,320
E01055,3,2026-08-09,2026,2026-08,Brownie,Snack,Nimman,Chiang Mai,North,3,90,270
E01056,1,2026-09-07,2026,2026-09,Brownie,Snack,Nimman,Chiang Mai,North,5,90,450
E01057,1,2026-10-21,2026,2026-10,Brownie,Snack,Ari,Bangkok,Central,2,90,180
E01057,2,2026-10-21,2026,2026-10,Sandwich,Food,Ari,Bangkok,Central,3,100,300
E01058,1,2026-08-06,2026,2026-08,Cookie,Snack,Pattaya,Chonburi,East,2,80,160
E01058,2,2026-08-06,2026,2026-08,Coffee,Drink,Pattaya,Chonburi,East,1,65,65
E01058,3,2026-08-06,2026,2026-08,Tea,Drink,Pattaya,Chonburi,East,2,50,100
E01059,1,2026-08-12,2026,2026-08,Tea,Drink,Nimman,Chiang Mai,North,2,50,100
E01059,2,2026-08-12,2026,2026-08,Cookie,Snack,Nimman,Chiang Mai,North,3,80,240
E01060,1,2026-08-11,2026,2026-08,Coffee,Drink,Nimman,Chiang Mai,North,4,65,260
E01061,1,2026-09-21,2026,2026-09,Cocoa,Drink,Pattaya,Chonburi,East,1,60,60
E01061,2,2026-09-21,2026,2026-09,Coffee,Drink,Pattaya,Chonburi,East,1,65,65
E01062,1,2026-10-06,2026,2026-10,Tea,Drink,Siam,Bangkok,Central,1,50,50
E01063,1,2026-10-24,2026,2026-10,Sandwich,Food,Ari,Bangkok,Central,4,100,400
E01063,2,2026-10-24,2026,2026-10,Cookie,Snack,Ari,Bangkok,Central,3,80,240
E01063,3,2026-10-24,2026,2026-10,Coffee,Drink,Ari,Bangkok,Central,1,65,65
E01064,1,2026-08-06,2026,2026-08,Cocoa,Drink,Ari,Bangkok,Central,2,60,120
E01064,2,2026-08-06,2026,2026-08,Sandwich,Food,Ari,Bangkok,Central,1,100,100
E01064,3,2026-08-06,2026,2026-08,Coffee,Drink,Ari,Bangkok,Central,2,65,130
E01065,1,2026-09-06,2026,2026-09,Sandwich,Food,Nimman,Chiang Mai,North,5,100,500
E01065,2,2026-09-06,2026,2026-09,Tea,Drink,Nimman,Chiang Mai,North,3,50,150
E01066,1,2026-08-16,2026,2026-08,Cookie,Snack,Bangsaen,Chonburi,East,2,80,160
E01066,2,2026-08-16,2026,2026-08,Brownie,Snack,Bangsaen,Chonburi,East,2,90,180
E01067,1,2026-08-11,2026,2026-08,Brownie,Snack,Nimman,Chiang Mai,North,4,90,360
E01067,2,2026-08-11,2026,2026-08,Sandwich,Food,Nimman,Chiang Mai,North,1,100,100
E01067,3,2026-08-11,2026,2026-08,Tea,Drink,Nimman,Chiang Mai,North,4,50,200
E01068,1,2026-09-23,2026,2026-09,Brownie,Snack,Ari,Bangkok,Central,3,90,270
E01068,2,2026-09-23,2026,2026-09,Coffee,Drink,Ari,Bangkok,Central,4,65,260
E01068,3,2026-09-23,2026,2026-09,Cocoa,Drink,Ari,Bangkok,Central,1,60,60
E01069,1,2026-08-26,2026,2026-08,Tea,Drink,Muang Rayong,Rayong,East,1,50,50
E01069,2,2026-08-26,2026,2026-08,Coffee,Drink,Muang Rayong,Rayong,East,1,65,65
E01069,3,2026-08-26,2026,2026-08,Brownie,Snack,Muang Rayong,Rayong,East,2,90,180
E01070,1,2026-10-24,2026,2026-10,Tea,Drink,Pattaya,Chonburi,East,3,50,150
E01070,2,2026-10-24,2026,2026-10,Brownie,Snack,Pattaya,Chonburi,East,1,90,90
E01071,1,2026-10-25,2026,2026-10,Cookie,Snack,Ari,Bangkok,Central,4,80,320
E01071,2,2026-10-25,2026,2026-10,Tea,Drink,Ari,Bangkok,Central,3,50,150
E01071,3,2026-10-25,2026,2026-10,Sandwich,Food,Ari,Bangkok,Central,4,100,400
E01072,1,2026-08-21,2026,2026-08,Tea,Drink,Ari,Bangkok,Central,3,50,150
E01072,2,2026-08-21,2026,2026-08,Cookie,Snack,Ari,Bangkok,Central,5,80,400
E01072,3,2026-08-21,2026,2026-08,Cocoa,Drink,Ari,Bangkok,Central,1,60,60
E01073,1,2026-08-08,2026,2026-08,Cocoa,Drink,Ari,Bangkok,Central,5,60,300
E01074,1,2026-09-10,2026,2026-09,Sandwich,Food,Bangsaen,Chonburi,East,5,100,500
E01074,2,2026-09-10,2026,2026-09,Brownie,Snack,Bangsaen,Chonburi,East,3,90,270
E01074,3,2026-09-10,2026,2026-09,Cocoa,Drink,Bangsaen,Chonburi,East,4,60,240
E01075,1,2026-08-18,2026,2026-08,Cocoa,Drink,Ari,Bangkok,Central,4,60,240
E01076,1,2026-09-14,2026,2026-09,Cookie,Snack,Siam,Bangkok,Central,4,80,320
E01077,1,2026-09-29,2026,2026-09,Cookie,Snack,Siam,Bangkok,Central,3,80,240
E01077,2,2026-09-29,2026,2026-09,Sandwich,Food,Siam,Bangkok,Central,4,100,400
E01077,3,2026-09-29,2026,2026-09,Tea,Drink,Siam,Bangkok,Central,5,50,250
E01078,1,2026-09-10,2026,2026-09,Brownie,Snack,Pattaya,Chonburi,East,2,90,180
E01078,2,2026-09-10,2026,2026-09,Cocoa,Drink,Pattaya,Chonburi,East,2,60,120
E01079,1,2026-09-06,2026,2026-09,Cocoa,Drink,Pattaya,Chonburi,East,3,60,180
E01080,1,2026-09-04,2026,2026-09,Tea,Drink,Siam,Bangkok,Central,2,50,100
E01081,1,2026-10-14,2026,2026-10,Cookie,Snack,Ari,Bangkok,Central,1,80,80
E01082,1,2026-08-20,2026,2026-08,Cocoa,Drink,Bangsaen,Chonburi,East,3,60,180
E01082,2,2026-08-20,2026,2026-08,Cookie,Snack,Bangsaen,Chonburi,East,4,80,320
E01083,1,2026-10-20,2026,2026-10,Tea,Drink,Pattaya,Chonburi,East,5,50,250
E01084,1,2026-09-03,2026,2026-09,Tea,Drink,Muang Rayong,Rayong,East,4,50,200
E01084,2,2026-09-03,2026,2026-09,Brownie,Snack,Muang Rayong,Rayong,East,1,90,90
E01084,3,2026-09-03,2026,2026-09,Sandwich,Food,Muang Rayong,Rayong,East,5,100,500
E01085,1,2026-10-27,2026,2026-10,Coffee,Drink,Nimman,Chiang Mai,North,1,65,65
E01085,2,2026-10-27,2026,2026-10,Tea,Drink,Nimman,Chiang Mai,North,3,50,150
E01086,1,2026-08-29,2026,2026-08,Brownie,Snack,Muang Rayong,Rayong,East,5,90,450
E01086,2,2026-08-29,2026,2026-08,Coffee,Drink,Muang Rayong,Rayong,East,3,65,195
E01087,1,2026-10-29,2026,2026-10,Brownie,Snack,Ari,Bangkok,Central,1,90,90
E01087,2,2026-10-29,2026,2026-10,Coffee,Drink,Ari,Bangkok,Central,1,65,65
E01087,3,2026-10-29,2026,2026-10,Cookie,Snack,Ari,Bangkok,Central,4,80,320
E01088,1,2026-09-02,2026,2026-09,Sandwich,Food,Nimman,Chiang Mai,North,5,100,500
E01088,2,2026-09-02,2026,2026-09,Cocoa,Drink,Nimman,Chiang Mai,North,4,60,240
E01088,3,2026-09-02,2026,2026-09,Tea,Drink,Nimman,Chiang Mai,North,1,50,50
E01089,1,2026-08-25,2026,2026-08,Cookie,Snack,Bangsaen,Chonburi,East,3,80,240
E01089,2,2026-08-25,2026,2026-08,Tea,Drink,Bangsaen,Chonburi,East,3,50,150
E01089,3,2026-08-25,2026,2026-08,Coffee,Drink,Bangsaen,Chonburi,East,5,65,325
E01090,1,2026-09-21,2026,2026-09,Cookie,Snack,Siam,Bangkok,Central,1,80,80
E01090,2,2026-09-21,2026,2026-09,Brownie,Snack,Siam,Bangkok,Central,5,90,450
E01091,1,2026-09-05,2026,2026-09,Coffee,Drink,Bangsaen,Chonburi,East,4,65,260
E01091,2,2026-09-05,2026,2026-09,Tea,Drink,Bangsaen,Chonburi,East,2,50,100
E01091,3,2026-09-05,2026,2026-09,Cocoa,Drink,Bangsaen,Chonburi,East,5,60,300
E01092,1,2026-10-08,2026,2026-10,Tea,Drink,Siam,Bangkok,Central,5,50,250
E01092,2,2026-10-08,2026,2026-10,Coffee,Drink,Siam,Bangkok,Central,4,65,260
E01092,3,2026-10-08,2026,2026-10,Brownie,Snack,Siam,Bangkok,Central,3,90,270
E01093,1,2026-08-25,2026,2026-08,Brownie,Snack,Nimman,Chiang Mai,North,4,90,360
E01094,1,2026-08-23,2026,2026-08,Tea,Drink,Siam,Bangkok,Central,5,50,250
E01095,1,2026-10-24,2026,2026-10,Coffee,Drink,Pattaya,Chonburi,East,1,65,65
E01096,1,2026-08-17,2026,2026-08,Brownie,Snack,Bangsaen,Chonburi,East,5,90,450
E01096,2,2026-08-17,2026,2026-08,Sandwich,Food,Bangsaen,Chonburi,East,5,100,500
E01096,3,2026-08-17,2026,2026-08,Tea,Drink,Bangsaen,Chonburi,East,1,50,50
E01097,1,2026-08-11,2026,2026-08,Coffee,Drink,Pattaya,Chonburi,East,4,65,260
E01097,2,2026-08-11,2026,2026-08,Brownie,Snack,Pattaya,Chonburi,East,5,90,450
E01098,1,2026-09-12,2026,2026-09,Sandwich,Food,Bangsaen,Chonburi,East,5,100,500
E01098,2,2026-09-12,2026,2026-09,Cookie,Snack,Bangsaen,Chonburi,East,2,80,160
E01099,1,2026-10-13,2026,2026-10,Sandwich,Food,Pattaya,Chonburi,East,4,100,400
E01099,2,2026-10-13,2026,2026-10,Tea,Drink,Pattaya,Chonburi,East,2,50,100
E01100,1,2026-09-03,2026,2026-09,Coffee,Drink,Nimman,Chiang Mai,North,4,65,260
E01101,1,2026-08-30,2026,2026-08,Cookie,Snack,Siam,Bangkok,Central,5,80,400
E01101,2,2026-08-30,2026,2026-08,Coffee,Drink,Siam,Bangkok,Central,2,65,130
E01102,1,2026-10-12,2026,2026-10,Coffee,Drink,Siam,Bangkok,Central,5,65,325
E01102,2,2026-10-12,2026,2026-10,Cookie,Snack,Siam,Bangkok,Central,5,80,400
E01102,3,2026-10-12,2026,2026-10,Cocoa,Drink,Siam,Bangkok,Central,5,60,300
E01103,1,2026-08-30,2026,2026-08,Brownie,Snack,Pattaya,Chonburi,East,2,90,180
E01103,2,2026-08-30,2026,2026-08,Cookie,Snack,Pattaya,Chonburi,East,3,80,240
E01104,1,2026-09-26,2026,2026-09,Cookie,Snack,Ari,Bangkok,Central,5,80,400
E01104,2,2026-09-26,2026,2026-09,Sandwich,Food,Ari,Bangkok,Central,3,100,300
E01105,1,2026-08-28,2026,2026-08,Cocoa,Drink,Pattaya,Chonburi,East,3,60,180
E01106,1,2026-09-03,2026,2026-09,Sandwich,Food,Siam,Bangkok,Central,4,100,400
E01107,1,2026-08-09,2026,2026-08,Sandwich,Food,Ari,Bangkok,Central,2,100,200
E01107,2,2026-08-09,2026,2026-08,Brownie,Snack,Ari,Bangkok,Central,5,90,450
E01108,1,2026-08-12,2026,2026-08,Cookie,Snack,Ari,Bangkok,Central,5,80,400
E01109,1,2026-10-23,2026,2026-10,Tea,Drink,Nimman,Chiang Mai,North,1,50,50
E01109,2,2026-10-23,2026,2026-10,Sandwich,Food,Nimman,Chiang Mai,North,1,100,100
E01109,3,2026-10-23,2026,2026-10,Brownie,Snack,Nimman,Chiang Mai,North,3,90,270
E01110,1,2026-09-09,2026,2026-09,Cookie,Snack,Ari,Bangkok,Central,1,80,80
E01111,1,2026-10-23,2026,2026-10,Brownie,Snack,Muang Rayong,Rayong,East,4,90,360
E01111,2,2026-10-23,2026,2026-10,Tea,Drink,Muang Rayong,Rayong,East,4,50,200
E01111,3,2026-10-23,2026,2026-10,Sandwich,Food,Muang Rayong,Rayong,East,4,100,400
E01112,1,2026-09-04,2026,2026-09,Cookie,Snack,Bangsaen,Chonburi,East,2,80,160
E01113,1,2026-10-03,2026,2026-10,Tea,Drink,Pattaya,Chonburi,East,5,50,250
E01113,2,2026-10-03,2026,2026-10,Cookie,Snack,Pattaya,Chonburi,East,2,80,160
E01113,3,2026-10-03,2026,2026-10,Brownie,Snack,Pattaya,Chonburi,East,3,90,270
E01114,1,2026-09-16,2026,2026-09,Sandwich,Food,Nimman,Chiang Mai,North,1,100,100
E01114,2,2026-09-16,2026,2026-09,Cocoa,Drink,Nimman,Chiang Mai,North,2,60,120
E01115,1,2026-10-13,2026,2026-10,Cocoa,Drink,Bangsaen,Chonburi,East,2,60,120
E01115,2,2026-10-13,2026,2026-10,Sandwich,Food,Bangsaen,Chonburi,East,4,100,400
E01115,3,2026-10-13,2026,2026-10,Cookie,Snack,Bangsaen,Chonburi,East,1,80,80
E01116,1,2026-09-16,2026,2026-09,Tea,Drink,Bangsaen,Chonburi,East,5,50,250
E01116,2,2026-09-16,2026,2026-09,Cocoa,Drink,Bangsaen,Chonburi,East,3,60,180
E01117,1,2026-10-21,2026,2026-10,Cookie,Snack,Nimman,Chiang Mai,North,3,80,240
E01117,2,2026-10-21,2026,2026-10,Tea,Drink,Nimman,Chiang Mai,North,1,50,50
E01118,1,2026-09-05,2026,2026-09,Brownie,Snack,Pattaya,Chonburi,East,3,90,270
E01118,2,2026-09-05,2026,2026-09,Cocoa,Drink,Pattaya,Chonburi,East,2,60,120
E01119,1,2026-09-10,2026,2026-09,Sandwich,Food,Bangsaen,Chonburi,East,5,100,500
E01119,2,2026-09-10,2026,2026-09,Cookie,Snack,Bangsaen,Chonburi,East,2,80,160
E01120,1,2026-08-06,2026,2026-08,Cookie,Snack,Nimman,Chiang Mai,North,2,80,160
E01120,2,2026-08-06,2026,2026-08,Sandwich,Food,Nimman,Chiang Mai,North,5,100,500
E01121,1,2026-09-27,2026,2026-09,Coffee,Drink,Nimman,Chiang Mai,North,1,65,65
E01121,2,2026-09-27,2026,2026-09,Brownie,Snack,Nimman,Chiang Mai,North,1,90,90
E01122,1,2026-10-21,2026,2026-10,Sandwich,Food,Ari,Bangkok,Central,1,100,100
E01122,2,2026-10-21,2026,2026-10,Brownie,Snack,Ari,Bangkok,Central,4,90,360
E01122,3,2026-10-21,2026,2026-10,Coffee,Drink,Ari,Bangkok,Central,5,65,325
E01123,1,2026-08-01,2026,2026-08,Brownie,Snack,Nimman,Chiang Mai,North,2,90,180
E01123,2,2026-08-01,2026,2026-08,Coffee,Drink,Nimman,Chiang Mai,North,4,65,260
E01124,1,2026-09-01,2026,2026-09,Cocoa,Drink,Bangsaen,Chonburi,East,5,60,300
E01124,2,2026-09-01,2026,2026-09,Cookie,Snack,Bangsaen,Chonburi,East,1,80,80
E01125,1,2026-10-16,2026,2026-10,Cookie,Snack,Ari,Bangkok,Central,4,80,320
E01125,2,2026-10-16,2026,2026-10,Tea,Drink,Ari,Bangkok,Central,1,50,50
E01126,1,2026-09-26,2026,2026-09,Tea,Drink,Nimman,Chiang Mai,North,5,50,250
E01126,2,2026-09-26,2026,2026-09,Cookie,Snack,Nimman,Chiang Mai,North,5,80,400
E01127,1,2026-08-28,2026,2026-08,Brownie,Snack,Siam,Bangkok,Central,4,90,360
E01127,2,2026-08-28,2026,2026-08,Cocoa,Drink,Siam,Bangkok,Central,4,60,240
E01128,1,2026-10-15,2026,2026-10,Cocoa,Drink,Bangsaen,Chonburi,East,5,60,300
E01128,2,2026-10-15,2026,2026-10,Tea,Drink,Bangsaen,Chonburi,East,3,50,150
E01128,3,2026-10-15,2026,2026-10,Sandwich,Food,Bangsaen,Chonburi,East,4,100,400
E01129,1,2026-10-13,2026,2026-10,Sandwich,Food,Nimman,Chiang Mai,North,4,100,400
E01130,1,2026-08-28,2026,2026-08,Coffee,Drink,Nimman,Chiang Mai,North,4,65,260
E01130,2,2026-08-28,2026,2026-08,Cookie,Snack,Nimman,Chiang Mai,North,1,80,80
E01131,1,2026-08-08,2026,2026-08,Cocoa,Drink,Bangsaen,Chonburi,East,2,60,120
E01131,2,2026-08-08,2026,2026-08,Brownie,Snack,Bangsaen,Chonburi,East,2,90,180
E01131,3,2026-08-08,2026,2026-08,Tea,Drink,Bangsaen,Chonburi,East,5,50,250
E01132,1,2026-10-28,2026,2026-10,Tea,Drink,Muang Rayong,Rayong,East,1,50,50
E01132,2,2026-10-28,2026,2026-10,Cocoa,Drink,Muang Rayong,Rayong,East,2,60,120
E01133,1,2026-09-08,2026,2026-09,Tea,Drink,Nimman,Chiang Mai,North,1,50,50
E01134,1,2026-08-23,2026,2026-08,Cookie,Snack,Siam,Bangkok,Central,3,80,240
E01135,1,2026-10-29,2026,2026-10,Coffee,Drink,Nimman,Chiang Mai,North,5,65,325
E01136,1,2026-10-21,2026,2026-10,Coffee,Drink,Pattaya,Chonburi,East,3,65,195
E01136,2,2026-10-21,2026,2026-10,Cookie,Snack,Pattaya,Chonburi,East,1,80,80
E01137,1,2026-10-01,2026,2026-10,Coffee,Drink,Pattaya,Chonburi,East,2,65,130
E01138,1,2026-08-26,2026,2026-08,Tea,Drink,Nimman,Chiang Mai,North,4,50,200
E01138,2,2026-08-26,2026,2026-08,Brownie,Snack,Nimman,Chiang Mai,North,2,90,180
E01138,3,2026-08-26,2026,2026-08,Coffee,Drink,Nimman,Chiang Mai,North,5,65,325
E01139,1,2026-08-02,2026,2026-08,Cocoa,Drink,Muang Rayong,Rayong,East,4,60,240
E01140,1,2026-10-15,2026,2026-10,Brownie,Snack,Bangsaen,Chonburi,East,4,90,360
E01140,2,2026-10-15,2026,2026-10,Cocoa,Drink,Bangsaen,Chonburi,East,1,60,60
E01141,1,2026-08-11,2026,2026-08,Cookie,Snack,Ari,Bangkok,Central,3,80,240
E01141,2,2026-08-11,2026,2026-08,Tea,Drink,Ari,Bangkok,Central,5,50,250
E01141,3,2026-08-11,2026,2026-08,Brownie,Snack,Ari,Bangkok,Central,4,90,360
E01142,1,2026-10-18,2026,2026-10,Sandwich,Food,Muang Rayong,Rayong,East,2,100,200
E01142,2,2026-10-18,2026,2026-10,Brownie,Snack,Muang Rayong,Rayong,East,4,90,360
E01142,3,2026-10-18,2026,2026-10,Tea,Drink,Muang Rayong,Rayong,East,2,50,100
E01143,1,2026-08-07,2026,2026-08,Cocoa,Drink,Ari,Bangkok,Central,3,60,180
E01143,2,2026-08-07,2026,2026-08,Coffee,Drink,Ari,Bangkok,Central,1,65,65
E01143,3,2026-08-07,2026,2026-08,Cookie,Snack,Ari,Bangkok,Central,1,80,80
E01144,1,2026-09-30,2026,2026-09,Cookie,Snack,Ari,Bangkok,Central,2,80,160
E01145,1,2026-10-04,2026,2026-10,Cocoa,Drink,Ari,Bangkok,Central,4,60,240
E01146,1,2026-09-03,2026,2026-09,Tea,Drink,Pattaya,Chonburi,East,2,50,100
E01146,2,2026-09-03,2026,2026-09,Coffee,Drink,Pattaya,Chonburi,East,5,65,325
E01147,1,2026-08-07,2026,2026-08,Sandwich,Food,Ari,Bangkok,Central,5,100,500
E01148,1,2026-08-09,2026,2026-08,Brownie,Snack,Bangsaen,Chonburi,East,2,90,180
E01148,2,2026-08-09,2026,2026-08,Sandwich,Food,Bangsaen,Chonburi,East,2,100,200
E01148,3,2026-08-09,2026,2026-08,Cocoa,Drink,Bangsaen,Chonburi,East,4,60,240
E01149,1,2026-09-03,2026,2026-09,Coffee,Drink,Siam,Bangkok,Central,2,65,130
E01150,1,2026-08-06,2026,2026-08,Cocoa,Drink,Pattaya,Chonburi,East,1,60,60
E01150,2,2026-08-06,2026,2026-08,Tea,Drink,Pattaya,Chonburi,East,5,50,250
E01151,1,2026-09-05,2026,2026-09,Brownie,Snack,Nimman,Chiang Mai,North,4,90,360
E01151,2,2026-09-05,2026,2026-09,Cookie,Snack,Nimman,Chiang Mai,North,4,80,320
E01152,1,2026-10-20,2026,2026-10,Tea,Drink,Bangsaen,Chonburi,East,5,50,250
E01153,1,2026-08-28,2026,2026-08,Brownie,Snack,Nimman,Chiang Mai,North,5,90,450
E01153,2,2026-08-28,2026,2026-08,Tea,Drink,Nimman,Chiang Mai,North,5,50,250
E01153,3,2026-08-28,2026,2026-08,Cocoa,Drink,Nimman,Chiang Mai,North,1,60,60
E01154,1,2026-09-15,2026,2026-09,Cookie,Snack,Muang Rayong,Rayong,East,3,80,240
E01155,1,2026-09-12,2026,2026-09,Cookie,Snack,Pattaya,Chonburi,East,1,80,80
E01155,2,2026-09-12,2026,2026-09,Brownie,Snack,Pattaya,Chonburi,East,5,90,450
E01155,3,2026-09-12,2026,2026-09,Sandwich,Food,Pattaya,Chonburi,East,3,100,300
E01156,1,2026-08-18,2026,2026-08,Brownie,Snack,Ari,Bangkok,Central,4,90,360
E01156,2,2026-08-18,2026,2026-08,Coffee,Drink,Ari,Bangkok,Central,3,65,195
E01156,3,2026-08-18,2026,2026-08,Cocoa,Drink,Ari,Bangkok,Central,3,60,180
E01157,1,2026-08-15,2026,2026-08,Cookie,Snack,Muang Rayong,Rayong,East,2,80,160
E01157,2,2026-08-15,2026,2026-08,Sandwich,Food,Muang Rayong,Rayong,East,4,100,400
E01158,1,2026-09-17,2026,2026-09,Brownie,Snack,Siam,Bangkok,Central,1,90,90
E01158,2,2026-09-17,2026,2026-09,Cookie,Snack,Siam,Bangkok,Central,2,80,160
E01159,1,2026-10-17,2026,2026-10,Cocoa,Drink,Bangsaen,Chonburi,East,1,60,60
E01159,2,2026-10-17,2026,2026-10,Cookie,Snack,Bangsaen,Chonburi,East,2,80,160
E01159,3,2026-10-17,2026,2026-10,Sandwich,Food,Bangsaen,Chonburi,East,4,100,400
E01160,1,2026-09-03,2026,2026-09,Cookie,Snack,Nimman,Chiang Mai,North,4,80,320
E01160,2,2026-09-03,2026,2026-09,Brownie,Snack,Nimman,Chiang Mai,North,5,90,450
E01160,3,2026-09-03,2026,2026-09,Tea,Drink,Nimman,Chiang Mai,North,5,50,250
E01161,1,2026-10-01,2026,2026-10,Brownie,Snack,Bangsaen,Chonburi,East,5,90,450
E01162,1,2026-08-02,2026,2026-08,Brownie,Snack,Ari,Bangkok,Central,2,90,180
E01162,2,2026-08-02,2026,2026-08,Cocoa,Drink,Ari,Bangkok,Central,1,60,60
E01163,1,2026-08-18,2026,2026-08,Cocoa,Drink,Pattaya,Chonburi,East,1,60,60
E01163,2,2026-08-18,2026,2026-08,Sandwich,Food,Pattaya,Chonburi,East,2,100,200
E01163,3,2026-08-18,2026,2026-08,Coffee,Drink,Pattaya,Chonburi,East,4,65,260
E01164,1,2026-08-06,2026,2026-08,Cocoa,Drink,Bangsaen,Chonburi,East,1,60,60
E01165,1,2026-08-19,2026,2026-08,Brownie,Snack,Pattaya,Chonburi,East,3,90,270
E01165,2,2026-08-19,2026,2026-08,Cocoa,Drink,Pattaya,Chonburi,East,5,60,300
E01166,1,2026-08-15,2026,2026-08,Sandwich,Food,Pattaya,Chonburi,East,5,100,500
E01166,2,2026-08-15,2026,2026-08,Cocoa,Drink,Pattaya,Chonburi,East,4,60,240
E01167,1,2026-09-28,2026,2026-09,Sandwich,Food,Pattaya,Chonburi,East,3,100,300
E01168,1,2026-08-14,2026,2026-08,Brownie,Snack,Ari,Bangkok,Central,4,90,360
E01168,2,2026-08-14,2026,2026-08,Cocoa,Drink,Ari,Bangkok,Central,1,60,60
E01169,1,2026-09-06,2026,2026-09,Brownie,Snack,Nimman,Chiang Mai,North,2,90,180
E01169,2,2026-09-06,2026,2026-09,Cocoa,Drink,Nimman,Chiang Mai,North,4,60,240
E01170,1,2026-08-06,2026,2026-08,Cocoa,Drink,Nimman,Chiang Mai,North,2,60,120
E01170,2,2026-08-06,2026,2026-08,Sandwich,Food,Nimman,Chiang Mai,North,5,100,500
E01170,3,2026-08-06,2026,2026-08,Tea,Drink,Nimman,Chiang Mai,North,3,50,150
E01171,1,2026-09-30,2026,2026-09,Brownie,Snack,Bangsaen,Chonburi,East,3,90,270
E01171,2,2026-09-30,2026,2026-09,Tea,Drink,Bangsaen,Chonburi,East,3,50,150
E01171,3,2026-09-30,2026,2026-09,Cocoa,Drink,Bangsaen,Chonburi,East,2,60,120
E01172,1,2026-08-19,2026,2026-08,Coffee,Drink,Nimman,Chiang Mai,North,5,65,325
E01173,1,2026-09-14,2026,2026-09,Brownie,Snack,Bangsaen,Chonburi,East,5,90,450
E01174,1,2026-08-15,2026,2026-08,Cocoa,Drink,Nimman,Chiang Mai,North,5,60,300
E01174,2,2026-08-15,2026,2026-08,Tea,Drink,Nimman,Chiang Mai,North,2,50,100
E01174,3,2026-08-15,2026,2026-08,Brownie,Snack,Nimman,Chiang Mai,North,5,90,450
E01175,1,2026-10-22,2026,2026-10,Cookie,Snack,Pattaya,Chonburi,East,5,80,400
E01175,2,2026-10-22,2026,2026-10,Brownie,Snack,Pattaya,Chonburi,East,3,90,270
E01176,1,2026-08-27,2026,2026-08,Sandwich,Food,Muang Rayong,Rayong,East,1,100,100
E01176,2,2026-08-27,2026,2026-08,Cocoa,Drink,Muang Rayong,Rayong,East,3,60,180
E01176,3,2026-08-27,2026,2026-08,Tea,Drink,Muang Rayong,Rayong,East,5,50,250
E01177,1,2026-09-20,2026,2026-09,Sandwich,Food,Ari,Bangkok,Central,4,100,400
E01177,2,2026-09-20,2026,2026-09,Cookie,Snack,Ari,Bangkok,Central,3,80,240
E01178,1,2026-09-04,2026,2026-09,Cookie,Snack,Nimman,Chiang Mai,North,1,80,80
E01179,1,2026-09-10,2026,2026-09,Cookie,Snack,Pattaya,Chonburi,East,5,80,400
E01179,2,2026-09-10,2026,2026-09,Tea,Drink,Pattaya,Chonburi,East,2,50,100
E01179,3,2026-09-10,2026,2026-09,Brownie,Snack,Pattaya,Chonburi,East,3,90,270
E01180,1,2026-09-20,2026,2026-09,Cookie,Snack,Ari,Bangkok,Central,1,80,80
E01180,2,2026-09-20,2026,2026-09,Cocoa,Drink,Ari,Bangkok,Central,1,60,60
E01180,3,2026-09-20,2026,2026-09,Coffee,Drink,Ari,Bangkok,Central,1,65,65
E01181,1,2026-10-24,2026,2026-10,Brownie,Snack,Siam,Bangkok,Central,1,90,90
E01181,2,2026-10-24,2026,2026-10,Sandwich,Food,Siam,Bangkok,Central,1,100,100
E01181,3,2026-10-24,2026,2026-10,Cocoa,Drink,Siam,Bangkok,Central,2,60,120
E01182,1,2026-10-03,2026,2026-10,Coffee,Drink,Pattaya,Chonburi,East,5,65,325
E01183,1,2026-10-11,2026,2026-10,Sandwich,Food,Bangsaen,Chonburi,East,1,100,100
E01183,2,2026-10-11,2026,2026-10,Tea,Drink,Bangsaen,Chonburi,East,2,50,100
E01184,1,2026-10-05,2026,2026-10,Sandwich,Food,Ari,Bangkok,Central,1,100,100
E01184,2,2026-10-05,2026,2026-10,Coffee,Drink,Ari,Bangkok,Central,4,65,260
E01184,3,2026-10-05,2026,2026-10,Cocoa,Drink,Ari,Bangkok,Central,2,60,120
E01185,1,2026-08-25,2026,2026-08,Cookie,Snack,Pattaya,Chonburi,East,4,80,320
E01185,2,2026-08-25,2026,2026-08,Tea,Drink,Pattaya,Chonburi,East,4,50,200
E01185,3,2026-08-25,2026,2026-08,Sandwich,Food,Pattaya,Chonburi,East,3,100,300
E01186,1,2026-10-14,2026,2026-10,Brownie,Snack,Pattaya,Chonburi,East,4,90,360
E01186,2,2026-10-14,2026,2026-10,Tea,Drink,Pattaya,Chonburi,East,5,50,250
E01186,3,2026-10-14,2026,2026-10,Sandwich,Food,Pattaya,Chonburi,East,1,100,100
E01187,1,2026-10-05,2026,2026-10,Sandwich,Food,Bangsaen,Chonburi,East,1,100,100
E01188,1,2026-09-01,2026,2026-09,Cookie,Snack,Muang Rayong,Rayong,East,2,80,160
E01188,2,2026-09-01,2026,2026-09,Coffee,Drink,Muang Rayong,Rayong,East,5,65,325
E01189,1,2026-08-17,2026,2026-08,Cookie,Snack,Siam,Bangkok,Central,3,80,240
E01189,2,2026-08-17,2026,2026-08,Brownie,Snack,Siam,Bangkok,Central,2,90,180
E01189,3,2026-08-17,2026,2026-08,Sandwich,Food,Siam,Bangkok,Central,3,100,300
E01190,1,2026-10-28,2026,2026-10,Cookie,Snack,Nimman,Chiang Mai,North,3,80,240
E01190,2,2026-10-28,2026,2026-10,Brownie,Snack,Nimman,Chiang Mai,North,5,90,450
E01191,1,2026-09-17,2026,2026-09,Cookie,Snack,Nimman,Chiang Mai,North,3,80,240
E01192,1,2026-09-15,2026,2026-09,Cocoa,Drink,Ari,Bangkok,Central,5,60,300
E01192,2,2026-09-15,2026,2026-09,Sandwich,Food,Ari,Bangkok,Central,1,100,100
E01193,1,2026-09-06,2026,2026-09,Brownie,Snack,Muang Rayong,Rayong,East,2,90,180
E01193,2,2026-09-06,2026,2026-09,Cocoa,Drink,Muang Rayong,Rayong,East,5,60,300
E01194,1,2026-08-18,2026,2026-08,Cookie,Snack,Pattaya,Chonburi,East,1,80,80
E01194,2,2026-08-18,2026,2026-08,Brownie,Snack,Pattaya,Chonburi,East,4,90,360
E01194,3,2026-08-18,2026,2026-08,Coffee,Drink,Pattaya,Chonburi,East,3,65,195
E01195,1,2026-08-13,2026,2026-08,Cocoa,Drink,Muang Rayong,Rayong,East,2,60,120
E01195,2,2026-08-13,2026,2026-08,Cookie,Snack,Muang Rayong,Rayong,East,4,80,320
E01195,3,2026-08-13,2026,2026-08,Coffee,Drink,Muang Rayong,Rayong,East,5,65,325
E01196,1,2026-10-03,2026,2026-10,Tea,Drink,Bangsaen,Chonburi,East,1,50,50
E01196,2,2026-10-03,2026,2026-10,Cookie,Snack,Bangsaen,Chonburi,East,5,80,400
E01196,3,2026-10-03,2026,2026-10,Coffee,Drink,Bangsaen,Chonburi,East,2,65,130
E01197,1,2026-08-28,2026,2026-08,Coffee,Drink,Ari,Bangkok,Central,2,65,130
E01198,1,2026-10-03,2026,2026-10,Sandwich,Food,Siam,Bangkok,Central,4,100,400
E01198,2,2026-10-03,2026,2026-10,Tea,Drink,Siam,Bangkok,Central,4,50,200
E01198,3,2026-10-03,2026,2026-10,Coffee,Drink,Siam,Bangkok,Central,2,65,130
E01199,1,2026-08-08,2026,2026-08,Sandwich,Food,Nimman,Chiang Mai,North,4,100,400
E01200,1,2026-08-29,2026,2026-08,Cookie,Snack,Ari,Bangkok,Central,5,80,400
E01200,2,2026-08-29,2026,2026-08,Cocoa,Drink,Ari,Bangkok,Central,4,60,240
E01201,1,2026-10-17,2026,2026-10,Sandwich,Food,Muang Rayong,Rayong,East,1,100,100
E01201,2,2026-10-17,2026,2026-10,Cocoa,Drink,Muang Rayong,Rayong,East,5,60,300
E01202,1,2026-10-11,2026,2026-10,Sandwich,Food,Ari,Bangkok,Central,5,100,500
E01202,2,2026-10-11,2026,2026-10,Tea,Drink,Ari,Bangkok,Central,4,50,200
E01203,1,2026-08-08,2026,2026-08,Brownie,Snack,Ari,Bangkok,Central,4,90,360
E01203,2,2026-08-08,2026,2026-08,Tea,Drink,Ari,Bangkok,Central,5,50,250
E01204,1,2026-08-03,2026,2026-08,Cocoa,Drink,Muang Rayong,Rayong,East,2,60,120
E01205,1,2026-09-03,2026,2026-09,Coffee,Drink,Siam,Bangkok,Central,3,65,195
E01205,2,2026-09-03,2026,2026-09,Cocoa,Drink,Siam,Bangkok,Central,4,60,240
E01206,1,2026-08-18,2026,2026-08,Brownie,Snack,Pattaya,Chonburi,East,1,90,90
E01206,2,2026-08-18,2026,2026-08,Cocoa,Drink,Pattaya,Chonburi,East,5,60,300
E01206,3,2026-08-18,2026,2026-08,Tea,Drink,Pattaya,Chonburi,East,5,50,250
E01207,1,2026-09-21,2026,2026-09,Cookie,Snack,Bangsaen,Chonburi,East,1,80,80
E01207,2,2026-09-21,2026,2026-09,Sandwich,Food,Bangsaen,Chonburi,East,4,100,400
E01208,1,2026-10-16,2026,2026-10,Brownie,Snack,Muang Rayong,Rayong,East,2,90,180
E01208,2,2026-10-16,2026,2026-10,Cocoa,Drink,Muang Rayong,Rayong,East,5,60,300
E01208,3,2026-10-16,2026,2026-10,Cookie,Snack,Muang Rayong,Rayong,East,3,80,240
E01209,1,2026-08-12,2026,2026-08,Coffee,Drink,Bangsaen,Chonburi,East,1,65,65
E01209,2,2026-08-12,2026,2026-08,Brownie,Snack,Bangsaen,Chonburi,East,5,90,450
E01209,3,2026-08-12,2026,2026-08,Tea,Drink,Bangsaen,Chonburi,East,3,50,150
E01210,1,2026-08-26,2026,2026-08,Sandwich,Food,Ari,Bangkok,Central,2,100,200
E01211,1,2026-09-16,2026,2026-09,Cocoa,Drink,Pattaya,Chonburi,East,4,60,240
E01211,2,2026-09-16,2026,2026-09,Cookie,Snack,Pattaya,Chonburi,East,5,80,400
E01212,1,2026-08-27,2026,2026-08,Cocoa,Drink,Siam,Bangkok,Central,2,60,120
E01213,1,2026-09-01,2026,2026-09,Coffee,Drink,Siam,Bangkok,Central,3,65,195
E01213,2,2026-09-01,2026,2026-09,Sandwich,Food,Siam,Bangkok,Central,4,100,400
E01213,3,2026-09-01,2026,2026-09,Cocoa,Drink,Siam,Bangkok,Central,5,60,300
E01214,1,2026-10-05,2026,2026-10,Brownie,Snack,Nimman,Chiang Mai,North,5,90,450
E01215,1,2026-10-13,2026,2026-10,Tea,Drink,Nimman,Chiang Mai,North,5,50,250
E01216,1,2026-10-13,2026,2026-10,Cocoa,Drink,Muang Rayong,Rayong,East,2,60,120
E01216,2,2026-10-13,2026,2026-10,Brownie,Snack,Muang Rayong,Rayong,East,5,90,450
E01217,1,2026-08-25,2026,2026-08,Cocoa,Drink,Siam,Bangkok,Central,4,60,240
E01218,1,2026-10-18,2026,2026-10,Brownie,Snack,Bangsaen,Chonburi,East,3,90,270
E01219,1,2026-10-14,2026,2026-10,Brownie,Snack,Siam,Bangkok,Central,4,90,360
E01219,2,2026-10-14,2026,2026-10,Coffee,Drink,Siam,Bangkok,Central,5,65,325
E01219,3,2026-10-14,2026,2026-10,Tea,Drink,Siam,Bangkok,Central,1,50,50
E01220,1,2026-08-12,2026,2026-08,Brownie,Snack,Siam,Bangkok,Central,5,90,450
E01220,2,2026-08-12,2026,2026-08,Cocoa,Drink,Siam,Bangkok,Central,5,60,300
E01220,3,2026-08-12,2026,2026-08,Tea,Drink,Siam,Bangkok,Central,3,50,150
E01221,1,2026-10-19,2026,2026-10,Sandwich,Food,Ari,Bangkok,Central,3,100,300
E01221,2,2026-10-19,2026,2026-10,Cookie,Snack,Ari,Bangkok,Central,4,80,320
E01221,3,2026-10-19,2026,2026-10,Coffee,Drink,Ari,Bangkok,Central,3,65,195
E01222,1,2026-09-14,2026,2026-09,Cocoa,Drink,Muang Rayong,Rayong,East,3,60,180
E01222,2,2026-09-14,2026,2026-09,Coffee,Drink,Muang Rayong,Rayong,East,5,65,325
E01223,1,2026-08-28,2026,2026-08,Sandwich,Food,Muang Rayong,Rayong,East,2,100,200
E01223,2,2026-08-28,2026,2026-08,Tea,Drink,Muang Rayong,Rayong,East,3,50,150
E01224,1,2026-08-23,2026,2026-08,Sandwich,Food,Nimman,Chiang Mai,North,5,100,500
E01225,1,2026-08-29,2026,2026-08,Sandwich,Food,Bangsaen,Chonburi,East,5,100,500
E01225,2,2026-08-29,2026,2026-08,Tea,Drink,Bangsaen,Chonburi,East,4,50,200
E01225,3,2026-08-29,2026,2026-08,Cocoa,Drink,Bangsaen,Chonburi,East,2,60,120
E01226,1,2026-09-15,2026,2026-09,Cocoa,Drink,Muang Rayong,Rayong,East,4,60,240
E01226,2,2026-09-15,2026,2026-09,Cookie,Snack,Muang Rayong,Rayong,East,1,80,80
E01226,3,2026-09-15,2026,2026-09,Sandwich,Food,Muang Rayong,Rayong,East,3,100,300
E01227,1,2026-08-21,2026,2026-08,Coffee,Drink,Bangsaen,Chonburi,East,3,65,195
E01227,2,2026-08-21,2026,2026-08,Tea,Drink,Bangsaen,Chonburi,East,2,50,100
E01228,1,2026-08-31,2026,2026-08,Cookie,Snack,Bangsaen,Chonburi,East,3,80,240
E01228,2,2026-08-31,2026,2026-08,Sandwich,Food,Bangsaen,Chonburi,East,1,100,100
E01229,1,2026-08-10,2026,2026-08,Brownie,Snack,Bangsaen,Chonburi,East,3,90,270
E01229,2,2026-08-10,2026,2026-08,Cookie,Snack,Bangsaen,Chonburi,East,2,80,160
E01229,3,2026-08-10,2026,2026-08,Sandwich,Food,Bangsaen,Chonburi,East,2,100,200
E01230,1,2026-10-02,2026,2026-10,Brownie,Snack,Siam,Bangkok,Central,4,90,360
E01230,2,2026-10-02,2026,2026-10,Coffee,Drink,Siam,Bangkok,Central,4,65,260
E01231,1,2026-08-18,2026,2026-08,Cookie,Snack,Ari,Bangkok,Central,2,80,160
E01231,2,2026-08-18,2026,2026-08,Brownie,Snack,Ari,Bangkok,Central,5,90,450
E01232,1,2026-10-27,2026,2026-10,Brownie,Snack,Bangsaen,Chonburi,East,2,90,180
E01232,2,2026-10-27,2026,2026-10,Cookie,Snack,Bangsaen,Chonburi,East,5,80,400
E01233,1,2026-10-03,2026,2026-10,Coffee,Drink,Pattaya,Chonburi,East,2,65,130
E01234,1,2026-10-28,2026,2026-10,Cookie,Snack,Bangsaen,Chonburi,East,2,80,160
E01234,2,2026-10-28,2026,2026-10,Brownie,Snack,Bangsaen,Chonburi,East,1,90,90
E01234,3,2026-10-28,2026,2026-10,Cocoa,Drink,Bangsaen,Chonburi,East,5,60,300
E01235,1,2026-10-22,2026,2026-10,Cocoa,Drink,Nimman,Chiang Mai,North,3,60,180
E01235,2,2026-10-22,2026,2026-10,Sandwich,Food,Nimman,Chiang Mai,North,4,100,400
E01235,3,2026-10-22,2026,2026-10,Coffee,Drink,Nimman,Chiang Mai,North,5,65,325
E01236,1,2026-10-13,2026,2026-10,Brownie,Snack,Bangsaen,Chonburi,East,3,90,270
E01236,2,2026-10-13,2026,2026-10,Tea,Drink,Bangsaen,Chonburi,East,4,50,200
E01237,1,2026-09-21,2026,2026-09,Tea,Drink,Muang Rayong,Rayong,East,3,50,150
E01237,2,2026-09-21,2026,2026-09,Cookie,Snack,Muang Rayong,Rayong,East,3,80,240
E01237,3,2026-09-21,2026,2026-09,Brownie,Snack,Muang Rayong,Rayong,East,2,90,180
E01238,1,2026-09-26,2026,2026-09,Tea,Drink,Nimman,Chiang Mai,North,3,50,150
E01238,2,2026-09-26,2026,2026-09,Cookie,Snack,Nimman,Chiang Mai,North,1,80,80
E01238,3,2026-09-26,2026,2026-09,Coffee,Drink,Nimman,Chiang Mai,North,1,65,65
E01239,1,2026-09-18,2026,2026-09,Cookie,Snack,Muang Rayong,Rayong,East,1,80,80
E01239,2,2026-09-18,2026,2026-09,Brownie,Snack,Muang Rayong,Rayong,East,4,90,360
E01240,1,2026-08-17,2026,2026-08,Brownie,Snack,Ari,Bangkok,Central,5,90,450
E01240,2,2026-08-17,2026,2026-08,Sandwich,Food,Ari,Bangkok,Central,2,100,200
E01241,1,2026-10-09,2026,2026-10,Coffee,Drink,Ari,Bangkok,Central,1,65,65
E01242,1,2026-10-25,2026,2026-10,Cookie,Snack,Siam,Bangkok,Central,1,80,80
E01243,1,2026-10-10,2026,2026-10,Cookie,Snack,Siam,Bangkok,Central,4,80,320
E01243,2,2026-10-10,2026,2026-10,Sandwich,Food,Siam,Bangkok,Central,1,100,100
E01243,3,2026-10-10,2026,2026-10,Brownie,Snack,Siam,Bangkok,Central,1,90,90
E01244,1,2026-10-29,2026,2026-10,Cookie,Snack,Pattaya,Chonburi,East,4,80,320
E01245,1,2026-08-24,2026,2026-08,Brownie,Snack,Muang Rayong,Rayong,East,4,90,360
E01246,1,2026-08-14,2026,2026-08,Brownie,Snack,Ari,Bangkok,Central,3,90,270
E01246,2,2026-08-14,2026,2026-08,Cookie,Snack,Ari,Bangkok,Central,5,80,400
E01246,3,2026-08-14,2026,2026-08,Tea,Drink,Ari,Bangkok,Central,2,50,100
E01247,1,2026-10-04,2026,2026-10,Tea,Drink,Bangsaen,Chonburi,East,2,50,100
E01247,2,2026-10-04,2026,2026-10,Cocoa,Drink,Bangsaen,Chonburi,East,1,60,60
E01247,3,2026-10-04,2026,2026-10,Sandwich,Food,Bangsaen,Chonburi,East,4,100,400
E01248,1,2026-09-10,2026,2026-09,Tea,Drink,Muang Rayong,Rayong,East,5,50,250
E01249,1,2026-09-14,2026,2026-09,Cocoa,Drink,Ari,Bangkok,Central,4,60,240
E01249,2,2026-09-14,2026,2026-09,Brownie,Snack,Ari,Bangkok,Central,5,90,450
E01250,1,2026-08-27,2026,2026-08,Cookie,Snack,Ari,Bangkok,Central,4,80,320
E01250,2,2026-08-27,2026,2026-08,Coffee,Drink,Ari,Bangkok,Central,2,65,130
E01251,1,2026-10-02,2026,2026-10,Brownie,Snack,Muang Rayong,Rayong,East,1,90,90
E01251,2,2026-10-02,2026,2026-10,Cocoa,Drink,Muang Rayong,Rayong,East,2,60,120
E01251,3,2026-10-02,2026,2026-10,Coffee,Drink,Muang Rayong,Rayong,East,3,65,195
E01252,1,2026-09-08,2026,2026-09,Sandwich,Food,Muang Rayong,Rayong,East,4,100,400
E01252,2,2026-09-08,2026,2026-09,Cookie,Snack,Muang Rayong,Rayong,East,1,80,80
E01253,1,2026-10-09,2026,2026-10,Sandwich,Food,Ari,Bangkok,Central,1,100,100
E01253,2,2026-10-09,2026,2026-10,Coffee,Drink,Ari,Bangkok,Central,4,65,260
E01253,3,2026-10-09,2026,2026-10,Cookie,Snack,Ari,Bangkok,Central,2,80,160
E01254,1,2026-10-29,2026,2026-10,Cookie,Snack,Pattaya,Chonburi,East,2,80,160
E01254,2,2026-10-29,2026,2026-10,Cocoa,Drink,Pattaya,Chonburi,East,2,60,120
E01255,1,2026-08-30,2026,2026-08,Brownie,Snack,Siam,Bangkok,Central,3,90,270
E01255,2,2026-08-30,2026,2026-08,Coffee,Drink,Siam,Bangkok,Central,2,65,130
E01255,3,2026-08-30,2026,2026-08,Cookie,Snack,Siam,Bangkok,Central,5,80,400
E01256,1,2026-09-15,2026,2026-09,Cookie,Snack,Siam,Bangkok,Central,2,80,160
E01256,2,2026-09-15,2026,2026-09,Brownie,Snack,Siam,Bangkok,Central,1,90,90
E01257,1,2026-10-05,2026,2026-10,Brownie,Snack,Pattaya,Chonburi,East,3,90,270
E01257,2,2026-10-05,2026,2026-10,Tea,Drink,Pattaya,Chonburi,East,2,50,100
E01258,1,2026-10-14,2026,2026-10,Coffee,Drink,Ari,Bangkok,Central,2,65,130
E01259,1,2026-09-28,2026,2026-09,Cocoa,Drink,Muang Rayong,Rayong,East,2,60,120
E01259,2,2026-09-28,2026,2026-09,Brownie,Snack,Muang Rayong,Rayong,East,4,90,360
E01259,3,2026-09-28,2026,2026-09,Cookie,Snack,Muang Rayong,Rayong,East,4,80,320
E01260,1,2026-08-09,2026,2026-08,Brownie,Snack,Nimman,Chiang Mai,North,1,90,90
E01260,2,2026-08-09,2026,2026-08,Cocoa,Drink,Nimman,Chiang Mai,North,5,60,300
E01260,3,2026-08-09,2026,2026-08,Tea,Drink,Nimman,Chiang Mai,North,2,50,100
E01261,1,2026-08-22,2026,2026-08,Cocoa,Drink,Pattaya,Chonburi,East,3,60,180
E01261,2,2026-08-22,2026,2026-08,Coffee,Drink,Pattaya,Chonburi,East,5,65,325
E01261,3,2026-08-22,2026,2026-08,Brownie,Snack,Pattaya,Chonburi,East,3,90,270
E01262,1,2026-09-14,2026,2026-09,Sandwich,Food,Siam,Bangkok,Central,4,100,400
E01262,2,2026-09-14,2026,2026-09,Brownie,Snack,Siam,Bangkok,Central,3,90,270
E01263,1,2026-10-01,2026,2026-10,Coffee,Drink,Bangsaen,Chonburi,East,1,65,65
E01264,1,2026-08-04,2026,2026-08,Sandwich,Food,Ari,Bangkok,Central,1,100,100
E01264,2,2026-08-04,2026,2026-08,Cocoa,Drink,Ari,Bangkok,Central,1,60,60
E01265,1,2026-09-19,2026,2026-09,Sandwich,Food,Nimman,Chiang Mai,North,2,100,200
E01266,1,2026-08-31,2026,2026-08,Brownie,Snack,Siam,Bangkok,Central,5,90,450
E01266,2,2026-08-31,2026,2026-08,Cocoa,Drink,Siam,Bangkok,Central,5,60,300
E01266,3,2026-08-31,2026,2026-08,Coffee,Drink,Siam,Bangkok,Central,2,65,130
E01267,1,2026-10-06,2026,2026-10,Coffee,Drink,Siam,Bangkok,Central,1,65,65
E01267,2,2026-10-06,2026,2026-10,Cocoa,Drink,Siam,Bangkok,Central,1,60,60
E01268,1,2026-08-14,2026,2026-08,Cocoa,Drink,Nimman,Chiang Mai,North,2,60,120
E01269,1,2026-08-28,2026,2026-08,Cookie,Snack,Ari,Bangkok,Central,4,80,320
E01269,2,2026-08-28,2026,2026-08,Sandwich,Food,Ari,Bangkok,Central,1,100,100
E01270,1,2026-09-27,2026,2026-09,Brownie,Snack,Ari,Bangkok,Central,5,90,450
E01270,2,2026-09-27,2026,2026-09,Sandwich,Food,Ari,Bangkok,Central,5,100,500
E01270,3,2026-09-27,2026,2026-09,Cookie,Snack,Ari,Bangkok,Central,2,80,160
E01271,1,2026-10-18,2026,2026-10,Sandwich,Food,Ari,Bangkok,Central,4,100,400
E01272,1,2026-10-29,2026,2026-10,Sandwich,Food,Ari,Bangkok,Central,3,100,300
E01272,2,2026-10-29,2026,2026-10,Cookie,Snack,Ari,Bangkok,Central,5,80,400
E01273,1,2026-10-04,2026,2026-10,Cookie,Snack,Pattaya,Chonburi,East,1,80,80
E01273,2,2026-10-04,2026,2026-10,Tea,Drink,Pattaya,Chonburi,East,5,50,250
E01274,1,2026-09-08,2026,2026-09,Brownie,Snack,Pattaya,Chonburi,East,5,90,450
E01275,1,2026-09-04,2026,2026-09,Brownie,Snack,Ari,Bangkok,Central,3,90,270
E01275,2,2026-09-04,2026,2026-09,Cocoa,Drink,Ari,Bangkok,Central,2,60,120
E01276,1,2026-10-07,2026,2026-10,Cookie,Snack,Muang Rayong,Rayong,East,2,80,160
E01276,2,2026-10-07,2026,2026-10,Brownie,Snack,Muang Rayong,Rayong,East,1,90,90
E01276,3,2026-10-07,2026,2026-10,Sandwich,Food,Muang Rayong,Rayong,East,5,100,500
E01277,1,2026-08-04,2026,2026-08,Cookie,Snack,Muang Rayong,Rayong,East,2,80,160
E01278,1,2026-08-23,2026,2026-08,Cookie,Snack,Bangsaen,Chonburi,East,2,80,160
E01278,2,2026-08-23,2026,2026-08,Tea,Drink,Bangsaen,Chonburi,East,1,50,50
E01278,3,2026-08-23,2026,2026-08,Brownie,Snack,Bangsaen,Chonburi,East,5,90,450
E01279,1,2026-10-07,2026,2026-10,Coffee,Drink,Ari,Bangkok,Central,4,65,260
E01279,2,2026-10-07,2026,2026-10,Cookie,Snack,Ari,Bangkok,Central,5,80,400
E01279,3,2026-10-07,2026,2026-10,Brownie,Snack,Ari,Bangkok,Central,5,90,450
E01280,1,2026-09-01,2026,2026-09,Coffee,Drink,Bangsaen,Chonburi,East,5,65,325
E01281,1,2026-08-02,2026,2026-08,Coffee,Drink,Muang Rayong,Rayong,East,1,65,65
E01282,1,2026-08-29,2026,2026-08,Cocoa,Drink,Pattaya,Chonburi,East,5,60,300
E01283,1,2026-10-14,2026,2026-10,Sandwich,Food,Pattaya,Chonburi,East,1,100,100
E01283,2,2026-10-14,2026,2026-10,Brownie,Snack,Pattaya,Chonburi,East,5,90,450
E01283,3,2026-10-14,2026,2026-10,Tea,Drink,Pattaya,Chonburi,East,2,50,100
E01284,1,2026-10-01,2026,2026-10,Brownie,Snack,Bangsaen,Chonburi,East,2,90,180
E01284,2,2026-10-01,2026,2026-10,Cookie,Snack,Bangsaen,Chonburi,East,3,80,240
E01285,1,2026-10-17,2026,2026-10,Coffee,Drink,Nimman,Chiang Mai,North,3,65,195
E01286,1,2026-10-14,2026,2026-10,Sandwich,Food,Bangsaen,Chonburi,East,3,100,300
E01287,1,2026-10-28,2026,2026-10,Cookie,Snack,Siam,Bangkok,Central,1,80,80
E01288,1,2026-10-08,2026,2026-10,Cocoa,Drink,Nimman,Chiang Mai,North,3,60,180
E01289,1,2026-09-28,2026,2026-09,Coffee,Drink,Siam,Bangkok,Central,4,65,260
E01290,1,2026-10-05,2026,2026-10,Cocoa,Drink,Muang Rayong,Rayong,East,1,60,60
E01290,2,2026-10-05,2026,2026-10,Coffee,Drink,Muang Rayong,Rayong,East,5,65,325
E01291,1,2026-10-06,2026,2026-10,Tea,Drink,Bangsaen,Chonburi,East,2,50,100
E01291,2,2026-10-06,2026,2026-10,Brownie,Snack,Bangsaen,Chonburi,East,1,90,90
E01292,1,2026-08-25,2026,2026-08,Tea,Drink,Ari,Bangkok,Central,3,50,150
E01292,2,2026-08-25,2026,2026-08,Cocoa,Drink,Ari,Bangkok,Central,1,60,60
E01293,1,2026-08-11,2026,2026-08,Brownie,Snack,Pattaya,Chonburi,East,4,90,360
E01294,1,2026-09-19,2026,2026-09,Cookie,Snack,Bangsaen,Chonburi,East,4,80,320
E01295,1,2026-10-29,2026,2026-10,Cookie,Snack,Siam,Bangkok,Central,5,80,400
E01296,1,2026-09-22,2026,2026-09,Brownie,Snack,Siam,Bangkok,Central,5,90,450
E01297,1,2026-09-17,2026,2026-09,Brownie,Snack,Bangsaen,Chonburi,East,5,90,450
E01298,1,2026-09-09,2026,2026-09,Brownie,Snack,Siam,Bangkok,Central,1,90,90
E01299,1,2026-10-08,2026,2026-10,Tea,Drink,Ari,Bangkok,Central,3,50,150
E01299,2,2026-10-08,2026,2026-10,Coffee,Drink,Ari,Bangkok,Central,2,65,130
E01300,1,2026-10-02,2026,2026-10,Coffee,Drink,Siam,Bangkok,Central,4,65,260
E01300,2,2026-10-02,2026,2026-10,Brownie,Snack,Siam,Bangkok,Central,2,90,180
E01301,1,2026-10-14,2026,2026-10,Cocoa,Drink,Ari,Bangkok,Central,3,60,180
E01302,1,2026-08-07,2026,2026-08,Coffee,Drink,Siam,Bangkok,Central,1,65,65
E01303,1,2026-08-17,2026,2026-08,Sandwich,Food,Nimman,Chiang Mai,North,1,100,100
E01304,1,2026-08-26,2026,2026-08,Brownie,Snack,Nimman,Chiang Mai,North,5,90,450
E01304,2,2026-08-26,2026,2026-08,Cookie,Snack,Nimman,Chiang Mai,North,5,80,400
E01305,1,2026-08-18,2026,2026-08,Cookie,Snack,Siam,Bangkok,Central,2,80,160
E01305,2,2026-08-18,2026,2026-08,Sandwich,Food,Siam,Bangkok,Central,3,100,300
E01305,3,2026-08-18,2026,2026-08,Coffee,Drink,Siam,Bangkok,Central,4,65,260
E01306,1,2026-10-10,2026,2026-10,Cookie,Snack,Ari,Bangkok,Central,1,80,80
E01307,1,2026-09-25,2026,2026-09,Cookie,Snack,Nimman,Chiang Mai,North,3,80,240
E01307,2,2026-09-25,2026,2026-09,Coffee,Drink,Nimman,Chiang Mai,North,4,65,260
E01307,3,2026-09-25,2026,2026-09,Brownie,Snack,Nimman,Chiang Mai,North,1,90,90
E01308,1,2026-09-14,2026,2026-09,Cookie,Snack,Muang Rayong,Rayong,East,3,80,240
E01309,1,2026-10-27,2026,2026-10,Cookie,Snack,Pattaya,Chonburi,East,4,80,320
E01309,2,2026-10-27,2026,2026-10,Cocoa,Drink,Pattaya,Chonburi,East,5,60,300
E01310,1,2026-10-02,2026,2026-10,Cookie,Snack,Nimman,Chiang Mai,North,3,80,240
E01310,2,2026-10-02,2026,2026-10,Brownie,Snack,Nimman,Chiang Mai,North,4,90,360
E01310,3,2026-10-02,2026,2026-10,Cocoa,Drink,Nimman,Chiang Mai,North,3,60,180
E01311,1,2026-09-25,2026,2026-09,Cocoa,Drink,Bangsaen,Chonburi,East,1,60,60
E01312,1,2026-08-14,2026,2026-08,Brownie,Snack,Nimman,Chiang Mai,North,4,90,360
E01313,1,2026-10-15,2026,2026-10,Tea,Drink,Nimman,Chiang Mai,North,1,50,50
E01313,2,2026-10-15,2026,2026-10,Cookie,Snack,Nimman,Chiang Mai,North,4,80,320
E01313,3,2026-10-15,2026,2026-10,Cocoa,Drink,Nimman,Chiang Mai,North,2,60,120
E01314,1,2026-08-19,2026,2026-08,Coffee,Drink,Pattaya,Chonburi,East,1,65,65
E01314,2,2026-08-19,2026,2026-08,Cookie,Snack,Pattaya,Chonburi,East,1,80,80
E01315,1,2026-09-06,2026,2026-09,Coffee,Drink,Bangsaen,Chonburi,East,3,65,195
E01315,2,2026-09-06,2026,2026-09,Brownie,Snack,Bangsaen,Chonburi,East,1,90,90
E01315,3,2026-09-06,2026,2026-09,Cocoa,Drink,Bangsaen,Chonburi,East,3,60,180
E01316,1,2026-10-26,2026,2026-10,Cocoa,Drink,Pattaya,Chonburi,East,4,60,240
E01316,2,2026-10-26,2026,2026-10,Brownie,Snack,Pattaya,Chonburi,East,4,90,360
E01316,3,2026-10-26,2026,2026-10,Cookie,Snack,Pattaya,Chonburi,East,5,80,400
E01317,1,2026-08-06,2026,2026-08,Coffee,Drink,Nimman,Chiang Mai,North,2,65,130
E01317,2,2026-08-06,2026,2026-08,Cocoa,Drink,Nimman,Chiang Mai,North,3,60,180
E01317,3,2026-08-06,2026,2026-08,Cookie,Snack,Nimman,Chiang Mai,North,5,80,400
E01318,1,2026-09-26,2026,2026-09,Cocoa,Drink,Muang Rayong,Rayong,East,5,60,300
E01318,2,2026-09-26,2026,2026-09,Tea,Drink,Muang Rayong,Rayong,East,1,50,50
E01319,1,2026-10-24,2026,2026-10,Cookie,Snack,Pattaya,Chonburi,East,5,80,400
E01319,2,2026-10-24,2026,2026-10,Cocoa,Drink,Pattaya,Chonburi,East,1,60,60
E01320,1,2026-10-17,2026,2026-10,Cookie,Snack,Bangsaen,Chonburi,East,5,80,400
E01320,2,2026-10-17,2026,2026-10,Cocoa,Drink,Bangsaen,Chonburi,East,5,60,300
E01321,1,2026-08-29,2026,2026-08,Cocoa,Drink,Pattaya,Chonburi,East,5,60,300
E01321,2,2026-08-29,2026,2026-08,Cookie,Snack,Pattaya,Chonburi,East,3,80,240
E01321,3,2026-08-29,2026,2026-08,Brownie,Snack,Pattaya,Chonburi,East,5,90,450
E01322,1,2026-09-18,2026,2026-09,Coffee,Drink,Bangsaen,Chonburi,East,1,65,65
E01322,2,2026-09-18,2026,2026-09,Tea,Drink,Bangsaen,Chonburi,East,1,50,50
E01322,3,2026-09-18,2026,2026-09,Cookie,Snack,Bangsaen,Chonburi,East,3,80,240
E01323,1,2026-10-18,2026,2026-10,Cocoa,Drink,Pattaya,Chonburi,East,4,60,240
E01323,2,2026-10-18,2026,2026-10,Tea,Drink,Pattaya,Chonburi,East,4,50,200
E01323,3,2026-10-18,2026,2026-10,Cookie,Snack,Pattaya,Chonburi,East,5,80,400
E01324,1,2026-09-20,2026,2026-09,Cocoa,Drink,Muang Rayong,Rayong,East,2,60,120
E01324,2,2026-09-20,2026,2026-09,Brownie,Snack,Muang Rayong,Rayong,East,4,90,360
E01325,1,2026-10-13,2026,2026-10,Cocoa,Drink,Pattaya,Chonburi,East,1,60,60
E01325,2,2026-10-13,2026,2026-10,Cookie,Snack,Pattaya,Chonburi,East,4,80,320
E01325,3,2026-10-13,2026,2026-10,Tea,Drink,Pattaya,Chonburi,East,2,50,100
E01326,1,2026-08-09,2026,2026-08,Coffee,Drink,Bangsaen,Chonburi,East,3,65,195
E01327,1,2026-09-15,2026,2026-09,Tea,Drink,Ari,Bangkok,Central,5,50,250
E01328,1,2026-10-19,2026,2026-10,Coffee,Drink,Siam,Bangkok,Central,3,65,195
E01328,2,2026-10-19,2026,2026-10,Brownie,Snack,Siam,Bangkok,Central,1,90,90
E01328,3,2026-10-19,2026,2026-10,Cookie,Snack,Siam,Bangkok,Central,2,80,160
E01329,1,2026-10-27,2026,2026-10,Sandwich,Food,Nimman,Chiang Mai,North,2,100,200
E01330,1,2026-09-06,2026,2026-09,Brownie,Snack,Bangsaen,Chonburi,East,2,90,180
E01330,2,2026-09-06,2026,2026-09,Sandwich,Food,Bangsaen,Chonburi,East,2,100,200
E01330,3,2026-09-06,2026,2026-09,Cookie,Snack,Bangsaen,Chonburi,East,2,80,160
E01331,1,2026-08-12,2026,2026-08,Coffee,Drink,Siam,Bangkok,Central,3,65,195
E01331,2,2026-08-12,2026,2026-08,Tea,Drink,Siam,Bangkok,Central,5,50,250
E01331,3,2026-08-12,2026,2026-08,Sandwich,Food,Siam,Bangkok,Central,3,100,300
E01332,1,2026-08-15,2026,2026-08,Brownie,Snack,Muang Rayong,Rayong,East,1,90,90
E01332,2,2026-08-15,2026,2026-08,Sandwich,Food,Muang Rayong,Rayong,East,1,100,100
E01332,3,2026-08-15,2026,2026-08,Tea,Drink,Muang Rayong,Rayong,East,2,50,100
E01333,1,2026-09-01,2026,2026-09,Cocoa,Drink,Ari,Bangkok,Central,1,60,60
E01333,2,2026-09-01,2026,2026-09,Tea,Drink,Ari,Bangkok,Central,3,50,150
E01334,1,2026-10-25,2026,2026-10,Sandwich,Food,Bangsaen,Chonburi,East,3,100,300
E01334,2,2026-10-25,2026,2026-10,Cocoa,Drink,Bangsaen,Chonburi,East,5,60,300
E01335,1,2026-10-11,2026,2026-10,Cookie,Snack,Pattaya,Chonburi,East,1,80,80
E01335,2,2026-10-11,2026,2026-10,Cocoa,Drink,Pattaya,Chonburi,East,1,60,60
E01335,3,2026-10-11,2026,2026-10,Tea,Drink,Pattaya,Chonburi,East,5,50,250
E01336,1,2026-08-07,2026,2026-08,Cocoa,Drink,Nimman,Chiang Mai,North,5,60,300
E01336,2,2026-08-07,2026,2026-08,Tea,Drink,Nimman,Chiang Mai,North,2,50,100
E01336,3,2026-08-07,2026,2026-08,Coffee,Drink,Nimman,Chiang Mai,North,4,65,260
E01337,1,2026-10-15,2026,2026-10,Coffee,Drink,Siam,Bangkok,Central,2,65,130
E01338,1,2026-09-20,2026,2026-09,Cocoa,Drink,Nimman,Chiang Mai,North,4,60,240
E01338,2,2026-09-20,2026,2026-09,Brownie,Snack,Nimman,Chiang Mai,North,1,90,90
E01338,3,2026-09-20,2026,2026-09,Tea,Drink,Nimman,Chiang Mai,North,3,50,150
E01339,1,2026-08-25,2026,2026-08,Brownie,Snack,Siam,Bangkok,Central,5,90,450
E01340,1,2026-09-27,2026,2026-09,Tea,Drink,Pattaya,Chonburi,East,1,50,50
E01341,1,2026-09-12,2026,2026-09,Brownie,Snack,Pattaya,Chonburi,East,2,90,180
E01341,2,2026-09-12,2026,2026-09,Tea,Drink,Pattaya,Chonburi,East,3,50,150
E01341,3,2026-09-12,2026,2026-09,Cocoa,Drink,Pattaya,Chonburi,East,1,60,60
E01342,1,2026-10-26,2026,2026-10,Coffee,Drink,Pattaya,Chonburi,East,3,65,195
E01343,1,2026-08-23,2026,2026-08,Cookie,Snack,Ari,Bangkok,Central,1,80,80
E01343,2,2026-08-23,2026,2026-08,Sandwich,Food,Ari,Bangkok,Central,1,100,100
E01344,1,2026-08-30,2026,2026-08,Cookie,Snack,Muang Rayong,Rayong,East,2,80,160
E01344,2,2026-08-30,2026,2026-08,Brownie,Snack,Muang Rayong,Rayong,East,2,90,180
E01345,1,2026-09-05,2026,2026-09,Cocoa,Drink,Pattaya,Chonburi,East,4,60,240
E01345,2,2026-09-05,2026,2026-09,Tea,Drink,Pattaya,Chonburi,East,5,50,250
E01346,1,2026-10-17,2026,2026-10,Tea,Drink,Nimman,Chiang Mai,North,3,50,150
E01347,1,2026-09-30,2026,2026-09,Cookie,Snack,Nimman,Chiang Mai,North,1,80,80
E01347,2,2026-09-30,2026,2026-09,Tea,Drink,Nimman,Chiang Mai,North,4,50,200
E01347,3,2026-09-30,2026,2026-09,Sandwich,Food,Nimman,Chiang Mai,North,3,100,300
E01348,1,2026-08-22,2026,2026-08,Cocoa,Drink,Muang Rayong,Rayong,East,2,60,120
E01348,2,2026-08-22,2026,2026-08,Cookie,Snack,Muang Rayong,Rayong,East,4,80,320
E01348,3,2026-08-22,2026,2026-08,Tea,Drink,Muang Rayong,Rayong,East,3,50,150
E01349,1,2026-08-08,2026,2026-08,Tea,Drink,Siam,Bangkok,Central,5,50,250
E01350,1,2026-08-11,2026,2026-08,Coffee,Drink,Ari,Bangkok,Central,1,65,65
E01351,1,2026-09-06,2026,2026-09,Cocoa,Drink,Siam,Bangkok,Central,5,60,300
E01351,2,2026-09-06,2026,2026-09,Cookie,Snack,Siam,Bangkok,Central,5,80,400
E01352,1,2026-10-19,2026,2026-10,Cookie,Snack,Siam,Bangkok,Central,1,80,80
E01352,2,2026-10-19,2026,2026-10,Coffee,Drink,Siam,Bangkok,Central,4,65,260
E01353,1,2026-08-31,2026,2026-08,Brownie,Snack,Siam,Bangkok,Central,3,90,270
E01354,1,2026-09-15,2026,2026-09,Coffee,Drink,Pattaya,Chonburi,East,5,65,325
E01354,2,2026-09-15,2026,2026-09,Brownie,Snack,Pattaya,Chonburi,East,1,90,90
E01354,3,2026-09-15,2026,2026-09,Tea,Drink,Pattaya,Chonburi,East,4,50,200
E01355,1,2026-08-06,2026,2026-08,Sandwich,Food,Nimman,Chiang Mai,North,1,100,100
E01355,2,2026-08-06,2026,2026-08,Brownie,Snack,Nimman,Chiang Mai,North,1,90,90
E01356,1,2026-10-30,2026,2026-10,Brownie,Snack,Ari,Bangkok,Central,1,90,90
E01356,2,2026-10-30,2026,2026-10,Tea,Drink,Ari,Bangkok,Central,4,50,200
E01357,1,2026-09-21,2026,2026-09,Brownie,Snack,Siam,Bangkok,Central,3,90,270
E01358,1,2026-10-20,2026,2026-10,Sandwich,Food,Pattaya,Chonburi,East,4,100,400
E01358,2,2026-10-20,2026,2026-10,Brownie,Snack,Pattaya,Chonburi,East,1,90,90
E01359,1,2026-10-18,2026,2026-10,Cocoa,Drink,Pattaya,Chonburi,East,3,60,180
E01360,1,2026-08-10,2026,2026-08,Tea,Drink,Nimman,Chiang Mai,North,4,50,200
E01360,2,2026-08-10,2026,2026-08,Cocoa,Drink,Nimman,Chiang Mai,North,1,60,60
E01360,3,2026-08-10,2026,2026-08,Cookie,Snack,Nimman,Chiang Mai,North,1,80,80
E01361,1,2026-08-01,2026,2026-08,Tea,Drink,Muang Rayong,Rayong,East,5,50,250
E01362,1,2026-08-26,2026,2026-08,Cocoa,Drink,Siam,Bangkok,Central,3,60,180
E01362,2,2026-08-26,2026,2026-08,Sandwich,Food,Siam,Bangkok,Central,2,100,200
E01363,1,2026-09-05,2026,2026-09,Tea,Drink,Pattaya,Chonburi,East,2,50,100
E01363,2,2026-09-05,2026,2026-09,Cookie,Snack,Pattaya,Chonburi,East,1,80,80
E01363,3,2026-09-05,2026,2026-09,Brownie,Snack,Pattaya,Chonburi,East,4,90,360
E01364,1,2026-09-11,2026,2026-09,Cocoa,Drink,Nimman,Chiang Mai,North,1,60,60
E01364,2,2026-09-11,2026,2026-09,Sandwich,Food,Nimman,Chiang Mai,North,3,100,300
E01365,1,2026-10-27,2026,2026-10,Cocoa,Drink,Siam,Bangkok,Central,4,60,240
E01365,2,2026-10-27,2026,2026-10,Tea,Drink,Siam,Bangkok,Central,4,50,200
E01366,1,2026-10-20,2026,2026-10,Coffee,Drink,Bangsaen,Chonburi,East,3,65,195
E01366,2,2026-10-20,2026,2026-10,Brownie,Snack,Bangsaen,Chonburi,East,2,90,180
E01367,1,2026-10-22,2026,2026-10,Brownie,Snack,Bangsaen,Chonburi,East,2,90,180
E01367,2,2026-10-22,2026,2026-10,Cocoa,Drink,Bangsaen,Chonburi,East,4,60,240
E01367,3,2026-10-22,2026,2026-10,Coffee,Drink,Bangsaen,Chonburi,East,3,65,195
E01368,1,2026-10-05,2026,2026-10,Tea,Drink,Muang Rayong,Rayong,East,5,50,250
E01368,2,2026-10-05,2026,2026-10,Brownie,Snack,Muang Rayong,Rayong,East,2,90,180
E01369,1,2026-10-20,2026,2026-10,Cocoa,Drink,Muang Rayong,Rayong,East,5,60,300
E01369,2,2026-10-20,2026,2026-10,Coffee,Drink,Muang Rayong,Rayong,East,5,65,325
E01370,1,2026-09-06,2026,2026-09,Brownie,Snack,Pattaya,Chonburi,East,3,90,270
E01371,1,2026-10-28,2026,2026-10,Tea,Drink,Ari,Bangkok,Central,4,50,200
E01371,2,2026-10-28,2026,2026-10,Brownie,Snack,Ari,Bangkok,Central,5,90,450
E01371,3,2026-10-28,2026,2026-10,Cookie,Snack,Ari,Bangkok,Central,3,80,240
E01372,1,2026-09-28,2026,2026-09,Coffee,Drink,Nimman,Chiang Mai,North,4,65,260
E01372,2,2026-09-28,2026,2026-09,Tea,Drink,Nimman,Chiang Mai,North,3,50,150
E01372,3,2026-09-28,2026,2026-09,Cookie,Snack,Nimman,Chiang Mai,North,2,80,160
E01373,1,2026-10-14,2026,2026-10,Brownie,Snack,Ari,Bangkok,Central,2,90,180
E01373,2,2026-10-14,2026,2026-10,Coffee,Drink,Ari,Bangkok,Central,3,65,195
E01374,1,2026-10-21,2026,2026-10,Coffee,Drink,Ari,Bangkok,Central,1,65,65
E01374,2,2026-10-21,2026,2026-10,Cocoa,Drink,Ari,Bangkok,Central,4,60,240
E01375,1,2026-10-10,2026,2026-10,Coffee,Drink,Siam,Bangkok,Central,2,65,130
E01375,2,2026-10-10,2026,2026-10,Sandwich,Food,Siam,Bangkok,Central,1,100,100
E01376,1,2026-10-12,2026,2026-10,Tea,Drink,Muang Rayong,Rayong,East,1,50,50
E01376,2,2026-10-12,2026,2026-10,Brownie,Snack,Muang Rayong,Rayong,East,1,90,90
E01376,3,2026-10-12,2026,2026-10,Cocoa,Drink,Muang Rayong,Rayong,East,3,60,180
E01377,1,2026-10-31,2026,2026-10,Sandwich,Food,Ari,Bangkok,Central,2,100,200
E01378,1,2026-09-02,2026,2026-09,Cookie,Snack,Pattaya,Chonburi,East,1,80,80
E01378,2,2026-09-02,2026,2026-09,Coffee,Drink,Pattaya,Chonburi,East,2,65,130
E01378,3,2026-09-02,2026,2026-09,Sandwich,Food,Pattaya,Chonburi,East,2,100,200
E01379,1,2026-10-16,2026,2026-10,Cookie,Snack,Muang Rayong,Rayong,East,4,80,320
E01380,1,2026-08-21,2026,2026-08,Tea,Drink,Siam,Bangkok,Central,4,50,200
E01380,2,2026-08-21,2026,2026-08,Cocoa,Drink,Siam,Bangkok,Central,5,60,300
E01381,1,2026-10-04,2026,2026-10,Cookie,Snack,Nimman,Chiang Mai,North,5,80,400
E01382,1,2026-10-20,2026,2026-10,Coffee,Drink,Nimman,Chiang Mai,North,2,65,130
E01382,2,2026-10-20,2026,2026-10,Cocoa,Drink,Nimman,Chiang Mai,North,4,60,240
E01383,1,2026-08-20,2026,2026-08,Coffee,Drink,Pattaya,Chonburi,East,1,65,65
E01384,1,2026-10-10,2026,2026-10,Cookie,Snack,Muang Rayong,Rayong,East,2,80,160
E01384,2,2026-10-10,2026,2026-10,Tea,Drink,Muang Rayong,Rayong,East,4,50,200
E01384,3,2026-10-10,2026,2026-10,Cocoa,Drink,Muang Rayong,Rayong,East,4,60,240
E01385,1,2026-09-01,2026,2026-09,Cookie,Snack,Muang Rayong,Rayong,East,1,80,80
E01385,2,2026-09-01,2026,2026-09,Brownie,Snack,Muang Rayong,Rayong,East,3,90,270
E01385,3,2026-09-01,2026,2026-09,Tea,Drink,Muang Rayong,Rayong,East,5,50,250
E01386,1,2026-08-22,2026,2026-08,Tea,Drink,Muang Rayong,Rayong,East,4,50,200
E01387,1,2026-09-13,2026,2026-09,Cocoa,Drink,Bangsaen,Chonburi,East,1,60,60
E01387,2,2026-09-13,2026,2026-09,Tea,Drink,Bangsaen,Chonburi,East,1,50,50
E01388,1,2026-08-17,2026,2026-08,Cookie,Snack,Bangsaen,Chonburi,East,1,80,80
E01388,2,2026-08-17,2026,2026-08,Coffee,Drink,Bangsaen,Chonburi,East,5,65,325
E01388,3,2026-08-17,2026,2026-08,Brownie,Snack,Bangsaen,Chonburi,East,4,90,360
E01389,1,2026-08-17,2026,2026-08,Cookie,Snack,Bangsaen,Chonburi,East,2,80,160
E01390,1,2026-09-05,2026,2026-09,Coffee,Drink,Pattaya,Chonburi,East,4,65,260
E01390,2,2026-09-05,2026,2026-09,Sandwich,Food,Pattaya,Chonburi,East,5,100,500
E01391,1,2026-09-01,2026,2026-09,Cocoa,Drink,Nimman,Chiang Mai,North,2,60,120
E01392,1,2026-08-22,2026,2026-08,Cookie,Snack,Ari,Bangkok,Central,3,80,240
E01392,2,2026-08-22,2026,2026-08,Coffee,Drink,Ari,Bangkok,Central,1,65,65
E01393,1,2026-09-11,2026,2026-09,Coffee,Drink,Siam,Bangkok,Central,4,65,260
E01393,2,2026-09-11,2026,2026-09,Cookie,Snack,Siam,Bangkok,Central,2,80,160
E01393,3,2026-09-11,2026,2026-09,Cocoa,Drink,Siam,Bangkok,Central,2,60,120
E01394,1,2026-09-20,2026,2026-09,Coffee,Drink,Nimman,Chiang Mai,North,4,65,260
E01395,1,2026-08-02,2026,2026-08,Tea,Drink,Siam,Bangkok,Central,4,50,200
E01395,2,2026-08-02,2026,2026-08,Cookie,Snack,Siam,Bangkok,Central,3,80,240
E01396,1,2026-10-24,2026,2026-10,Cookie,Snack,Bangsaen,Chonburi,East,3,80,240
E01396,2,2026-10-24,2026,2026-10,Coffee,Drink,Bangsaen,Chonburi,East,3,65,195
E01396,3,2026-10-24,2026,2026-10,Sandwich,Food,Bangsaen,Chonburi,East,1,100,100
E01397,1,2026-08-06,2026,2026-08,Cookie,Snack,Siam,Bangkok,Central,2,80,160
E01398,1,2026-08-24,2026,2026-08,Cookie,Snack,Muang Rayong,Rayong,East,4,80,320
E01398,2,2026-08-24,2026,2026-08,Tea,Drink,Muang Rayong,Rayong,East,5,50,250
E01399,1,2026-10-08,2026,2026-10,Sandwich,Food,Bangsaen,Chonburi,East,1,100,100
E01399,2,2026-10-08,2026,2026-10,Coffee,Drink,Bangsaen,Chonburi,East,1,65,65
E01399,3,2026-10-08,2026,2026-10,Brownie,Snack,Bangsaen,Chonburi,East,4,90,360
E01400,1,2026-08-15,2026,2026-08,Brownie,Snack,Ari,Bangkok,Central,3,90,270
E01400,2,2026-08-15,2026,2026-08,Sandwich,Food,Ari,Bangkok,Central,2,100,200
E01400,3,2026-08-15,2026,2026-08,Tea,Drink,Ari,Bangkok,Central,2,50,100
E01401,1,2026-10-30,2026,2026-10,Tea,Drink,Siam,Bangkok,Central,1,50,50
E01401,2,2026-10-30,2026,2026-10,Brownie,Snack,Siam,Bangkok,Central,4,90,360
E01401,3,2026-10-30,2026,2026-10,Cookie,Snack,Siam,Bangkok,Central,3,80,240
E01402,1,2026-08-03,2026,2026-08,Cocoa,Drink,Nimman,Chiang Mai,North,5,60,300
E01402,2,2026-08-03,2026,2026-08,Tea,Drink,Nimman,Chiang Mai,North,3,50,150
E01402,3,2026-08-03,2026,2026-08,Brownie,Snack,Nimman,Chiang Mai,North,3,90,270
E01403,1,2026-08-31,2026,2026-08,Sandwich,Food,Bangsaen,Chonburi,East,2,100,200
E01404,1,2026-08-20,2026,2026-08,Brownie,Snack,Muang Rayong,Rayong,East,1,90,90
E01404,2,2026-08-20,2026,2026-08,Tea,Drink,Muang Rayong,Rayong,East,2,50,100
E01405,1,2026-09-17,2026,2026-09,Cocoa,Drink,Muang Rayong,Rayong,East,3,60,180
E01406,1,2026-09-27,2026,2026-09,Sandwich,Food,Pattaya,Chonburi,East,5,100,500
E01406,2,2026-09-27,2026,2026-09,Brownie,Snack,Pattaya,Chonburi,East,5,90,450
E01407,1,2026-08-03,2026,2026-08,Cocoa,Drink,Muang Rayong,Rayong,East,3,60,180
E01407,2,2026-08-03,2026,2026-08,Sandwich,Food,Muang Rayong,Rayong,East,2,100,200
E01408,1,2026-10-25,2026,2026-10,Tea,Drink,Siam,Bangkok,Central,2,50,100
E01409,1,2026-10-03,2026,2026-10,Sandwich,Food,Nimman,Chiang Mai,North,3,100,300
E01410,1,2026-09-28,2026,2026-09,Brownie,Snack,Siam,Bangkok,Central,5,90,450
E01410,2,2026-09-28,2026,2026-09,Coffee,Drink,Siam,Bangkok,Central,5,65,325
E01411,1,2026-08-05,2026,2026-08,Sandwich,Food,Siam,Bangkok,Central,2,100,200
E01412,1,2026-08-03,2026,2026-08,Cocoa,Drink,Nimman,Chiang Mai,North,3,60,180
E01412,2,2026-08-03,2026,2026-08,Sandwich,Food,Nimman,Chiang Mai,North,5,100,500
E01412,3,2026-08-03,2026,2026-08,Brownie,Snack,Nimman,Chiang Mai,North,3,90,270
E01413,1,2026-10-30,2026,2026-10,Coffee,Drink,Pattaya,Chonburi,East,5,65,325
E01413,2,2026-10-30,2026,2026-10,Brownie,Snack,Pattaya,Chonburi,East,2,90,180
E01413,3,2026-10-30,2026,2026-10,Cookie,Snack,Pattaya,Chonburi,East,2,80,160
E01414,1,2026-09-19,2026,2026-09,Brownie,Snack,Pattaya,Chonburi,East,1,90,90
E01414,2,2026-09-19,2026,2026-09,Coffee,Drink,Pattaya,Chonburi,East,2,65,130
E01415,1,2026-10-20,2026,2026-10,Coffee,Drink,Bangsaen,Chonburi,East,5,65,325
E01416,1,2026-09-06,2026,2026-09,Cocoa,Drink,Bangsaen,Chonburi,East,1,60,60
E01417,1,2026-10-21,2026,2026-10,Cocoa,Drink,Bangsaen,Chonburi,East,4,60,240
E01418,1,2026-08-07,2026,2026-08,Coffee,Drink,Pattaya,Chonburi,East,4,65,260
E01418,2,2026-08-07,2026,2026-08,Sandwich,Food,Pattaya,Chonburi,East,2,100,200
E01418,3,2026-08-07,2026,2026-08,Cookie,Snack,Pattaya,Chonburi,East,3,80,240
E01419,1,2026-08-24,2026,2026-08,Brownie,Snack,Ari,Bangkok,Central,3,90,270
E01420,1,2026-09-19,2026,2026-09,Cocoa,Drink,Pattaya,Chonburi,East,5,60,300
E01420,2,2026-09-19,2026,2026-09,Sandwich,Food,Pattaya,Chonburi,East,1,100,100
E01420,3,2026-09-19,2026,2026-09,Coffee,Drink,Pattaya,Chonburi,East,4,65,260
E01421,1,2026-09-30,2026,2026-09,Cookie,Snack,Siam,Bangkok,Central,1,80,80
E01421,2,2026-09-30,2026,2026-09,Tea,Drink,Siam,Bangkok,Central,2,50,100
E01422,1,2026-09-02,2026,2026-09,Brownie,Snack,Pattaya,Chonburi,East,4,90,360
E01422,2,2026-09-02,2026,2026-09,Cocoa,Drink,Pattaya,Chonburi,East,3,60,180
E01422,3,2026-09-02,2026,2026-09,Tea,Drink,Pattaya,Chonburi,East,1,50,50
E01423,1,2026-09-11,2026,2026-09,Brownie,Snack,Siam,Bangkok,Central,4,90,360
E01424,1,2026-09-21,2026,2026-09,Cookie,Snack,Muang Rayong,Rayong,East,3,80,240
E01424,2,2026-09-21,2026,2026-09,Brownie,Snack,Muang Rayong,Rayong,East,4,90,360
E01424,3,2026-09-21,2026,2026-09,Tea,Drink,Muang Rayong,Rayong,East,4,50,200
E01425,1,2026-08-16,2026,2026-08,Coffee,Drink,Nimman,Chiang Mai,North,5,65,325
E01425,2,2026-08-16,2026,2026-08,Cookie,Snack,Nimman,Chiang Mai,North,1,80,80
E01426,1,2026-08-22,2026,2026-08,Coffee,Drink,Nimman,Chiang Mai,North,2,65,130
E01426,2,2026-08-22,2026,2026-08,Tea,Drink,Nimman,Chiang Mai,North,4,50,200
E01426,3,2026-08-22,2026,2026-08,Sandwich,Food,Nimman,Chiang Mai,North,5,100,500
E01427,1,2026-09-23,2026,2026-09,Tea,Drink,Bangsaen,Chonburi,East,3,50,150
E01427,2,2026-09-23,2026,2026-09,Cookie,Snack,Bangsaen,Chonburi,East,3,80,240
E01428,1,2026-09-05,2026,2026-09,Cookie,Snack,Bangsaen,Chonburi,East,5,80,400
E01428,2,2026-09-05,2026,2026-09,Cocoa,Drink,Bangsaen,Chonburi,East,5,60,300
E01429,1,2026-09-02,2026,2026-09,Tea,Drink,Nimman,Chiang Mai,North,5,50,250
E01429,2,2026-09-02,2026,2026-09,Sandwich,Food,Nimman,Chiang Mai,North,5,100,500
E01430,1,2026-08-02,2026,2026-08,Tea,Drink,Pattaya,Chonburi,East,4,50,200
E01431,1,2026-08-24,2026,2026-08,Cocoa,Drink,Bangsaen,Chonburi,East,1,60,60
E01431,2,2026-08-24,2026,2026-08,Brownie,Snack,Bangsaen,Chonburi,East,3,90,270
E01431,3,2026-08-24,2026,2026-08,Coffee,Drink,Bangsaen,Chonburi,East,1,65,65
E01432,1,2026-09-01,2026,2026-09,Brownie,Snack,Siam,Bangkok,Central,4,90,360
E01432,2,2026-09-01,2026,2026-09,Cookie,Snack,Siam,Bangkok,Central,5,80,400
E01433,1,2026-10-21,2026,2026-10,Cocoa,Drink,Ari,Bangkok,Central,4,60,240
E01433,2,2026-10-21,2026,2026-10,Brownie,Snack,Ari,Bangkok,Central,3,90,270
E01434,1,2026-08-09,2026,2026-08,Sandwich,Food,Nimman,Chiang Mai,North,4,100,400
E01435,1,2026-09-08,2026,2026-09,Cocoa,Drink,Pattaya,Chonburi,East,4,60,240
E01435,2,2026-09-08,2026,2026-09,Coffee,Drink,Pattaya,Chonburi,East,3,65,195
E01436,1,2026-09-27,2026,2026-09,Coffee,Drink,Pattaya,Chonburi,East,3,65,195
E01437,1,2026-09-10,2026,2026-09,Brownie,Snack,Muang Rayong,Rayong,East,1,90,90
E01437,2,2026-09-10,2026,2026-09,Cookie,Snack,Muang Rayong,Rayong,East,5,80,400
E01438,1,2026-08-30,2026,2026-08,Sandwich,Food,Ari,Bangkok,Central,2,100,200
E01439,1,2026-08-22,2026,2026-08,Cocoa,Drink,Siam,Bangkok,Central,5,60,300
E01439,2,2026-08-22,2026,2026-08,Coffee,Drink,Siam,Bangkok,Central,3,65,195
E01440,1,2026-08-10,2026,2026-08,Cookie,Snack,Siam,Bangkok,Central,2,80,160
E01441,1,2026-09-27,2026,2026-09,Coffee,Drink,Pattaya,Chonburi,East,5,65,325
E01441,2,2026-09-27,2026,2026-09,Cocoa,Drink,Pattaya,Chonburi,East,4,60,240
E01441,3,2026-09-27,2026,2026-09,Cookie,Snack,Pattaya,Chonburi,East,5,80,400
E01442,1,2026-09-01,2026,2026-09,Brownie,Snack,Bangsaen,Chonburi,East,5,90,450
E01443,1,2026-10-19,2026,2026-10,Coffee,Drink,Siam,Bangkok,Central,2,65,130
E01444,1,2026-08-06,2026,2026-08,Cocoa,Drink,Ari,Bangkok,Central,5,60,300
E01445,1,2026-10-24,2026,2026-10,Tea,Drink,Muang Rayong,Rayong,East,4,50,200
E01445,2,2026-10-24,2026,2026-10,Cookie,Snack,Muang Rayong,Rayong,East,4,80,320
E01445,3,2026-10-24,2026,2026-10,Coffee,Drink,Muang Rayong,Rayong,East,2,65,130
E01446,1,2026-08-28,2026,2026-08,Brownie,Snack,Bangsaen,Chonburi,East,1,90,90
E01446,2,2026-08-28,2026,2026-08,Cocoa,Drink,Bangsaen,Chonburi,East,4,60,240
E01447,1,2026-09-05,2026,2026-09,Coffee,Drink,Bangsaen,Chonburi,East,3,65,195
E01447,2,2026-09-05,2026,2026-09,Cocoa,Drink,Bangsaen,Chonburi,East,4,60,240
E01447,3,2026-09-05,2026,2026-09,Sandwich,Food,Bangsaen,Chonburi,East,4,100,400
E01448,1,2026-10-15,2026,2026-10,Tea,Drink,Siam,Bangkok,Central,1,50,50
E01448,2,2026-10-15,2026,2026-10,Cookie,Snack,Siam,Bangkok,Central,3,80,240
E01449,1,2026-08-29,2026,2026-08,Tea,Drink,Pattaya,Chonburi,East,5,50,250
E01450,1,2026-08-04,2026,2026-08,Tea,Drink,Nimman,Chiang Mai,North,1,50,50
E01450,2,2026-08-04,2026,2026-08,Sandwich,Food,Nimman,Chiang Mai,North,1,100,100
E01451,1,2026-08-12,2026,2026-08,Tea,Drink,Siam,Bangkok,Central,1,50,50
E01452,1,2026-09-22,2026,2026-09,Cocoa,Drink,Pattaya,Chonburi,East,1,60,60
E01453,1,2026-09-01,2026,2026-09,Brownie,Snack,Ari,Bangkok,Central,2,90,180
E01453,2,2026-09-01,2026,2026-09,Cookie,Snack,Ari,Bangkok,Central,3,80,240
E01454,1,2026-10-03,2026,2026-10,Tea,Drink,Pattaya,Chonburi,East,5,50,250
E01455,1,2026-10-09,2026,2026-10,Tea,Drink,Muang Rayong,Rayong,East,3,50,150
E01456,1,2026-10-20,2026,2026-10,Cocoa,Drink,Ari,Bangkok,Central,2,60,120
E01456,2,2026-10-20,2026,2026-10,Brownie,Snack,Ari,Bangkok,Central,1,90,90
E01456,3,2026-10-20,2026,2026-10,Sandwich,Food,Ari,Bangkok,Central,1,100,100
E01457,1,2026-10-24,2026,2026-10,Coffee,Drink,Bangsaen,Chonburi,East,4,65,260
E01457,2,2026-10-24,2026,2026-10,Sandwich,Food,Bangsaen,Chonburi,East,3,100,300
E01458,1,2026-08-18,2026,2026-08,Brownie,Snack,Nimman,Chiang Mai,North,5,90,450
E01459,1,2026-10-15,2026,2026-10,Brownie,Snack,Pattaya,Chonburi,East,3,90,270
E01459,2,2026-10-15,2026,2026-10,Cocoa,Drink,Pattaya,Chonburi,East,1,60,60
E01459,3,2026-10-15,2026,2026-10,Cookie,Snack,Pattaya,Chonburi,East,5,80,400
E01460,1,2026-09-07,2026,2026-09,Brownie,Snack,Muang Rayong,Rayong,East,2,90,180
E01461,1,2026-09-02,2026,2026-09,Sandwich,Food,Ari,Bangkok,Central,1,100,100
E01461,2,2026-09-02,2026,2026-09,Brownie,Snack,Ari,Bangkok,Central,4,90,360
E01462,1,2026-08-09,2026,2026-08,Sandwich,Food,Siam,Bangkok,Central,3,100,300
E01462,2,2026-08-09,2026,2026-08,Brownie,Snack,Siam,Bangkok,Central,4,90,360
E01463,1,2026-09-04,2026,2026-09,Brownie,Snack,Siam,Bangkok,Central,4,90,360
E01463,2,2026-09-04,2026,2026-09,Sandwich,Food,Siam,Bangkok,Central,5,100,500
E01463,3,2026-09-04,2026,2026-09,Cocoa,Drink,Siam,Bangkok,Central,3,60,180
E01464,1,2026-08-26,2026,2026-08,Coffee,Drink,Nimman,Chiang Mai,North,2,65,130
E01465,1,2026-10-29,2026,2026-10,Brownie,Snack,Bangsaen,Chonburi,East,1,90,90
E01465,2,2026-10-29,2026,2026-10,Cookie,Snack,Bangsaen,Chonburi,East,4,80,320
E01466,1,2026-08-09,2026,2026-08,Brownie,Snack,Pattaya,Chonburi,East,1,90,90
E01467,1,2026-08-26,2026,2026-08,Cocoa,Drink,Pattaya,Chonburi,East,2,60,120
E01467,2,2026-08-26,2026,2026-08,Cookie,Snack,Pattaya,Chonburi,East,1,80,80
E01468,1,2026-10-29,2026,2026-10,Coffee,Drink,Bangsaen,Chonburi,East,5,65,325
E01468,2,2026-10-29,2026,2026-10,Cookie,Snack,Bangsaen,Chonburi,East,5,80,400
E01468,3,2026-10-29,2026,2026-10,Brownie,Snack,Bangsaen,Chonburi,East,5,90,450
E01469,1,2026-10-27,2026,2026-10,Coffee,Drink,Nimman,Chiang Mai,North,1,65,65
E01470,1,2026-08-02,2026,2026-08,Coffee,Drink,Bangsaen,Chonburi,East,3,65,195
E01471,1,2026-08-18,2026,2026-08,Cookie,Snack,Siam,Bangkok,Central,3,80,240
E01471,2,2026-08-18,2026,2026-08,Brownie,Snack,Siam,Bangkok,Central,4,90,360
E01471,3,2026-08-18,2026,2026-08,Sandwich,Food,Siam,Bangkok,Central,1,100,100
E01472,1,2026-10-03,2026,2026-10,Coffee,Drink,Ari,Bangkok,Central,1,65,65
E01473,1,2026-09-29,2026,2026-09,Brownie,Snack,Ari,Bangkok,Central,4,90,360
E01474,1,2026-10-11,2026,2026-10,Cookie,Snack,Nimman,Chiang Mai,North,2,80,160
E01475,1,2026-09-19,2026,2026-09,Cocoa,Drink,Bangsaen,Chonburi,East,1,60,60
E01475,2,2026-09-19,2026,2026-09,Tea,Drink,Bangsaen,Chonburi,East,2,50,100
E01476,1,2026-09-22,2026,2026-09,Tea,Drink,Siam,Bangkok,Central,5,50,250
E01476,2,2026-09-22,2026,2026-09,Coffee,Drink,Siam,Bangkok,Central,5,65,325
E01477,1,2026-09-16,2026,2026-09,Brownie,Snack,Siam,Bangkok,Central,2,90,180
E01477,2,2026-09-16,2026,2026-09,Tea,Drink,Siam,Bangkok,Central,2,50,100
E01477,3,2026-09-16,2026,2026-09,Cookie,Snack,Siam,Bangkok,Central,1,80,80
E01478,1,2026-10-10,2026,2026-10,Coffee,Drink,Nimman,Chiang Mai,North,4,65,260
E01478,2,2026-10-10,2026,2026-10,Sandwich,Food,Nimman,Chiang Mai,North,5,100,500
E01479,1,2026-10-18,2026,2026-10,Sandwich,Food,Bangsaen,Chonburi,East,2,100,200
E01479,2,2026-10-18,2026,2026-10,Coffee,Drink,Bangsaen,Chonburi,East,2,65,130
E01479,3,2026-10-18,2026,2026-10,Cookie,Snack,Bangsaen,Chonburi,East,4,80,320
E01480,1,2026-10-29,2026,2026-10,Brownie,Snack,Muang Rayong,Rayong,East,3,90,270
E01481,1,2026-10-11,2026,2026-10,Cocoa,Drink,Ari,Bangkok,Central,4,60,240
E01481,2,2026-10-11,2026,2026-10,Sandwich,Food,Ari,Bangkok,Central,3,100,300
E01482,1,2026-10-20,2026,2026-10,Cookie,Snack,Pattaya,Chonburi,East,1,80,80
E01482,2,2026-10-20,2026,2026-10,Cocoa,Drink,Pattaya,Chonburi,East,5,60,300
E01483,1,2026-10-30,2026,2026-10,Brownie,Snack,Nimman,Chiang Mai,North,3,90,270
E01483,2,2026-10-30,2026,2026-10,Cocoa,Drink,Nimman,Chiang Mai,North,1,60,60
E01484,1,2026-08-16,2026,2026-08,Tea,Drink,Bangsaen,Chonburi,East,4,50,200
E01484,2,2026-08-16,2026,2026-08,Brownie,Snack,Bangsaen,Chonburi,East,1,90,90
E01485,1,2026-10-20,2026,2026-10,Tea,Drink,Nimman,Chiang Mai,North,3,50,150
E01485,2,2026-10-20,2026,2026-10,Sandwich,Food,Nimman,Chiang Mai,North,3,100,300
E01485,3,2026-10-20,2026,2026-10,Coffee,Drink,Nimman,Chiang Mai,North,5,65,325
E01486,1,2026-09-17,2026,2026-09,Cocoa,Drink,Nimman,Chiang Mai,North,4,60,240
E01486,2,2026-09-17,2026,2026-09,Tea,Drink,Nimman,Chiang Mai,North,2,50,100
E01487,1,2026-10-08,2026,2026-10,Sandwich,Food,Ari,Bangkok,Central,5,100,500
E01487,2,2026-10-08,2026,2026-10,Cocoa,Drink,Ari,Bangkok,Central,3,60,180
E01487,3,2026-10-08,2026,2026-10,Coffee,Drink,Ari,Bangkok,Central,3,65,195
E01488,1,2026-10-10,2026,2026-10,Tea,Drink,Bangsaen,Chonburi,East,1,50,50
E01489,1,2026-09-03,2026,2026-09,Cocoa,Drink,Siam,Bangkok,Central,2,60,120
E01490,1,2026-10-10,2026,2026-10,Tea,Drink,Ari,Bangkok,Central,5,50,250
E01490,2,2026-10-10,2026,2026-10,Sandwich,Food,Ari,Bangkok,Central,3,100,300
E01491,1,2026-08-01,2026,2026-08,Coffee,Drink,Siam,Bangkok,Central,2,65,130
E01492,1,2026-09-15,2026,2026-09,Cocoa,Drink,Ari,Bangkok,Central,4,60,240
E01492,2,2026-09-15,2026,2026-09,Cookie,Snack,Ari,Bangkok,Central,4,80,320
E01492,3,2026-09-15,2026,2026-09,Tea,Drink,Ari,Bangkok,Central,2,50,100
E01493,1,2026-09-09,2026,2026-09,Cocoa,Drink,Bangsaen,Chonburi,East,3,60,180
E01493,2,2026-09-09,2026,2026-09,Cookie,Snack,Bangsaen,Chonburi,East,4,80,320
E01494,1,2026-09-30,2026,2026-09,Cookie,Snack,Pattaya,Chonburi,East,3,80,240
E01494,2,2026-09-30,2026,2026-09,Brownie,Snack,Pattaya,Chonburi,East,2,90,180
E01494,3,2026-09-30,2026,2026-09,Cocoa,Drink,Pattaya,Chonburi,East,3,60,180
E01495,1,2026-09-04,2026,2026-09,Brownie,Snack,Nimman,Chiang Mai,North,2,90,180
E01496,1,2026-10-07,2026,2026-10,Coffee,Drink,Ari,Bangkok,Central,3,65,195
E01497,1,2026-08-05,2026,2026-08,Sandwich,Food,Siam,Bangkok,Central,2,100,200
E01497,2,2026-08-05,2026,2026-08,Cocoa,Drink,Siam,Bangkok,Central,5,60,300
E01497,3,2026-08-05,2026,2026-08,Cookie,Snack,Siam,Bangkok,Central,4,80,320
E01498,1,2026-10-15,2026,2026-10,Cocoa,Drink,Ari,Bangkok,Central,4,60,240
E01498,2,2026-10-15,2026,2026-10,Brownie,Snack,Ari,Bangkok,Central,2,90,180
E01499,1,2026-10-29,2026,2026-10,Tea,Drink,Siam,Bangkok,Central,5,50,250
E01499,2,2026-10-29,2026,2026-10,Brownie,Snack,Siam,Bangkok,Central,1,90,90
E01500,1,2026-10-07,2026,2026-10,Tea,Drink,Muang Rayong,Rayong,East,1,50,50
E01500,2,2026-10-07,2026,2026-10,Sandwich,Food,Muang Rayong,Rayong,East,2,100,200
E01501,1,2026-09-20,2026,2026-09,Sandwich,Food,Bangsaen,Chonburi,East,4,100,400
E01501,2,2026-09-20,2026,2026-09,Tea,Drink,Bangsaen,Chonburi,East,5,50,250
E01501,3,2026-09-20,2026,2026-09,Cookie,Snack,Bangsaen,Chonburi,East,3,80,240
E01502,1,2026-10-29,2026,2026-10,Coffee,Drink,Bangsaen,Chonburi,East,2,65,130
E01502,2,2026-10-29,2026,2026-10,Cookie,Snack,Bangsaen,Chonburi,East,2,80,160
E01503,1,2026-09-06,2026,2026-09,Coffee,Drink,Siam,Bangkok,Central,5,65,325
E01503,2,2026-09-06,2026,2026-09,Tea,Drink,Siam,Bangkok,Central,5,50,250
E01503,3,2026-09-06,2026,2026-09,Cocoa,Drink,Siam,Bangkok,Central,3,60,180
E01504,1,2026-10-13,2026,2026-10,Cocoa,Drink,Pattaya,Chonburi,East,3,60,180
E01504,2,2026-10-13,2026,2026-10,Coffee,Drink,Pattaya,Chonburi,East,5,65,325
E01504,3,2026-10-13,2026,2026-10,Sandwich,Food,Pattaya,Chonburi,East,5,100,500
E01505,1,2026-08-19,2026,2026-08,Cocoa,Drink,Bangsaen,Chonburi,East,3,60,180
E01506,1,2026-08-30,2026,2026-08,Coffee,Drink,Pattaya,Chonburi,East,4,65,260
E01506,2,2026-08-30,2026,2026-08,Tea,Drink,Pattaya,Chonburi,East,5,50,250
E01507,1,2026-10-28,2026,2026-10,Brownie,Snack,Siam,Bangkok,Central,1,90,90
E01507,2,2026-10-28,2026,2026-10,Coffee,Drink,Siam,Bangkok,Central,1,65,65
E01508,1,2026-10-19,2026,2026-10,Cocoa,Drink,Siam,Bangkok,Central,3,60,180
E01509,1,2026-09-04,2026,2026-09,Sandwich,Food,Ari,Bangkok,Central,1,100,100
E01509,2,2026-09-04,2026,2026-09,Tea,Drink,Ari,Bangkok,Central,4,50,200
E01510,1,2026-08-04,2026,2026-08,Brownie,Snack,Nimman,Chiang Mai,North,4,90,360
E01510,2,2026-08-04,2026,2026-08,Coffee,Drink,Nimman,Chiang Mai,North,3,65,195
E01511,1,2026-08-12,2026,2026-08,Brownie,Snack,Ari,Bangkok,Central,1,90,90
E01511,2,2026-08-12,2026,2026-08,Cocoa,Drink,Ari,Bangkok,Central,4,60,240
E01512,1,2026-09-14,2026,2026-09,Tea,Drink,Nimman,Chiang Mai,North,3,50,150
E01512,2,2026-09-14,2026,2026-09,Coffee,Drink,Nimman,Chiang Mai,North,1,65,65
E01513,1,2026-09-29,2026,2026-09,Sandwich,Food,Siam,Bangkok,Central,3,100,300
E01514,1,2026-08-12,2026,2026-08,Cocoa,Drink,Ari,Bangkok,Central,5,60,300
E01514,2,2026-08-12,2026,2026-08,Sandwich,Food,Ari,Bangkok,Central,1,100,100
E01514,3,2026-08-12,2026,2026-08,Tea,Drink,Ari,Bangkok,Central,4,50,200
E01515,1,2026-10-25,2026,2026-10,Cocoa,Drink,Ari,Bangkok,Central,4,60,240
E01515,2,2026-10-25,2026,2026-10,Brownie,Snack,Ari,Bangkok,Central,1,90,90
E01516,1,2026-10-24,2026,2026-10,Tea,Drink,Nimman,Chiang Mai,North,2,50,100
E01517,1,2026-10-05,2026,2026-10,Sandwich,Food,Muang Rayong,Rayong,East,5,100,500
E01517,2,2026-10-05,2026,2026-10,Tea,Drink,Muang Rayong,Rayong,East,4,50,200
E01517,3,2026-10-05,2026,2026-10,Cookie,Snack,Muang Rayong,Rayong,East,2,80,160
E01518,1,2026-08-21,2026,2026-08,Tea,Drink,Muang Rayong,Rayong,East,1,50,50
E01518,2,2026-08-21,2026,2026-08,Sandwich,Food,Muang Rayong,Rayong,East,3,100,300
E01518,3,2026-08-21,2026,2026-08,Cocoa,Drink,Muang Rayong,Rayong,East,3,60,180
E01519,1,2026-10-02,2026,2026-10,Coffee,Drink,Ari,Bangkok,Central,1,65,65
E01519,2,2026-10-02,2026,2026-10,Sandwich,Food,Ari,Bangkok,Central,5,100,500
E01519,3,2026-10-02,2026,2026-10,Cookie,Snack,Ari,Bangkok,Central,4,80,320
E01520,1,2026-10-22,2026,2026-10,Tea,Drink,Muang Rayong,Rayong,East,2,50,100
E01520,2,2026-10-22,2026,2026-10,Brownie,Snack,Muang Rayong,Rayong,East,4,90,360
E01520,3,2026-10-22,2026,2026-10,Cocoa,Drink,Muang Rayong,Rayong,East,5,60,300
E01521,1,2026-09-14,2026,2026-09,Tea,Drink,Nimman,Chiang Mai,North,2,50,100
E01521,2,2026-09-14,2026,2026-09,Brownie,Snack,Nimman,Chiang Mai,North,5,90,450
E01522,1,2026-09-21,2026,2026-09,Brownie,Snack,Ari,Bangkok,Central,3,90,270
E01523,1,2026-09-03,2026,2026-09,Brownie,Snack,Pattaya,Chonburi,East,4,90,360
E01523,2,2026-09-03,2026,2026-09,Coffee,Drink,Pattaya,Chonburi,East,2,65,130
E01523,3,2026-09-03,2026,2026-09,Sandwich,Food,Pattaya,Chonburi,East,1,100,100
E01524,1,2026-09-19,2026,2026-09,Cookie,Snack,Nimman,Chiang Mai,North,1,80,80
E01524,2,2026-09-19,2026,2026-09,Cocoa,Drink,Nimman,Chiang Mai,North,4,60,240
E01524,3,2026-09-19,2026,2026-09,Tea,Drink,Nimman,Chiang Mai,North,4,50,200
E01525,1,2026-09-14,2026,2026-09,Cocoa,Drink,Siam,Bangkok,Central,2,60,120
E01525,2,2026-09-14,2026,2026-09,Brownie,Snack,Siam,Bangkok,Central,3,90,270
E01526,1,2026-08-01,2026,2026-08,Brownie,Snack,Pattaya,Chonburi,East,5,90,450
E01526,2,2026-08-01,2026,2026-08,Tea,Drink,Pattaya,Chonburi,East,2,50,100
E01527,1,2026-08-25,2026,2026-08,Cookie,Snack,Muang Rayong,Rayong,East,2,80,160
E01527,2,2026-08-25,2026,2026-08,Coffee,Drink,Muang Rayong,Rayong,East,1,65,65
E01527,3,2026-08-25,2026,2026-08,Cocoa,Drink,Muang Rayong,Rayong,East,2,60,120
E01528,1,2026-10-26,2026,2026-10,Tea,Drink,Siam,Bangkok,Central,1,50,50
E01529,1,2026-10-02,2026,2026-10,Cocoa,Drink,Ari,Bangkok,Central,3,60,180
E01530,1,2026-10-17,2026,2026-10,Brownie,Snack,Nimman,Chiang Mai,North,1,90,90
E01531,1,2026-08-11,2026,2026-08,Cocoa,Drink,Nimman,Chiang Mai,North,5,60,300
E01532,1,2026-10-30,2026,2026-10,Brownie,Snack,Pattaya,Chonburi,East,2,90,180
E01533,1,2026-08-21,2026,2026-08,Cookie,Snack,Ari,Bangkok,Central,3,80,240
E01533,2,2026-08-21,2026,2026-08,Brownie,Snack,Ari,Bangkok,Central,3,90,270
E01534,1,2026-08-24,2026,2026-08,Cookie,Snack,Pattaya,Chonburi,East,4,80,320
E01534,2,2026-08-24,2026,2026-08,Sandwich,Food,Pattaya,Chonburi,East,3,100,300
E01535,1,2026-09-16,2026,2026-09,Coffee,Drink,Siam,Bangkok,Central,1,65,65
E01536,1,2026-09-28,2026,2026-09,Brownie,Snack,Muang Rayong,Rayong,East,1,90,90
E01537,1,2026-10-10,2026,2026-10,Sandwich,Food,Nimman,Chiang Mai,North,3,100,300
E01537,2,2026-10-10,2026,2026-10,Tea,Drink,Nimman,Chiang Mai,North,3,50,150
E01538,1,2026-10-17,2026,2026-10,Tea,Drink,Nimman,Chiang Mai,North,2,50,100
E01538,2,2026-10-17,2026,2026-10,Coffee,Drink,Nimman,Chiang Mai,North,2,65,130
E01538,3,2026-10-17,2026,2026-10,Sandwich,Food,Nimman,Chiang Mai,North,4,100,400
E01539,1,2026-08-20,2026,2026-08,Cookie,Snack,Siam,Bangkok,Central,2,80,160
E01539,2,2026-08-20,2026,2026-08,Cocoa,Drink,Siam,Bangkok,Central,5,60,300
E01540,1,2026-09-03,2026,2026-09,Coffee,Drink,Muang Rayong,Rayong,East,4,65,260
E01541,1,2026-10-13,2026,2026-10,Cocoa,Drink,Bangsaen,Chonburi,East,2,60,120
E01542,1,2026-09-05,2026,2026-09,Coffee,Drink,Siam,Bangkok,Central,1,65,65
E01542,2,2026-09-05,2026,2026-09,Tea,Drink,Siam,Bangkok,Central,3,50,150
E01543,1,2026-08-21,2026,2026-08,Brownie,Snack,Pattaya,Chonburi,East,4,90,360
E01543,2,2026-08-21,2026,2026-08,Coffee,Drink,Pattaya,Chonburi,East,4,65,260
E01544,1,2026-09-07,2026,2026-09,Coffee,Drink,Siam,Bangkok,Central,1,65,65
E01545,1,2026-10-26,2026,2026-10,Coffee,Drink,Siam,Bangkok,Central,1,65,65
E01545,2,2026-10-26,2026,2026-10,Tea,Drink,Siam,Bangkok,Central,1,50,50
E01545,3,2026-10-26,2026,2026-10,Brownie,Snack,Siam,Bangkok,Central,1,90,90
E01546,1,2026-09-26,2026,2026-09,Coffee,Drink,Pattaya,Chonburi,East,1,65,65
E01546,2,2026-09-26,2026,2026-09,Cookie,Snack,Pattaya,Chonburi,East,4,80,320
E01547,1,2026-08-18,2026,2026-08,Brownie,Snack,Ari,Bangkok,Central,5,90,450
E01547,2,2026-08-18,2026,2026-08,Cocoa,Drink,Ari,Bangkok,Central,4,60,240
E01548,1,2026-09-27,2026,2026-09,Coffee,Drink,Pattaya,Chonburi,East,2,65,130
E01548,2,2026-09-27,2026,2026-09,Sandwich,Food,Pattaya,Chonburi,East,3,100,300
E01549,1,2026-09-27,2026,2026-09,Cocoa,Drink,Siam,Bangkok,Central,2,60,120
E01549,2,2026-09-27,2026,2026-09,Cookie,Snack,Siam,Bangkok,Central,1,80,80
E01550,1,2026-08-27,2026,2026-08,Cookie,Snack,Nimman,Chiang Mai,North,2,80,160
E01550,2,2026-08-27,2026,2026-08,Brownie,Snack,Nimman,Chiang Mai,North,1,90,90
E01551,1,2026-08-19,2026,2026-08,Sandwich,Food,Siam,Bangkok,Central,5,100,500
E01551,2,2026-08-19,2026,2026-08,Coffee,Drink,Siam,Bangkok,Central,1,65,65
E01552,1,2026-09-04,2026,2026-09,Coffee,Drink,Bangsaen,Chonburi,East,1,65,65
E01553,1,2026-08-20,2026,2026-08,Cocoa,Drink,Nimman,Chiang Mai,North,2,60,120
E01553,2,2026-08-20,2026,2026-08,Brownie,Snack,Nimman,Chiang Mai,North,3,90,270
E01553,3,2026-08-20,2026,2026-08,Cookie,Snack,Nimman,Chiang Mai,North,3,80,240
E01554,1,2026-09-04,2026,2026-09,Brownie,Snack,Nimman,Chiang Mai,North,5,90,450
E01555,1,2026-10-08,2026,2026-10,Brownie,Snack,Ari,Bangkok,Central,4,90,360
E01555,2,2026-10-08,2026,2026-10,Cocoa,Drink,Ari,Bangkok,Central,3,60,180
E01555,3,2026-10-08,2026,2026-10,Tea,Drink,Ari,Bangkok,Central,5,50,250
E01556,1,2026-09-21,2026,2026-09,Cocoa,Drink,Pattaya,Chonburi,East,1,60,60
E01557,1,2026-08-28,2026,2026-08,Brownie,Snack,Muang Rayong,Rayong,East,2,90,180
E01557,2,2026-08-28,2026,2026-08,Tea,Drink,Muang Rayong,Rayong,East,3,50,150
E01557,3,2026-08-28,2026,2026-08,Coffee,Drink,Muang Rayong,Rayong,East,1,65,65
E01558,1,2026-09-24,2026,2026-09,Brownie,Snack,Ari,Bangkok,Central,5,90,450
E01558,2,2026-09-24,2026,2026-09,Cookie,Snack,Ari,Bangkok,Central,3,80,240
E01559,1,2026-08-15,2026,2026-08,Cocoa,Drink,Muang Rayong,Rayong,East,2,60,120
E01559,2,2026-08-15,2026,2026-08,Coffee,Drink,Muang Rayong,Rayong,East,5,65,325
E01559,3,2026-08-15,2026,2026-08,Brownie,Snack,Muang Rayong,Rayong,East,1,90,90
E01560,1,2026-08-12,2026,2026-08,Tea,Drink,Bangsaen,Chonburi,East,1,50,50
E01560,2,2026-08-12,2026,2026-08,Brownie,Snack,Bangsaen,Chonburi,East,1,90,90
E01560,3,2026-08-12,2026,2026-08,Coffee,Drink,Bangsaen,Chonburi,East,2,65,130
E01561,1,2026-09-21,2026,2026-09,Brownie,Snack,Bangsaen,Chonburi,East,3,90,270
E01561,2,2026-09-21,2026,2026-09,Sandwich,Food,Bangsaen,Chonburi,East,4,100,400
E01561,3,2026-09-21,2026,2026-09,Cookie,Snack,Bangsaen,Chonburi,East,4,80,320
E01562,1,2026-08-18,2026,2026-08,Brownie,Snack,Nimman,Chiang Mai,North,2,90,180
E01562,2,2026-08-18,2026,2026-08,Cookie,Snack,Nimman,Chiang Mai,North,3,80,240
E01562,3,2026-08-18,2026,2026-08,Tea,Drink,Nimman,Chiang Mai,North,3,50,150
E01563,1,2026-10-12,2026,2026-10,Coffee,Drink,Pattaya,Chonburi,East,1,65,65
E01563,2,2026-10-12,2026,2026-10,Cookie,Snack,Pattaya,Chonburi,East,3,80,240
E01563,3,2026-10-12,2026,2026-10,Brownie,Snack,Pattaya,Chonburi,East,4,90,360
E01564,1,2026-09-24,2026,2026-09,Cookie,Snack,Bangsaen,Chonburi,East,3,80,240
E01564,2,2026-09-24,2026,2026-09,Cocoa,Drink,Bangsaen,Chonburi,East,4,60,240
E01565,1,2026-09-01,2026,2026-09,Brownie,Snack,Siam,Bangkok,Central,1,90,90
E01566,1,2026-08-18,2026,2026-08,Tea,Drink,Nimman,Chiang Mai,North,1,50,50
E01566,2,2026-08-18,2026,2026-08,Sandwich,Food,Nimman,Chiang Mai,North,3,100,300
E01567,1,2026-08-19,2026,2026-08,Cookie,Snack,Bangsaen,Chonburi,East,2,80,160
E01568,1,2026-10-31,2026,2026-10,Cocoa,Drink,Ari,Bangkok,Central,1,60,60
E01568,2,2026-10-31,2026,2026-10,Sandwich,Food,Ari,Bangkok,Central,4,100,400
E01569,1,2026-08-03,2026,2026-08,Tea,Drink,Ari,Bangkok,Central,2,50,100
E01569,2,2026-08-03,2026,2026-08,Cocoa,Drink,Ari,Bangkok,Central,3,60,180
E01570,1,2026-08-01,2026,2026-08,Cocoa,Drink,Pattaya,Chonburi,East,3,60,180
E01570,2,2026-08-01,2026,2026-08,Cookie,Snack,Pattaya,Chonburi,East,1,80,80
E01570,3,2026-08-01,2026,2026-08,Sandwich,Food,Pattaya,Chonburi,East,3,100,300
E01571,1,2026-08-14,2026,2026-08,Tea,Drink,Bangsaen,Chonburi,East,5,50,250
E01571,2,2026-08-14,2026,2026-08,Cocoa,Drink,Bangsaen,Chonburi,East,4,60,240
E01572,1,2026-10-25,2026,2026-10,Tea,Drink,Pattaya,Chonburi,East,5,50,250
E01573,1,2026-10-18,2026,2026-10,Brownie,Snack,Nimman,Chiang Mai,North,2,90,180
E01573,2,2026-10-18,2026,2026-10,Coffee,Drink,Nimman,Chiang Mai,North,3,65,195
E01574,1,2026-10-10,2026,2026-10,Cookie,Snack,Siam,Bangkok,Central,4,80,320
E01574,2,2026-10-10,2026,2026-10,Tea,Drink,Siam,Bangkok,Central,5,50,250
E01574,3,2026-10-10,2026,2026-10,Sandwich,Food,Siam,Bangkok,Central,4,100,400
E01575,1,2026-10-04,2026,2026-10,Brownie,Snack,Pattaya,Chonburi,East,1,90,90
E01575,2,2026-10-04,2026,2026-10,Sandwich,Food,Pattaya,Chonburi,East,4,100,400
E01575,3,2026-10-04,2026,2026-10,Cocoa,Drink,Pattaya,Chonburi,East,4,60,240
E01576,1,2026-10-17,2026,2026-10,Cocoa,Drink,Nimman,Chiang Mai,North,1,60,60
E01576,2,2026-10-17,2026,2026-10,Cookie,Snack,Nimman,Chiang Mai,North,3,80,240
E01576,3,2026-10-17,2026,2026-10,Brownie,Snack,Nimman,Chiang Mai,North,3,90,270
E01577,1,2026-09-11,2026,2026-09,Cookie,Snack,Bangsaen,Chonburi,East,3,80,240
E01577,2,2026-09-11,2026,2026-09,Cocoa,Drink,Bangsaen,Chonburi,East,3,60,180
E01578,1,2026-09-14,2026,2026-09,Cookie,Snack,Siam,Bangkok,Central,3,80,240
E01578,2,2026-09-14,2026,2026-09,Cocoa,Drink,Siam,Bangkok,Central,2,60,120
E01579,1,2026-10-17,2026,2026-10,Cookie,Snack,Pattaya,Chonburi,East,1,80,80
E01579,2,2026-10-17,2026,2026-10,Coffee,Drink,Pattaya,Chonburi,East,5,65,325
E01580,1,2026-09-22,2026,2026-09,Coffee,Drink,Siam,Bangkok,Central,4,65,260
E01581,1,2026-09-01,2026,2026-09,Sandwich,Food,Ari,Bangkok,Central,3,100,300
E01582,1,2026-09-27,2026,2026-09,Tea,Drink,Ari,Bangkok,Central,1,50,50
E01583,1,2026-08-23,2026,2026-08,Tea,Drink,Bangsaen,Chonburi,East,2,50,100
E01583,2,2026-08-23,2026,2026-08,Coffee,Drink,Bangsaen,Chonburi,East,1,65,65
E01584,1,2026-09-21,2026,2026-09,Coffee,Drink,Siam,Bangkok,Central,1,65,65
E01584,2,2026-09-21,2026,2026-09,Cookie,Snack,Siam,Bangkok,Central,2,80,160
E01584,3,2026-09-21,2026,2026-09,Tea,Drink,Siam,Bangkok,Central,3,50,150
E01585,1,2026-10-08,2026,2026-10,Sandwich,Food,Siam,Bangkok,Central,5,100,500
E01585,2,2026-10-08,2026,2026-10,Cocoa,Drink,Siam,Bangkok,Central,4,60,240
E01586,1,2026-08-22,2026,2026-08,Sandwich,Food,Nimman,Chiang Mai,North,5,100,500
E01586,2,2026-08-22,2026,2026-08,Brownie,Snack,Nimman,Chiang Mai,North,2,90,180
E01586,3,2026-08-22,2026,2026-08,Cookie,Snack,Nimman,Chiang Mai,North,1,80,80
E01587,1,2026-10-05,2026,2026-10,Cocoa,Drink,Ari,Bangkok,Central,1,60,60
E01587,2,2026-10-05,2026,2026-10,Tea,Drink,Ari,Bangkok,Central,4,50,200
E01587,3,2026-10-05,2026,2026-10,Brownie,Snack,Ari,Bangkok,Central,4,90,360
E01588,1,2026-10-19,2026,2026-10,Brownie,Snack,Siam,Bangkok,Central,1,90,90
E01588,2,2026-10-19,2026,2026-10,Cookie,Snack,Siam,Bangkok,Central,2,80,160
E01588,3,2026-10-19,2026,2026-10,Cocoa,Drink,Siam,Bangkok,Central,5,60,300
E01589,1,2026-08-03,2026,2026-08,Coffee,Drink,Muang Rayong,Rayong,East,3,65,195
E01589,2,2026-08-03,2026,2026-08,Brownie,Snack,Muang Rayong,Rayong,East,5,90,450
E01589,3,2026-08-03,2026,2026-08,Tea,Drink,Muang Rayong,Rayong,East,5,50,250
E01590,1,2026-10-06,2026,2026-10,Cocoa,Drink,Pattaya,Chonburi,East,2,60,120
E01590,2,2026-10-06,2026,2026-10,Cookie,Snack,Pattaya,Chonburi,East,5,80,400
E01591,1,2026-10-09,2026,2026-10,Cocoa,Drink,Bangsaen,Chonburi,East,1,60,60
E01592,1,2026-09-16,2026,2026-09,Brownie,Snack,Nimman,Chiang Mai,North,1,90,90
E01592,2,2026-09-16,2026,2026-09,Coffee,Drink,Nimman,Chiang Mai,North,4,65,260
E01592,3,2026-09-16,2026,2026-09,Tea,Drink,Nimman,Chiang Mai,North,1,50,50
E01593,1,2026-08-27,2026,2026-08,Coffee,Drink,Ari,Bangkok,Central,1,65,65
E01593,2,2026-08-27,2026,2026-08,Tea,Drink,Ari,Bangkok,Central,4,50,200
E01593,3,2026-08-27,2026,2026-08,Sandwich,Food,Ari,Bangkok,Central,2,100,200
E01594,1,2026-09-07,2026,2026-09,Brownie,Snack,Ari,Bangkok,Central,2,90,180
E01594,2,2026-09-07,2026,2026-09,Cocoa,Drink,Ari,Bangkok,Central,1,60,60
E01595,1,2026-10-11,2026,2026-10,Cocoa,Drink,Nimman,Chiang Mai,North,5,60,300
E01596,1,2026-10-10,2026,2026-10,Brownie,Snack,Muang Rayong,Rayong,East,2,90,180
E01596,2,2026-10-10,2026,2026-10,Sandwich,Food,Muang Rayong,Rayong,East,2,100,200
E01596,3,2026-10-10,2026,2026-10,Tea,Drink,Muang Rayong,Rayong,East,1,50,50
E01597,1,2026-09-01,2026,2026-09,Tea,Drink,Ari,Bangkok,Central,2,50,100
E01597,2,2026-09-01,2026,2026-09,Cocoa,Drink,Ari,Bangkok,Central,1,60,60
E01597,3,2026-09-01,2026,2026-09,Coffee,Drink,Ari,Bangkok,Central,4,65,260
E01598,1,2026-08-01,2026,2026-08,Sandwich,Food,Pattaya,Chonburi,East,3,100,300
E01598,2,2026-08-01,2026,2026-08,Brownie,Snack,Pattaya,Chonburi,East,4,90,360
E01598,3,2026-08-01,2026,2026-08,Tea,Drink,Pattaya,Chonburi,East,3,50,150
E01599,1,2026-10-02,2026,2026-10,Coffee,Drink,Ari,Bangkok,Central,5,65,325
E01599,2,2026-10-02,2026,2026-10,Cocoa,Drink,Ari,Bangkok,Central,1,60,60
E01600,1,2026-09-12,2026,2026-09,Cocoa,Drink,Muang Rayong,Rayong,East,1,60,60
E01600,2,2026-09-12,2026,2026-09,Brownie,Snack,Muang Rayong,Rayong,East,1,90,90
E01601,1,2026-09-05,2026,2026-09,Coffee,Drink,Siam,Bangkok,Central,4,65,260
E01601,2,2026-09-05,2026,2026-09,Tea,Drink,Siam,Bangkok,Central,5,50,250
E01601,3,2026-09-05,2026,2026-09,Brownie,Snack,Siam,Bangkok,Central,4,90,360
E01602,1,2026-09-14,2026,2026-09,Cookie,Snack,Siam,Bangkok,Central,3,80,240
E01602,2,2026-09-14,2026,2026-09,Brownie,Snack,Siam,Bangkok,Central,3,90,270
E01603,1,2026-08-12,2026,2026-08,Sandwich,Food,Bangsaen,Chonburi,East,1,100,100
E01603,2,2026-08-12,2026,2026-08,Brownie,Snack,Bangsaen,Chonburi,East,5,90,450
E01603,3,2026-08-12,2026,2026-08,Tea,Drink,Bangsaen,Chonburi,East,3,50,150
E01604,1,2026-08-23,2026,2026-08,Cookie,Snack,Bangsaen,Chonburi,East,1,80,80
E01604,2,2026-08-23,2026,2026-08,Tea,Drink,Bangsaen,Chonburi,East,4,50,200
E01604,3,2026-08-23,2026,2026-08,Coffee,Drink,Bangsaen,Chonburi,East,5,65,325
E01605,1,2026-08-17,2026,2026-08,Cocoa,Drink,Siam,Bangkok,Central,5,60,300
E01606,1,2026-09-24,2026,2026-09,Cookie,Snack,Ari,Bangkok,Central,1,80,80
E01606,2,2026-09-24,2026,2026-09,Brownie,Snack,Ari,Bangkok,Central,3,90,270
E01607,1,2026-08-24,2026,2026-08,Coffee,Drink,Nimman,Chiang Mai,North,3,65,195
E01608,1,2026-10-29,2026,2026-10,Coffee,Drink,Pattaya,Chonburi,East,2,65,130
E01608,2,2026-10-29,2026,2026-10,Tea,Drink,Pattaya,Chonburi,East,4,50,200
E01608,3,2026-10-29,2026,2026-10,Cocoa,Drink,Pattaya,Chonburi,East,4,60,240
E01609,1,2026-09-15,2026,2026-09,Coffee,Drink,Pattaya,Chonburi,East,2,65,130
E01609,2,2026-09-15,2026,2026-09,Sandwich,Food,Pattaya,Chonburi,East,3,100,300
E01609,3,2026-09-15,2026,2026-09,Brownie,Snack,Pattaya,Chonburi,East,3,90,270
E01610,1,2026-08-22,2026,2026-08,Brownie,Snack,Bangsaen,Chonburi,East,5,90,450
E01611,1,2026-10-13,2026,2026-10,Sandwich,Food,Siam,Bangkok,Central,1,100,100
E01611,2,2026-10-13,2026,2026-10,Tea,Drink,Siam,Bangkok,Central,2,50,100
E01611,3,2026-10-13,2026,2026-10,Cocoa,Drink,Siam,Bangkok,Central,2,60,120
E01612,1,2026-08-12,2026,2026-08,Tea,Drink,Nimman,Chiang Mai,North,5,50,250
E01612,2,2026-08-12,2026,2026-08,Cookie,Snack,Nimman,Chiang Mai,North,2,80,160
E01613,1,2026-09-12,2026,2026-09,Sandwich,Food,Nimman,Chiang Mai,North,5,100,500
E01613,2,2026-09-12,2026,2026-09,Brownie,Snack,Nimman,Chiang Mai,North,2,90,180
E01613,3,2026-09-12,2026,2026-09,Cocoa,Drink,Nimman,Chiang Mai,North,3,60,180
E01614,1,2026-10-14,2026,2026-10,Brownie,Snack,Nimman,Chiang Mai,North,4,90,360
E01614,2,2026-10-14,2026,2026-10,Sandwich,Food,Nimman,Chiang Mai,North,1,100,100
E01615,1,2026-08-22,2026,2026-08,Cocoa,Drink,Siam,Bangkok,Central,2,60,120
E01615,2,2026-08-22,2026,2026-08,Sandwich,Food,Siam,Bangkok,Central,4,100,400
E01616,1,2026-10-05,2026,2026-10,Brownie,Snack,Pattaya,Chonburi,East,2,90,180
E01616,2,2026-10-05,2026,2026-10,Tea,Drink,Pattaya,Chonburi,East,3,50,150
E01616,3,2026-10-05,2026,2026-10,Cocoa,Drink,Pattaya,Chonburi,East,1,60,60
E01617,1,2026-09-11,2026,2026-09,Sandwich,Food,Pattaya,Chonburi,East,2,100,200
E01617,2,2026-09-11,2026,2026-09,Cocoa,Drink,Pattaya,Chonburi,East,3,60,180
E01617,3,2026-09-11,2026,2026-09,Brownie,Snack,Pattaya,Chonburi,East,1,90,90
E01618,1,2026-09-16,2026,2026-09,Coffee,Drink,Pattaya,Chonburi,East,3,65,195
E01618,2,2026-09-16,2026,2026-09,Sandwich,Food,Pattaya,Chonburi,East,4,100,400
E01618,3,2026-09-16,2026,2026-09,Cocoa,Drink,Pattaya,Chonburi,East,3,60,180
E01619,1,2026-09-14,2026,2026-09,Brownie,Snack,Pattaya,Chonburi,East,2,90,180
E01619,2,2026-09-14,2026,2026-09,Cookie,Snack,Pattaya,Chonburi,East,5,80,400
E01619,3,2026-09-14,2026,2026-09,Sandwich,Food,Pattaya,Chonburi,East,2,100,200
E01620,1,2026-10-09,2026,2026-10,Coffee,Drink,Pattaya,Chonburi,East,3,65,195
E01620,2,2026-10-09,2026,2026-10,Brownie,Snack,Pattaya,Chonburi,East,5,90,450
E01621,1,2026-10-21,2026,2026-10,Coffee,Drink,Nimman,Chiang Mai,North,1,65,65
E01621,2,2026-10-21,2026,2026-10,Sandwich,Food,Nimman,Chiang Mai,North,1,100,100
E01621,3,2026-10-21,2026,2026-10,Tea,Drink,Nimman,Chiang Mai,North,5,50,250
E01622,1,2026-08-06,2026,2026-08,Tea,Drink,Ari,Bangkok,Central,2,50,100
E01622,2,2026-08-06,2026,2026-08,Brownie,Snack,Ari,Bangkok,Central,1,90,90
E01622,3,2026-08-06,2026,2026-08,Cookie,Snack,Ari,Bangkok,Central,3,80,240
E01623,1,2026-08-09,2026,2026-08,Cocoa,Drink,Siam,Bangkok,Central,5,60,300
E01623,2,2026-08-09,2026,2026-08,Brownie,Snack,Siam,Bangkok,Central,4,90,360
E01624,1,2026-09-27,2026,2026-09,Sandwich,Food,Pattaya,Chonburi,East,2,100,200
E01624,2,2026-09-27,2026,2026-09,Coffee,Drink,Pattaya,Chonburi,East,1,65,65
E01625,1,2026-10-30,2026,2026-10,Sandwich,Food,Bangsaen,Chonburi,East,4,100,400
E01626,1,2026-09-08,2026,2026-09,Brownie,Snack,Bangsaen,Chonburi,East,1,90,90
E01626,2,2026-09-08,2026,2026-09,Sandwich,Food,Bangsaen,Chonburi,East,3,100,300
E01626,3,2026-09-08,2026,2026-09,Coffee,Drink,Bangsaen,Chonburi,East,2,65,130
E01627,1,2026-10-19,2026,2026-10,Cookie,Snack,Bangsaen,Chonburi,East,2,80,160
E01627,2,2026-10-19,2026,2026-10,Coffee,Drink,Bangsaen,Chonburi,East,5,65,325
E01628,1,2026-08-19,2026,2026-08,Cocoa,Drink,Pattaya,Chonburi,East,3,60,180
E01628,2,2026-08-19,2026,2026-08,Brownie,Snack,Pattaya,Chonburi,East,2,90,180
E01629,1,2026-10-25,2026,2026-10,Brownie,Snack,Siam,Bangkok,Central,1,90,90
E01630,1,2026-09-05,2026,2026-09,Brownie,Snack,Ari,Bangkok,Central,1,90,90
E01631,1,2026-10-19,2026,2026-10,Sandwich,Food,Muang Rayong,Rayong,East,4,100,400
E01631,2,2026-10-19,2026,2026-10,Tea,Drink,Muang Rayong,Rayong,East,3,50,150
E01632,1,2026-10-21,2026,2026-10,Cocoa,Drink,Muang Rayong,Rayong,East,4,60,240
E01633,1,2026-08-19,2026,2026-08,Cocoa,Drink,Muang Rayong,Rayong,East,1,60,60
E01633,2,2026-08-19,2026,2026-08,Coffee,Drink,Muang Rayong,Rayong,East,1,65,65
E01634,1,2026-09-18,2026,2026-09,Tea,Drink,Siam,Bangkok,Central,3,50,150
E01634,2,2026-09-18,2026,2026-09,Cocoa,Drink,Siam,Bangkok,Central,4,60,240
E01634,3,2026-09-18,2026,2026-09,Cookie,Snack,Siam,Bangkok,Central,2,80,160
E01635,1,2026-08-04,2026,2026-08,Sandwich,Food,Bangsaen,Chonburi,East,2,100,200
E01635,2,2026-08-04,2026,2026-08,Cookie,Snack,Bangsaen,Chonburi,East,3,80,240
E01635,3,2026-08-04,2026,2026-08,Tea,Drink,Bangsaen,Chonburi,East,3,50,150
E01636,1,2026-08-14,2026,2026-08,Tea,Drink,Nimman,Chiang Mai,North,4,50,200
E01636,2,2026-08-14,2026,2026-08,Sandwich,Food,Nimman,Chiang Mai,North,5,100,500
E01636,3,2026-08-14,2026,2026-08,Cocoa,Drink,Nimman,Chiang Mai,North,5,60,300
E01637,1,2026-10-21,2026,2026-10,Cookie,Snack,Pattaya,Chonburi,East,1,80,80
E01637,2,2026-10-21,2026,2026-10,Tea,Drink,Pattaya,Chonburi,East,2,50,100
E01638,1,2026-09-14,2026,2026-09,Cocoa,Drink,Siam,Bangkok,Central,3,60,180
E01639,1,2026-08-28,2026,2026-08,Cookie,Snack,Nimman,Chiang Mai,North,1,80,80
E01640,1,2026-08-10,2026,2026-08,Brownie,Snack,Pattaya,Chonburi,East,2,90,180
E01641,1,2026-09-28,2026,2026-09,Coffee,Drink,Pattaya,Chonburi,East,5,65,325
E01641,2,2026-09-28,2026,2026-09,Cocoa,Drink,Pattaya,Chonburi,East,1,60,60
E01641,3,2026-09-28,2026,2026-09,Brownie,Snack,Pattaya,Chonburi,East,4,90,360
E01642,1,2026-08-08,2026,2026-08,Sandwich,Food,Siam,Bangkok,Central,2,100,200
E01643,1,2026-08-15,2026,2026-08,Cocoa,Drink,Ari,Bangkok,Central,5,60,300
E01643,2,2026-08-15,2026,2026-08,Tea,Drink,Ari,Bangkok,Central,5,50,250
E01644,1,2026-10-06,2026,2026-10,Cocoa,Drink,Bangsaen,Chonburi,East,2,60,120
E01644,2,2026-10-06,2026,2026-10,Sandwich,Food,Bangsaen,Chonburi,East,1,100,100
E01645,1,2026-08-01,2026,2026-08,Cocoa,Drink,Nimman,Chiang Mai,North,3,60,180
E01645,2,2026-08-01,2026,2026-08,Brownie,Snack,Nimman,Chiang Mai,North,1,90,90
E01645,3,2026-08-01,2026,2026-08,Coffee,Drink,Nimman,Chiang Mai,North,2,65,130
E01646,1,2026-10-31,2026,2026-10,Tea,Drink,Bangsaen,Chonburi,East,3,50,150
E01646,2,2026-10-31,2026,2026-10,Brownie,Snack,Bangsaen,Chonburi,East,2,90,180
E01647,1,2026-08-06,2026,2026-08,Sandwich,Food,Siam,Bangkok,Central,5,100,500
E01647,2,2026-08-06,2026,2026-08,Tea,Drink,Siam,Bangkok,Central,1,50,50
E01648,1,2026-10-27,2026,2026-10,Coffee,Drink,Ari,Bangkok,Central,1,65,65
E01648,2,2026-10-27,2026,2026-10,Sandwich,Food,Ari,Bangkok,Central,1,100,100
E01648,3,2026-10-27,2026,2026-10,Cookie,Snack,Ari,Bangkok,Central,5,80,400
E01649,1,2026-09-25,2026,2026-09,Sandwich,Food,Bangsaen,Chonburi,East,4,100,400
E01649,2,2026-09-25,2026,2026-09,Cookie,Snack,Bangsaen,Chonburi,East,5,80,400
E01650,1,2026-09-12,2026,2026-09,Tea,Drink,Nimman,Chiang Mai,North,2,50,100
E01650,2,2026-09-12,2026,2026-09,Cocoa,Drink,Nimman,Chiang Mai,North,3,60,180
E01651,1,2026-08-07,2026,2026-08,Sandwich,Food,Muang Rayong,Rayong,East,1,100,100
E01652,1,2026-09-06,2026,2026-09,Brownie,Snack,Nimman,Chiang Mai,North,4,90,360
E01652,2,2026-09-06,2026,2026-09,Cookie,Snack,Nimman,Chiang Mai,North,4,80,320
E01652,3,2026-09-06,2026,2026-09,Tea,Drink,Nimman,Chiang Mai,North,3,50,150
E01653,1,2026-08-24,2026,2026-08,Brownie,Snack,Bangsaen,Chonburi,East,3,90,270
E01654,1,2026-10-23,2026,2026-10,Brownie,Snack,Nimman,Chiang Mai,North,3,90,270
E01655,1,2026-09-04,2026,2026-09,Sandwich,Food,Nimman,Chiang Mai,North,5,100,500
E01655,2,2026-09-04,2026,2026-09,Cookie,Snack,Nimman,Chiang Mai,North,5,80,400
E01656,1,2026-10-11,2026,2026-10,Cocoa,Drink,Ari,Bangkok,Central,4,60,240
E01657,1,2026-10-30,2026,2026-10,Coffee,Drink,Muang Rayong,Rayong,East,1,65,65
E01657,2,2026-10-30,2026,2026-10,Cocoa,Drink,Muang Rayong,Rayong,East,5,60,300
E01658,1,2026-09-04,2026,2026-09,Coffee,Drink,Ari,Bangkok,Central,2,65,130
E01659,1,2026-08-23,2026,2026-08,Sandwich,Food,Ari,Bangkok,Central,3,100,300
E01659,2,2026-08-23,2026,2026-08,Cocoa,Drink,Ari,Bangkok,Central,1,60,60
E01659,3,2026-08-23,2026,2026-08,Coffee,Drink,Ari,Bangkok,Central,5,65,325
E01660,1,2026-10-12,2026,2026-10,Sandwich,Food,Muang Rayong,Rayong,East,1,100,100
E01660,2,2026-10-12,2026,2026-10,Brownie,Snack,Muang Rayong,Rayong,East,5,90,450
E01661,1,2026-09-26,2026,2026-09,Cocoa,Drink,Muang Rayong,Rayong,East,4,60,240
E01661,2,2026-09-26,2026,2026-09,Coffee,Drink,Muang Rayong,Rayong,East,3,65,195
E01662,1,2026-09-14,2026,2026-09,Cookie,Snack,Nimman,Chiang Mai,North,3,80,240
E01662,2,2026-09-14,2026,2026-09,Coffee,Drink,Nimman,Chiang Mai,North,4,65,260
E01663,1,2026-10-13,2026,2026-10,Sandwich,Food,Bangsaen,Chonburi,East,1,100,100
E01663,2,2026-10-13,2026,2026-10,Coffee,Drink,Bangsaen,Chonburi,East,3,65,195
E01663,3,2026-10-13,2026,2026-10,Tea,Drink,Bangsaen,Chonburi,East,2,50,100
E01664,1,2026-08-25,2026,2026-08,Brownie,Snack,Nimman,Chiang Mai,North,4,90,360
E01665,1,2026-09-05,2026,2026-09,Cookie,Snack,Nimman,Chiang Mai,North,5,80,400
E01666,1,2026-10-08,2026,2026-10,Brownie,Snack,Pattaya,Chonburi,East,4,90,360
E01666,2,2026-10-08,2026,2026-10,Tea,Drink,Pattaya,Chonburi,East,3,50,150
E01667,1,2026-09-29,2026,2026-09,Coffee,Drink,Ari,Bangkok,Central,4,65,260
E01667,2,2026-09-29,2026,2026-09,Cookie,Snack,Ari,Bangkok,Central,2,80,160
E01668,1,2026-10-23,2026,2026-10,Cocoa,Drink,Muang Rayong,Rayong,East,4,60,240
E01669,1,2026-10-08,2026,2026-10,Cookie,Snack,Muang Rayong,Rayong,East,1,80,80
E01669,2,2026-10-08,2026,2026-10,Sandwich,Food,Muang Rayong,Rayong,East,5,100,500
E01669,3,2026-10-08,2026,2026-10,Cocoa,Drink,Muang Rayong,Rayong,East,3,60,180
E01670,1,2026-09-20,2026,2026-09,Cocoa,Drink,Pattaya,Chonburi,East,1,60,60
E01670,2,2026-09-20,2026,2026-09,Tea,Drink,Pattaya,Chonburi,East,4,50,200
E01670,3,2026-09-20,2026,2026-09,Sandwich,Food,Pattaya,Chonburi,East,4,100,400
E01671,1,2026-10-20,2026,2026-10,Sandwich,Food,Bangsaen,Chonburi,East,4,100,400
E01671,2,2026-10-20,2026,2026-10,Coffee,Drink,Bangsaen,Chonburi,East,4,65,260
E01672,1,2026-10-20,2026,2026-10,Cookie,Snack,Pattaya,Chonburi,East,1,80,80
E01672,2,2026-10-20,2026,2026-10,Coffee,Drink,Pattaya,Chonburi,East,1,65,65
E01673,1,2026-09-09,2026,2026-09,Coffee,Drink,Muang Rayong,Rayong,East,1,65,65
E01674,1,2026-08-23,2026,2026-08,Cookie,Snack,Siam,Bangkok,Central,5,80,400
E01675,1,2026-10-30,2026,2026-10,Cocoa,Drink,Siam,Bangkok,Central,1,60,60
E01675,2,2026-10-30,2026,2026-10,Tea,Drink,Siam,Bangkok,Central,4,50,200
E01676,1,2026-10-22,2026,2026-10,Sandwich,Food,Ari,Bangkok,Central,1,100,100
E01676,2,2026-10-22,2026,2026-10,Coffee,Drink,Ari,Bangkok,Central,1,65,65
E01677,1,2026-09-13,2026,2026-09,Brownie,Snack,Ari,Bangkok,Central,5,90,450
E01677,2,2026-09-13,2026,2026-09,Sandwich,Food,Ari,Bangkok,Central,5,100,500
E01677,3,2026-09-13,2026,2026-09,Cocoa,Drink,Ari,Bangkok,Central,5,60,300
E01678,1,2026-10-29,2026,2026-10,Coffee,Drink,Siam,Bangkok,Central,1,65,65
E01679,1,2026-10-18,2026,2026-10,Coffee,Drink,Ari,Bangkok,Central,3,65,195
E01679,2,2026-10-18,2026,2026-10,Cookie,Snack,Ari,Bangkok,Central,4,80,320
E01679,3,2026-10-18,2026,2026-10,Cocoa,Drink,Ari,Bangkok,Central,4,60,240
E01680,1,2026-08-17,2026,2026-08,Cocoa,Drink,Ari,Bangkok,Central,3,60,180
E01680,2,2026-08-17,2026,2026-08,Cookie,Snack,Ari,Bangkok,Central,2,80,160
E01680,3,2026-08-17,2026,2026-08,Sandwich,Food,Ari,Bangkok,Central,4,100,400
E01681,1,2026-08-07,2026,2026-08,Sandwich,Food,Muang Rayong,Rayong,East,1,100,100
E01682,1,2026-09-11,2026,2026-09,Cookie,Snack,Pattaya,Chonburi,East,1,80,80
E01682,2,2026-09-11,2026,2026-09,Brownie,Snack,Pattaya,Chonburi,East,5,90,450
E01683,1,2026-09-29,2026,2026-09,Coffee,Drink,Muang Rayong,Rayong,East,1,65,65
E01684,1,2026-09-10,2026,2026-09,Cookie,Snack,Muang Rayong,Rayong,East,1,80,80
E01685,1,2026-09-09,2026,2026-09,Brownie,Snack,Siam,Bangkok,Central,1,90,90
E01686,1,2026-10-23,2026,2026-10,Brownie,Snack,Siam,Bangkok,Central,4,90,360
E01686,2,2026-10-23,2026,2026-10,Sandwich,Food,Siam,Bangkok,Central,2,100,200
E01687,1,2026-08-17,2026,2026-08,Sandwich,Food,Ari,Bangkok,Central,1,100,100
E01688,1,2026-08-15,2026,2026-08,Tea,Drink,Ari,Bangkok,Central,5,50,250
E01688,2,2026-08-15,2026,2026-08,Brownie,Snack,Ari,Bangkok,Central,5,90,450
E01688,3,2026-08-15,2026,2026-08,Cookie,Snack,Ari,Bangkok,Central,1,80,80
E01689,1,2026-08-16,2026,2026-08,Cookie,Snack,Siam,Bangkok,Central,1,80,80
E01690,1,2026-08-12,2026,2026-08,Cocoa,Drink,Siam,Bangkok,Central,1,60,60
E01690,2,2026-08-12,2026,2026-08,Sandwich,Food,Siam,Bangkok,Central,3,100,300
E01690,3,2026-08-12,2026,2026-08,Cookie,Snack,Siam,Bangkok,Central,5,80,400
E01691,1,2026-10-16,2026,2026-10,Cocoa,Drink,Muang Rayong,Rayong,East,3,60,180
E01692,1,2026-10-05,2026,2026-10,Brownie,Snack,Pattaya,Chonburi,East,5,90,450
E01692,2,2026-10-05,2026,2026-10,Cookie,Snack,Pattaya,Chonburi,East,3,80,240
E01692,3,2026-10-05,2026,2026-10,Coffee,Drink,Pattaya,Chonburi,East,5,65,325
E01693,1,2026-09-21,2026,2026-09,Coffee,Drink,Pattaya,Chonburi,East,1,65,65
E01693,2,2026-09-21,2026,2026-09,Sandwich,Food,Pattaya,Chonburi,East,1,100,100
E01693,3,2026-09-21,2026,2026-09,Cocoa,Drink,Pattaya,Chonburi,East,2,60,120
E01694,1,2026-09-09,2026,2026-09,Coffee,Drink,Siam,Bangkok,Central,2,65,130
E01695,1,2026-10-12,2026,2026-10,Tea,Drink,Siam,Bangkok,Central,4,50,200
E01695,2,2026-10-12,2026,2026-10,Brownie,Snack,Siam,Bangkok,Central,1,90,90
E01696,1,2026-10-07,2026,2026-10,Cookie,Snack,Muang Rayong,Rayong,East,1,80,80
E01696,2,2026-10-07,2026,2026-10,Sandwich,Food,Muang Rayong,Rayong,East,3,100,300
E01697,1,2026-08-14,2026,2026-08,Brownie,Snack,Bangsaen,Chonburi,East,3,90,270
E01697,2,2026-08-14,2026,2026-08,Cocoa,Drink,Bangsaen,Chonburi,East,2,60,120
E01698,1,2026-09-28,2026,2026-09,Sandwich,Food,Ari,Bangkok,Central,2,100,200
E01698,2,2026-09-28,2026,2026-09,Cocoa,Drink,Ari,Bangkok,Central,5,60,300
E01699,1,2026-09-14,2026,2026-09,Brownie,Snack,Ari,Bangkok,Central,2,90,180
E01699,2,2026-09-14,2026,2026-09,Cocoa,Drink,Ari,Bangkok,Central,5,60,300
E01700,1,2026-09-13,2026,2026-09,Brownie,Snack,Ari,Bangkok,Central,1,90,90
E01701,1,2026-08-24,2026,2026-08,Sandwich,Food,Bangsaen,Chonburi,East,3,100,300
E01701,2,2026-08-24,2026,2026-08,Cocoa,Drink,Bangsaen,Chonburi,East,3,60,180
E01702,1,2026-10-13,2026,2026-10,Tea,Drink,Siam,Bangkok,Central,2,50,100
E01702,2,2026-10-13,2026,2026-10,Coffee,Drink,Siam,Bangkok,Central,2,65,130
E01703,1,2026-10-20,2026,2026-10,Cocoa,Drink,Nimman,Chiang Mai,North,1,60,60
E01703,2,2026-10-20,2026,2026-10,Cookie,Snack,Nimman,Chiang Mai,North,1,80,80
E01704,1,2026-10-08,2026,2026-10,Brownie,Snack,Nimman,Chiang Mai,North,5,90,450
E01704,2,2026-10-08,2026,2026-10,Cocoa,Drink,Nimman,Chiang Mai,North,2,60,120
E01704,3,2026-10-08,2026,2026-10,Coffee,Drink,Nimman,Chiang Mai,North,2,65,130
E01705,1,2026-08-05,2026,2026-08,Tea,Drink,Nimman,Chiang Mai,North,4,50,200
E01706,1,2026-08-28,2026,2026-08,Brownie,Snack,Nimman,Chiang Mai,North,2,90,180
E01707,1,2026-10-27,2026,2026-10,Tea,Drink,Muang Rayong,Rayong,East,5,50,250
E01707,2,2026-10-27,2026,2026-10,Coffee,Drink,Muang Rayong,Rayong,East,2,65,130
E01708,1,2026-10-02,2026,2026-10,Coffee,Drink,Ari,Bangkok,Central,2,65,130
E01709,1,2026-08-09,2026,2026-08,Sandwich,Food,Bangsaen,Chonburi,East,2,100,200
E01710,1,2026-08-28,2026,2026-08,Cocoa,Drink,Muang Rayong,Rayong,East,1,60,60
E01710,2,2026-08-28,2026,2026-08,Brownie,Snack,Muang Rayong,Rayong,East,5,90,450
E01711,1,2026-10-22,2026,2026-10,Brownie,Snack,Bangsaen,Chonburi,East,2,90,180
E01712,1,2026-09-11,2026,2026-09,Cookie,Snack,Pattaya,Chonburi,East,3,80,240
E01713,1,2026-08-10,2026,2026-08,Sandwich,Food,Ari,Bangkok,Central,4,100,400
E01714,1,2026-10-11,2026,2026-10,Cocoa,Drink,Ari,Bangkok,Central,5,60,300
E01714,2,2026-10-11,2026,2026-10,Tea,Drink,Ari,Bangkok,Central,4,50,200
E01715,1,2026-09-01,2026,2026-09,Tea,Drink,Muang Rayong,Rayong,East,4,50,200
E01715,2,2026-09-01,2026,2026-09,Brownie,Snack,Muang Rayong,Rayong,East,1,90,90
E01715,3,2026-09-01,2026,2026-09,Cookie,Snack,Muang Rayong,Rayong,East,1,80,80
E01716,1,2026-08-15,2026,2026-08,Brownie,Snack,Ari,Bangkok,Central,3,90,270
E01716,2,2026-08-15,2026,2026-08,Cocoa,Drink,Ari,Bangkok,Central,1,60,60
E01716,3,2026-08-15,2026,2026-08,Coffee,Drink,Ari,Bangkok,Central,4,65,260
E01717,1,2026-10-19,2026,2026-10,Coffee,Drink,Pattaya,Chonburi,East,1,65,65
E01718,1,2026-08-20,2026,2026-08,Cookie,Snack,Nimman,Chiang Mai,North,5,80,400
E01718,2,2026-08-20,2026,2026-08,Brownie,Snack,Nimman,Chiang Mai,North,3,90,270
E01719,1,2026-09-05,2026,2026-09,Coffee,Drink,Muang Rayong,Rayong,East,3,65,195
E01719,2,2026-09-05,2026,2026-09,Sandwich,Food,Muang Rayong,Rayong,East,4,100,400
E01719,3,2026-09-05,2026,2026-09,Tea,Drink,Muang Rayong,Rayong,East,4,50,200
E01720,1,2026-10-31,2026,2026-10,Cocoa,Drink,Pattaya,Chonburi,East,2,60,120
E01721,1,2026-10-04,2026,2026-10,Brownie,Snack,Ari,Bangkok,Central,5,90,450
E01722,1,2026-09-15,2026,2026-09,Cocoa,Drink,Pattaya,Chonburi,East,2,60,120
E01722,2,2026-09-15,2026,2026-09,Cookie,Snack,Pattaya,Chonburi,East,1,80,80
E01723,1,2026-09-09,2026,2026-09,Sandwich,Food,Ari,Bangkok,Central,2,100,200
E01724,1,2026-09-03,2026,2026-09,Tea,Drink,Nimman,Chiang Mai,North,1,50,50
E01725,1,2026-08-02,2026,2026-08,Cookie,Snack,Muang Rayong,Rayong,East,1,80,80
E01725,2,2026-08-02,2026,2026-08,Cocoa,Drink,Muang Rayong,Rayong,East,5,60,300
E01725,3,2026-08-02,2026,2026-08,Coffee,Drink,Muang Rayong,Rayong,East,5,65,325
E01726,1,2026-10-28,2026,2026-10,Cookie,Snack,Bangsaen,Chonburi,East,2,80,160
E01726,2,2026-10-28,2026,2026-10,Sandwich,Food,Bangsaen,Chonburi,East,3,100,300
E01726,3,2026-10-28,2026,2026-10,Brownie,Snack,Bangsaen,Chonburi,East,3,90,270
E01727,1,2026-08-25,2026,2026-08,Sandwich,Food,Pattaya,Chonburi,East,5,100,500
E01727,2,2026-08-25,2026,2026-08,Tea,Drink,Pattaya,Chonburi,East,2,50,100
E01727,3,2026-08-25,2026,2026-08,Brownie,Snack,Pattaya,Chonburi,East,1,90,90
E01728,1,2026-10-13,2026,2026-10,Brownie,Snack,Siam,Bangkok,Central,2,90,180
E01728,2,2026-10-13,2026,2026-10,Sandwich,Food,Siam,Bangkok,Central,3,100,300
E01728,3,2026-10-13,2026,2026-10,Coffee,Drink,Siam,Bangkok,Central,5,65,325
E01729,1,2026-10-07,2026,2026-10,Tea,Drink,Ari,Bangkok,Central,3,50,150
E01729,2,2026-10-07,2026,2026-10,Cookie,Snack,Ari,Bangkok,Central,3,80,240
E01730,1,2026-09-17,2026,2026-09,Cookie,Snack,Bangsaen,Chonburi,East,1,80,80
E01730,2,2026-09-17,2026,2026-09,Coffee,Drink,Bangsaen,Chonburi,East,2,65,130
E01730,3,2026-09-17,2026,2026-09,Sandwich,Food,Bangsaen,Chonburi,East,3,100,300
E01731,1,2026-08-15,2026,2026-08,Cookie,Snack,Muang Rayong,Rayong,East,5,80,400
E01732,1,2026-10-14,2026,2026-10,Coffee,Drink,Bangsaen,Chonburi,East,3,65,195
E01732,2,2026-10-14,2026,2026-10,Tea,Drink,Bangsaen,Chonburi,East,1,50,50
E01733,1,2026-10-30,2026,2026-10,Tea,Drink,Ari,Bangkok,Central,2,50,100
E01733,2,2026-10-30,2026,2026-10,Cocoa,Drink,Ari,Bangkok,Central,5,60,300
E01733,3,2026-10-30,2026,2026-10,Brownie,Snack,Ari,Bangkok,Central,1,90,90
E01734,1,2026-08-24,2026,2026-08,Cookie,Snack,Nimman,Chiang Mai,North,2,80,160
E01734,2,2026-08-24,2026,2026-08,Coffee,Drink,Nimman,Chiang Mai,North,5,65,325
E01735,1,2026-10-30,2026,2026-10,Cocoa,Drink,Ari,Bangkok,Central,5,60,300
E01735,2,2026-10-30,2026,2026-10,Tea,Drink,Ari,Bangkok,Central,1,50,50
E01735,3,2026-10-30,2026,2026-10,Cookie,Snack,Ari,Bangkok,Central,5,80,400
E01736,1,2026-09-02,2026,2026-09,Sandwich,Food,Siam,Bangkok,Central,3,100,300
E01736,2,2026-09-02,2026,2026-09,Coffee,Drink,Siam,Bangkok,Central,3,65,195
E01737,1,2026-10-23,2026,2026-10,Brownie,Snack,Siam,Bangkok,Central,2,90,180
E01737,2,2026-10-23,2026,2026-10,Sandwich,Food,Siam,Bangkok,Central,3,100,300
E01738,1,2026-08-30,2026,2026-08,Sandwich,Food,Nimman,Chiang Mai,North,2,100,200
E01738,2,2026-08-30,2026,2026-08,Coffee,Drink,Nimman,Chiang Mai,North,3,65,195
E01739,1,2026-08-13,2026,2026-08,Cookie,Snack,Pattaya,Chonburi,East,1,80,80
E01739,2,2026-08-13,2026,2026-08,Sandwich,Food,Pattaya,Chonburi,East,1,100,100
E01740,1,2026-08-03,2026,2026-08,Tea,Drink,Nimman,Chiang Mai,North,4,50,200
E01741,1,2026-10-26,2026,2026-10,Tea,Drink,Siam,Bangkok,Central,1,50,50
E01741,2,2026-10-26,2026,2026-10,Brownie,Snack,Siam,Bangkok,Central,1,90,90
E01741,3,2026-10-26,2026,2026-10,Sandwich,Food,Siam,Bangkok,Central,5,100,500
E01742,1,2026-09-07,2026,2026-09,Tea,Drink,Pattaya,Chonburi,East,1,50,50
E01742,2,2026-09-07,2026,2026-09,Cocoa,Drink,Pattaya,Chonburi,East,4,60,240
E01742,3,2026-09-07,2026,2026-09,Cookie,Snack,Pattaya,Chonburi,East,1,80,80
E01743,1,2026-10-15,2026,2026-10,Cookie,Snack,Ari,Bangkok,Central,1,80,80
E01743,2,2026-10-15,2026,2026-10,Cocoa,Drink,Ari,Bangkok,Central,3,60,180
E01743,3,2026-10-15,2026,2026-10,Sandwich,Food,Ari,Bangkok,Central,5,100,500
E01744,1,2026-10-27,2026,2026-10,Cookie,Snack,Bangsaen,Chonburi,East,1,80,80
E01744,2,2026-10-27,2026,2026-10,Tea,Drink,Bangsaen,Chonburi,East,2,50,100
E01745,1,2026-09-27,2026,2026-09,Cocoa,Drink,Ari,Bangkok,Central,1,60,60
E01746,1,2026-10-29,2026,2026-10,Sandwich,Food,Ari,Bangkok,Central,1,100,100
E01747,1,2026-10-02,2026,2026-10,Brownie,Snack,Siam,Bangkok,Central,2,90,180
E01748,1,2026-08-26,2026,2026-08,Coffee,Drink,Pattaya,Chonburi,East,2,65,130
E01748,2,2026-08-26,2026,2026-08,Tea,Drink,Pattaya,Chonburi,East,2,50,100
E01748,3,2026-08-26,2026,2026-08,Cocoa,Drink,Pattaya,Chonburi,East,2,60,120
E01749,1,2026-09-18,2026,2026-09,Sandwich,Food,Ari,Bangkok,Central,5,100,500
E01749,2,2026-09-18,2026,2026-09,Cookie,Snack,Ari,Bangkok,Central,4,80,320
E01749,3,2026-09-18,2026,2026-09,Coffee,Drink,Ari,Bangkok,Central,4,65,260
E01750,1,2026-09-28,2026,2026-09,Coffee,Drink,Siam,Bangkok,Central,2,65,130
E01750,2,2026-09-28,2026,2026-09,Sandwich,Food,Siam,Bangkok,Central,4,100,400
E01750,3,2026-09-28,2026,2026-09,Brownie,Snack,Siam,Bangkok,Central,4,90,360
E01751,1,2026-09-01,2026,2026-09,Cookie,Snack,Bangsaen,Chonburi,East,5,80,400
E01752,1,2026-08-11,2026,2026-08,Sandwich,Food,Muang Rayong,Rayong,East,2,100,200
E01752,2,2026-08-11,2026,2026-08,Coffee,Drink,Muang Rayong,Rayong,East,1,65,65
E01753,1,2026-09-08,2026,2026-09,Tea,Drink,Pattaya,Chonburi,East,3,50,150
E01753,2,2026-09-08,2026,2026-09,Brownie,Snack,Pattaya,Chonburi,East,3,90,270
E01753,3,2026-09-08,2026,2026-09,Coffee,Drink,Pattaya,Chonburi,East,3,65,195
E01754,1,2026-08-11,2026,2026-08,Brownie,Snack,Ari,Bangkok,Central,2,90,180
E01754,2,2026-08-11,2026,2026-08,Cookie,Snack,Ari,Bangkok,Central,1,80,80
E01754,3,2026-08-11,2026,2026-08,Coffee,Drink,Ari,Bangkok,Central,3,65,195
E01755,1,2026-09-10,2026,2026-09,Sandwich,Food,Siam,Bangkok,Central,1,100,100
E01755,2,2026-09-10,2026,2026-09,Brownie,Snack,Siam,Bangkok,Central,5,90,450
E01756,1,2026-09-08,2026,2026-09,Coffee,Drink,Bangsaen,Chonburi,East,1,65,65
E01756,2,2026-09-08,2026,2026-09,Cookie,Snack,Bangsaen,Chonburi,East,5,80,400
E01756,3,2026-09-08,2026,2026-09,Brownie,Snack,Bangsaen,Chonburi,East,1,90,90
E01757,1,2026-08-04,2026,2026-08,Brownie,Snack,Muang Rayong,Rayong,East,1,90,90
E01757,2,2026-08-04,2026,2026-08,Cookie,Snack,Muang Rayong,Rayong,East,4,80,320
E01757,3,2026-08-04,2026,2026-08,Cocoa,Drink,Muang Rayong,Rayong,East,3,60,180
E01758,1,2026-10-12,2026,2026-10,Tea,Drink,Ari,Bangkok,Central,2,50,100
E01758,2,2026-10-12,2026,2026-10,Brownie,Snack,Ari,Bangkok,Central,1,90,90
E01758,3,2026-10-12,2026,2026-10,Cookie,Snack,Ari,Bangkok,Central,4,80,320
E01759,1,2026-10-25,2026,2026-10,Tea,Drink,Nimman,Chiang Mai,North,5,50,250
E01760,1,2026-08-20,2026,2026-08,Brownie,Snack,Nimman,Chiang Mai,North,2,90,180
E01760,2,2026-08-20,2026,2026-08,Sandwich,Food,Nimman,Chiang Mai,North,2,100,200
E01760,3,2026-08-20,2026,2026-08,Tea,Drink,Nimman,Chiang Mai,North,1,50,50
E01761,1,2026-09-29,2026,2026-09,Cookie,Snack,Muang Rayong,Rayong,East,3,80,240
E01762,1,2026-09-01,2026,2026-09,Cookie,Snack,Bangsaen,Chonburi,East,5,80,400
E01762,2,2026-09-01,2026,2026-09,Brownie,Snack,Bangsaen,Chonburi,East,4,90,360
E01762,3,2026-09-01,2026,2026-09,Cocoa,Drink,Bangsaen,Chonburi,East,4,60,240
E01763,1,2026-10-24,2026,2026-10,Coffee,Drink,Siam,Bangkok,Central,3,65,195
E01763,2,2026-10-24,2026,2026-10,Cookie,Snack,Siam,Bangkok,Central,1,80,80
E01763,3,2026-10-24,2026,2026-10,Sandwich,Food,Siam,Bangkok,Central,3,100,300
E01764,1,2026-10-06,2026,2026-10,Sandwich,Food,Ari,Bangkok,Central,1,100,100
E01764,2,2026-10-06,2026,2026-10,Cocoa,Drink,Ari,Bangkok,Central,3,60,180
E01764,3,2026-10-06,2026,2026-10,Tea,Drink,Ari,Bangkok,Central,1,50,50
E01765,1,2026-09-18,2026,2026-09,Brownie,Snack,Nimman,Chiang Mai,North,1,90,90
E01765,2,2026-09-18,2026,2026-09,Coffee,Drink,Nimman,Chiang Mai,North,2,65,130
E01765,3,2026-09-18,2026,2026-09,Cocoa,Drink,Nimman,Chiang Mai,North,1,60,60
E01766,1,2026-09-04,2026,2026-09,Brownie,Snack,Ari,Bangkok,Central,5,90,450
E01767,1,2026-08-15,2026,2026-08,Coffee,Drink,Muang Rayong,Rayong,East,4,65,260
E01767,2,2026-08-15,2026,2026-08,Cookie,Snack,Muang Rayong,Rayong,East,3,80,240
E01768,1,2026-10-03,2026,2026-10,Sandwich,Food,Ari,Bangkok,Central,3,100,300
E01768,2,2026-10-03,2026,2026-10,Coffee,Drink,Ari,Bangkok,Central,3,65,195
E01768,3,2026-10-03,2026,2026-10,Cocoa,Drink,Ari,Bangkok,Central,5,60,300
E01769,1,2026-08-13,2026,2026-08,Sandwich,Food,Bangsaen,Chonburi,East,3,100,300
E01769,2,2026-08-13,2026,2026-08,Tea,Drink,Bangsaen,Chonburi,East,1,50,50
E01770,1,2026-08-14,2026,2026-08,Coffee,Drink,Muang Rayong,Rayong,East,2,65,130
E01770,2,2026-08-14,2026,2026-08,Sandwich,Food,Muang Rayong,Rayong,East,2,100,200
E01770,3,2026-08-14,2026,2026-08,Brownie,Snack,Muang Rayong,Rayong,East,5,90,450
E01771,1,2026-08-02,2026,2026-08,Cocoa,Drink,Nimman,Chiang Mai,North,5,60,300
E01771,2,2026-08-02,2026,2026-08,Sandwich,Food,Nimman,Chiang Mai,North,1,100,100
E01771,3,2026-08-02,2026,2026-08,Tea,Drink,Nimman,Chiang Mai,North,3,50,150
E01772,1,2026-10-07,2026,2026-10,Cookie,Snack,Bangsaen,Chonburi,East,4,80,320
E01772,2,2026-10-07,2026,2026-10,Tea,Drink,Bangsaen,Chonburi,East,1,50,50
E01773,1,2026-09-28,2026,2026-09,Sandwich,Food,Siam,Bangkok,Central,4,100,400
E01774,1,2026-09-17,2026,2026-09,Tea,Drink,Bangsaen,Chonburi,East,4,50,200
E01774,2,2026-09-17,2026,2026-09,Coffee,Drink,Bangsaen,Chonburi,East,5,65,325
E01774,3,2026-09-17,2026,2026-09,Cocoa,Drink,Bangsaen,Chonburi,East,4,60,240
E01775,1,2026-10-09,2026,2026-10,Sandwich,Food,Muang Rayong,Rayong,East,1,100,100
E01775,2,2026-10-09,2026,2026-10,Cookie,Snack,Muang Rayong,Rayong,East,5,80,400
E01775,3,2026-10-09,2026,2026-10,Cocoa,Drink,Muang Rayong,Rayong,East,4,60,240
E01776,1,2026-10-09,2026,2026-10,Sandwich,Food,Pattaya,Chonburi,East,4,100,400
E01776,2,2026-10-09,2026,2026-10,Brownie,Snack,Pattaya,Chonburi,East,1,90,90
E01777,1,2026-08-21,2026,2026-08,Brownie,Snack,Ari,Bangkok,Central,5,90,450
E01777,2,2026-08-21,2026,2026-08,Cookie,Snack,Ari,Bangkok,Central,3,80,240
E01777,3,2026-08-21,2026,2026-08,Tea,Drink,Ari,Bangkok,Central,4,50,200
E01778,1,2026-09-04,2026,2026-09,Sandwich,Food,Muang Rayong,Rayong,East,2,100,200
E01778,2,2026-09-04,2026,2026-09,Brownie,Snack,Muang Rayong,Rayong,East,5,90,450
E01779,1,2026-10-29,2026,2026-10,Cookie,Snack,Bangsaen,Chonburi,East,1,80,80
E01779,2,2026-10-29,2026,2026-10,Coffee,Drink,Bangsaen,Chonburi,East,1,65,65
E01780,1,2026-10-12,2026,2026-10,Brownie,Snack,Nimman,Chiang Mai,North,5,90,450
E01781,1,2026-10-18,2026,2026-10,Tea,Drink,Bangsaen,Chonburi,East,5,50,250
E01781,2,2026-10-18,2026,2026-10,Cookie,Snack,Bangsaen,Chonburi,East,4,80,320
E01781,3,2026-10-18,2026,2026-10,Cocoa,Drink,Bangsaen,Chonburi,East,5,60,300
E01782,1,2026-10-19,2026,2026-10,Coffee,Drink,Pattaya,Chonburi,East,3,65,195
E01782,2,2026-10-19,2026,2026-10,Cookie,Snack,Pattaya,Chonburi,East,5,80,400
E01782,3,2026-10-19,2026,2026-10,Cocoa,Drink,Pattaya,Chonburi,East,5,60,300
E01783,1,2026-08-06,2026,2026-08,Sandwich,Food,Pattaya,Chonburi,East,1,100,100
E01783,2,2026-08-06,2026,2026-08,Brownie,Snack,Pattaya,Chonburi,East,1,90,90
E01783,3,2026-08-06,2026,2026-08,Coffee,Drink,Pattaya,Chonburi,East,4,65,260
E01784,1,2026-10-31,2026,2026-10,Tea,Drink,Nimman,Chiang Mai,North,4,50,200
E01784,2,2026-10-31,2026,2026-10,Brownie,Snack,Nimman,Chiang Mai,North,4,90,360
E01784,3,2026-10-31,2026,2026-10,Coffee,Drink,Nimman,Chiang Mai,North,5,65,325
E01785,1,2026-10-19,2026,2026-10,Sandwich,Food,Muang Rayong,Rayong,East,1,100,100
E01785,2,2026-10-19,2026,2026-10,Tea,Drink,Muang Rayong,Rayong,East,1,50,50
E01785,3,2026-10-19,2026,2026-10,Brownie,Snack,Muang Rayong,Rayong,East,3,90,270
E01786,1,2026-08-29,2026,2026-08,Brownie,Snack,Ari,Bangkok,Central,3,90,270
E01786,2,2026-08-29,2026,2026-08,Tea,Drink,Ari,Bangkok,Central,4,50,200
E01787,1,2026-08-10,2026,2026-08,Cocoa,Drink,Nimman,Chiang Mai,North,2,60,120
E01787,2,2026-08-10,2026,2026-08,Coffee,Drink,Nimman,Chiang Mai,North,1,65,65
E01787,3,2026-08-10,2026,2026-08,Tea,Drink,Nimman,Chiang Mai,North,2,50,100
E01788,1,2026-08-16,2026,2026-08,Cookie,Snack,Siam,Bangkok,Central,5,80,400
E01788,2,2026-08-16,2026,2026-08,Tea,Drink,Siam,Bangkok,Central,5,50,250
E01789,1,2026-10-20,2026,2026-10,Cocoa,Drink,Siam,Bangkok,Central,3,60,180
E01789,2,2026-10-20,2026,2026-10,Tea,Drink,Siam,Bangkok,Central,5,50,250
E01790,1,2026-10-07,2026,2026-10,Coffee,Drink,Ari,Bangkok,Central,5,65,325
E01791,1,2026-10-09,2026,2026-10,Sandwich,Food,Ari,Bangkok,Central,3,100,300
E01791,2,2026-10-09,2026,2026-10,Cocoa,Drink,Ari,Bangkok,Central,5,60,300
E01791,3,2026-10-09,2026,2026-10,Brownie,Snack,Ari,Bangkok,Central,3,90,270
E01792,1,2026-08-13,2026,2026-08,Cocoa,Drink,Ari,Bangkok,Central,3,60,180
E01792,2,2026-08-13,2026,2026-08,Cookie,Snack,Ari,Bangkok,Central,5,80,400
E01792,3,2026-08-13,2026,2026-08,Coffee,Drink,Ari,Bangkok,Central,4,65,260
E01793,1,2026-08-12,2026,2026-08,Sandwich,Food,Pattaya,Chonburi,East,5,100,500
E01794,1,2026-08-01,2026,2026-08,Cookie,Snack,Bangsaen,Chonburi,East,3,80,240
E01794,2,2026-08-01,2026,2026-08,Cocoa,Drink,Bangsaen,Chonburi,East,2,60,120
E01795,1,2026-08-23,2026,2026-08,Cocoa,Drink,Ari,Bangkok,Central,2,60,120
E01795,2,2026-08-23,2026,2026-08,Tea,Drink,Ari,Bangkok,Central,5,50,250
E01796,1,2026-08-30,2026,2026-08,Cookie,Snack,Muang Rayong,Rayong,East,1,80,80
E01797,1,2026-10-27,2026,2026-10,Tea,Drink,Pattaya,Chonburi,East,4,50,200
E01798,1,2026-08-13,2026,2026-08,Coffee,Drink,Muang Rayong,Rayong,East,4,65,260
E01799,1,2026-09-10,2026,2026-09,Coffee,Drink,Nimman,Chiang Mai,North,5,65,325
E01799,2,2026-09-10,2026,2026-09,Sandwich,Food,Nimman,Chiang Mai,North,4,100,400
E01799,3,2026-09-10,2026,2026-09,Cookie,Snack,Nimman,Chiang Mai,North,4,80,320
E01800,1,2026-09-21,2026,2026-09,Coffee,Drink,Muang Rayong,Rayong,East,1,65,65
E01800,2,2026-09-21,2026,2026-09,Sandwich,Food,Muang Rayong,Rayong,East,4,100,400
E01800,3,2026-09-21,2026,2026-09,Brownie,Snack,Muang Rayong,Rayong,East,4,90,360
